$MeshFormat
2.2 0 8
$EndMeshFormat
$Nodes
769
1 1.0000000000000000e+00 1.0000000000000000e+00 1.0000000000000000e+00
2 -1.0000000000000000e+00 1.0000000000000000e+00 1.0000000000000000e+00
3 1.0000000000000000e+00 -1.0000000000000000e+00 1.0000000000000000e+00
4 1.0000000000000000e+00 1.0000000000000000e+00 -1.0000000000000000e+00
5 -1.0000000000000000e+00 -1.0000000000000000e+00 1.0000000000000000e+00
6 -1.0000000000000000e+00 1.0000000000000000e+00 -1.0000000000000000e+00
7 -1.0000000000000000e+00 -1.0000000000000000e+00 -1.0000000000000000e+00
8 1.0000000000000000e+00 -1.0000000000000000e+00 -1.0000000000000000e+00
9 5.5931657552719116e-02 -1.0000000000000000e+00 5.5931657552719116e-02
10 -5.5931657552719116e-02 -1.0000000000000000e+00 5.5931657552719116e-02
11 5.5931657552719116e-02 -3.5685473680496216e-01 5.5931657552719116e-02
12 5.5931657552719116e-02 -1.0000000000000000e+00 -5.5931657552719116e-02
13 -5.5931657552719116e-02 -3.5685473680496216e-01 5.5931657552719116e-02
14 -5.5931657552719116e-02 -1.0000000000000000e+00 -5.5931657552719116e-02
15 -5.5931657552719116e-02 -3.5685473680496216e-01 -5.5931657552719116e-02
16 -1.5863315761089325e-01 -3.5685473680496216e-01 5.5931657552719116e-02
17 5.5931657552719116e-02 -3.5685473680496216e-01 -5.5931657552719116e-02
18 5.5931657552719116e-02 -2.6718997955322266e-01 5.5931657552719116e-02
19 -1.5863315761089325e-01 -3.5685473680496216e-01 -5.5931657552719116e-02
20 5.5931657552719116e-02 -2.6718997955322266e-01 -5.5931657552719116e-02
21 -1.1604979634284973e-01 -2.6718997955322266e-01 -5.5931657552719116e-02
22 -1.1604979634284973e-01 -2.6718997955322266e-01 5.5931657552719116e-02
23 -1.1604979634284973e-01 1.5582275390625000e-01 5.5931657552719116e-02
24 -1.1604979634284973e-01 1.5582275390625000e-01 -5.5931657552719116e-02
25 -1.5863315761089325e-01 1.7983938753604889e-01 -5.5931657552719116e-02
26 -1.5863315761089325e-01 1.5582275390625000e-01 5.5931657552719116e-02
27 -1.5863315761089325e-01 1.7983938753604889e-01 5.5931657552719116e-02
28 -1.1604979634284973e-01 1.7983938753604889e-01 -5.5931657552719116e-02
29 2.3024478554725647e-01 1.5582275390625000e-01 -5.5931657552719116e-02
30 1.8522965908050537e-01 1.7983938753604889e-01 -5.5931657552719116e-02
31 2.3024478554725647e-01 1.5582275390625000e-01 5.5931657552719116e-02
32 1.8522965908050537e-01 1.7983938753604889e-01 5.5931657552719116e-02
33 1.8522965908050537e-01 4.9041491746902466e-01 -5.5931657552719116e-02
34 1.8522965908050537e-01 4.9041491746902466e-01 5.5931657552719116e-02
35 2.3024478554725647e-01 5.3133881092071533e-01 5.5931657552719116e-02
36 2.3024478554725647e-01 5.3133881092071533e-01 -5.5931657552719116e-02
37 -8.3275079727172852e-02 4.9041491746902466e-01 -5.5931657552719116e-02
38 -1.1496636271476746e-01 5.3133881092071533e-01 -5.5931657552719116e-02
39 1.8522965908050537e-01 5.3133881092071533e-01 5.5931657552719116e-02
40 -8.3275079727172852e-02 4.9041491746902466e-01 5.5931657552719116e-02
41 -1.1496636271476746e-01 5.3133881092071533e-01 5.5931657552719116e-02
42 -8.3275079727172852e-02 2.1710336208343506e-01 -5.5931657552719116e-02
43 -1.1496636271476746e-01 2.1710336208343506e-01 -5.5931657552719116e-02
44 -8.3275079727172852e-02 2.1710336208343506e-01 5.5931657552719116e-02
45 -1.1496636271476746e-01 2.1710336208343506e-01 5.5931657552719116e-02
46 3.3333333333333326e-01 1.0000000000000000e+00 1.0000000000000000e+00
47 -3.3333333333333348e-01 1.0000000000000000e+00 1.0000000000000000e+00
48 1.0000000000000000e+00 3.3333333333333326e-01 1.0000000000000000e+00
49 1.0000000000000000e+00 -3.3333333333333348e-01 1.0000000000000000e+00
50 1.0000000000000000e+00 1.0000000000000000e+00 3.3333333333333326e-01
51 1.0000000000000000e+00 1.0000000000000000e+00 -3.3333333333333348e-01
52 -1.0000000000000000e+00 3.3333333333333326e-01 1.0000000000000000e+00
53 -1.0000000000000000e+00 -3.3333333333333348e-01 1.0000000000000000e+00
54 -1.0000000000000000e+00 1.0000000000000000e+00 3.3333333333333326e-01
55 -1.0000000000000000e+00 1.0000000000000000e+00 -3.3333333333333348e-01
56 -3.3333333333333326e-01 -1.0000000000000000e+00 1.0000000000000000e+00
57 3.3333333333333348e-01 -1.0000000000000000e+00 1.0000000000000000e+00
58 -1.0000000000000000e+00 -1.0000000000000000e+00 3.3333333333333326e-01
59 -1.0000000000000000e+00 -1.0000000000000000e+00 -3.3333333333333348e-01
60 1.0000000000000000e+00 -1.0000000000000000e+00 3.3333333333333326e-01
61 1.0000000000000000e+00 -1.0000000000000000e+00 -3.3333333333333348e-01
62 1.8643885850906372e-02 -1.0000000000000000e+00 5.5931657552719116e-02
63 -1.8643885850906372e-02 -1.0000000000000000e+00 5.5931657552719116e-02
64 5.5931657552719116e-02 -9.4153224880045105e-01 5.5931657552719116e-02
65 5.5931657552719116e-02 -8.8306449760090222e-01 5.5931657552719116e-02
66 5.5931657552719116e-02 -8.2459674640135328e-01 5.5931657552719116e-02
67 5.5931657552719116e-02 -7.6612899520180444e-01 5.5931657552719116e-02
68 5.5931657552719116e-02 -7.0766124400225561e-01 5.5931657552719116e-02
69 5.5931657552719116e-02 -6.4919349280270666e-01 5.5931657552719116e-02
70 5.5931657552719116e-02 -5.9072574160315772e-01 5.5931657552719116e-02
71 5.5931657552719116e-02 -5.3225799040360888e-01 5.5931657552719116e-02
72 5.5931657552719116e-02 -4.7379023920405994e-01 5.5931657552719116e-02
73 5.5931657552719116e-02 -4.1532248800451110e-01 5.5931657552719116e-02
74 5.5931657552719116e-02 -1.0000000000000000e+00 1.8643885850906372e-02
75 5.5931657552719116e-02 -1.0000000000000000e+00 -1.8643885850906372e-02
76 -5.5931657552719116e-02 -9.4153224880045105e-01 5.5931657552719116e-02
77 -5.5931657552719116e-02 -8.8306449760090222e-01 5.5931657552719116e-02
78 -5.5931657552719116e-02 -8.2459674640135328e-01 5.5931657552719116e-02
79 -5.5931657552719116e-02 -7.6612899520180444e-01 5.5931657552719116e-02
80 -5.5931657552719116e-02 -7.0766124400225561e-01 5.5931657552719116e-02
81 -5.5931657552719116e-02 -6.4919349280270666e-01 5.5931657552719116e-02
82 -5.5931657552719116e-02 -5.9072574160315772e-01 5.5931657552719116e-02
83 -5.5931657552719116e-02 -5.3225799040360888e-01 5.5931657552719116e-02
84 -5.5931657552719116e-02 -4.7379023920405994e-01 5.5931657552719116e-02
85 -5.5931657552719116e-02 -4.1532248800451110e-01 5.5931657552719116e-02
86 -5.5931657552719116e-02 -1.0000000000000000e+00 1.8643885850906372e-02
87 -5.5931657552719116e-02 -1.0000000000000000e+00 -1.8643885850906372e-02
88 -1.8643885850906372e-02 -3.5685473680496216e-01 5.5931657552719116e-02
89 1.8643885850906372e-02 -3.5685473680496216e-01 5.5931657552719116e-02
90 -5.5931657552719116e-02 -3.5685473680496216e-01 1.8643885850906372e-02
91 -5.5931657552719116e-02 -3.5685473680496216e-01 -1.8643885850906372e-02
92 -9.0165490992539926e-02 -3.5685473680496216e-01 5.5931657552719116e-02
93 -1.2439932417107222e-01 -3.5685473680496216e-01 5.5931657552719116e-02
94 5.5931657552719116e-02 -3.5685473680496216e-01 1.8643885850906372e-02
95 5.5931657552719116e-02 -3.5685473680496216e-01 -1.8643885850906372e-02
96 5.5931657552719116e-02 -3.2696648438771564e-01 5.5931657552719116e-02
97 5.5931657552719116e-02 -2.9707823197046901e-01 5.5931657552719116e-02
98 -1.0000000000000000e+00 -3.3333333333333326e-01 -1.0000000000000000e+00
99 -1.0000000000000000e+00 3.3333333333333348e-01 -1.0000000000000000e+00
100 -3.3333333333333326e-01 -1.0000000000000000e+00 -1.0000000000000000e+00
101 3.3333333333333348e-01 -1.0000000000000000e+00 -1.0000000000000000e+00
102 -3.3333333333333326e-01 1.0000000000000000e+00 -1.0000000000000000e+00
103 3.3333333333333348e-01 1.0000000000000000e+00 -1.0000000000000000e+00
104 1.0000000000000000e+00 3.3333333333333326e-01 -1.0000000000000000e+00
105 1.0000000000000000e+00 -3.3333333333333348e-01 -1.0000000000000000e+00
106 -1.8643885850906372e-02 -1.0000000000000000e+00 -5.5931657552719116e-02
107 1.8643885850906372e-02 -1.0000000000000000e+00 -5.5931657552719116e-02
108 -5.5931657552719116e-02 -9.4153224880045105e-01 -5.5931657552719116e-02
109 -5.5931657552719116e-02 -8.8306449760090222e-01 -5.5931657552719116e-02
110 -5.5931657552719116e-02 -8.2459674640135328e-01 -5.5931657552719116e-02
111 -5.5931657552719116e-02 -7.6612899520180444e-01 -5.5931657552719116e-02
112 -5.5931657552719116e-02 -7.0766124400225561e-01 -5.5931657552719116e-02
113 -5.5931657552719116e-02 -6.4919349280270666e-01 -5.5931657552719116e-02
114 -5.5931657552719116e-02 -5.9072574160315772e-01 -5.5931657552719116e-02
115 -5.5931657552719116e-02 -5.3225799040360888e-01 -5.5931657552719116e-02
116 -5.5931657552719116e-02 -4.7379023920405994e-01 -5.5931657552719116e-02
117 -5.5931657552719116e-02 -4.1532248800451110e-01 -5.5931657552719116e-02
118 5.5931657552719116e-02 -9.4153224880045105e-01 -5.5931657552719116e-02
119 5.5931657552719116e-02 -8.8306449760090222e-01 -5.5931657552719116e-02
120 5.5931657552719116e-02 -8.2459674640135328e-01 -5.5931657552719116e-02
121 5.5931657552719116e-02 -7.6612899520180444e-01 -5.5931657552719116e-02
122 5.5931657552719116e-02 -7.0766124400225561e-01 -5.5931657552719116e-02
123 5.5931657552719116e-02 -6.4919349280270666e-01 -5.5931657552719116e-02
124 5.5931657552719116e-02 -5.9072574160315772e-01 -5.5931657552719116e-02
125 5.5931657552719116e-02 -5.3225799040360888e-01 -5.5931657552719116e-02
126 5.5931657552719116e-02 -4.7379023920405994e-01 -5.5931657552719116e-02
127 5.5931657552719116e-02 -4.1532248800451110e-01 -5.5931657552719116e-02
128 -1.8643885850906372e-02 -3.5685473680496216e-01 -5.5931657552719116e-02
129 1.8643885850906372e-02 -3.5685473680496216e-01 -5.5931657552719116e-02
130 -9.0165490992539926e-02 -3.5685473680496216e-01 -5.5931657552719116e-02
131 -1.2439932417107222e-01 -3.5685473680496216e-01 -5.5931657552719116e-02
132 5.5931657552719116e-02 -3.2696648438771564e-01 -5.5931657552719116e-02
133 5.5931657552719116e-02 -2.9707823197046901e-01 -5.5931657552719116e-02
134 -1.3954940028249041e-03 -2.6718997955322266e-01 -5.5931657552719116e-02
135 -5.8722644787305718e-02 -2.6718997955322266e-01 -5.5931657552719116e-02
136 5.5931657552719116e-02 -2.6718997955322266e-01 -1.8643885850906372e-02
137 5.5931657552719116e-02 -2.6718997955322266e-01 1.8643885850906372e-02
138 -1.3954940028249041e-03 -2.6718997955322266e-01 5.5931657552719116e-02
139 -5.8722644787305718e-02 -2.6718997955322266e-01 5.5931657552719116e-02
140 -1.1604979634284973e-01 -2.6718997955322266e-01 1.8643885850906372e-02
141 -1.1604979634284973e-01 -2.6718997955322266e-01 -1.8643885850906372e-02
142 -1.1604979634284973e-01 -2.1431338787078846e-01 5.5931657552719116e-02
143 -1.1604979634284973e-01 -1.6143679618835435e-01 5.5931657552719116e-02
144 -1.1604979634284973e-01 -1.0856020450592013e-01 5.5931657552719116e-02
145 -1.1604979634284973e-01 -5.5683612823485801e-02 5.5931657552719116e-02
146 -1.1604979634284973e-01 -2.8070211410516910e-03 5.5931657552719116e-02
147 -1.1604979634284973e-01 5.0069570541382225e-02 5.5931657552719116e-02
148 -1.1604979634284973e-01 1.0294616222381614e-01 5.5931657552719116e-02
149 -1.1604979634284973e-01 -2.1431338787078846e-01 -5.5931657552719116e-02
150 -1.1604979634284973e-01 -1.6143679618835435e-01 -5.5931657552719116e-02
151 -1.1604979634284973e-01 -1.0856020450592013e-01 -5.5931657552719116e-02
152 -1.1604979634284973e-01 -5.5683612823485801e-02 -5.5931657552719116e-02
153 -1.1604979634284973e-01 -2.8070211410516910e-03 -5.5931657552719116e-02
154 -1.1604979634284973e-01 5.0069570541382225e-02 -5.5931657552719116e-02
155 -1.1604979634284973e-01 1.0294616222381614e-01 -5.5931657552719116e-02
156 -1.5863315761089325e-01 -2.9722205692889297e-01 -5.5931657552719116e-02
157 -1.5863315761089325e-01 -2.3758937456918788e-01 -5.5931657552719116e-02
158 -1.5863315761089325e-01 -1.7795669469311870e-01 -5.5931657552719116e-02
159 -1.5863315761089325e-01 -1.1832401481704954e-01 -5.5931657552719116e-02
160 -1.5863315761089325e-01 -5.8691334940980361e-02 -5.5931657552719116e-02
161 -1.5863315761089325e-01 9.4134493508879480e-04 -5.5931657552719116e-02
162 -1.5863315761089325e-01 6.0574024811157867e-02 -5.5931657552719116e-02
163 -1.5863315761089325e-01 1.2020670468722716e-01 -5.5931657552719116e-02
164 -1.5863315761089325e-01 -3.5685473680496216e-01 -1.8643885850906372e-02
165 -1.5863315761089325e-01 -3.5685473680496216e-01 1.8643885850906372e-02
166 -1.5863315761089325e-01 -2.9989057172230221e-01 5.5931657552719116e-02
167 -1.5863315761089325e-01 -2.4292640167237017e-01 5.5931657552719116e-02
168 -1.5863315761089325e-01 -1.8596223658971034e-01 5.5931657552719116e-02
169 -1.5863315761089325e-01 -1.2899807150705039e-01 5.5931657552719116e-02
170 -1.5863315761089325e-01 -7.2033906424390282e-02 5.5931657552719116e-02
171 -1.5863315761089325e-01 -1.5069741341730170e-02 5.5931657552719116e-02
172 -1.5863315761089325e-01 4.1894423740929942e-02 5.5931657552719116e-02
173 -1.5863315761089325e-01 9.8858588823590055e-02 5.5931657552719116e-02
174 -1.5863315761089325e-01 1.6382829844951630e-01 1.8643885850906372e-02
175 -1.5863315761089325e-01 1.7183384299278259e-01 -1.8643885850906372e-02
176 -1.4443870385487875e-01 1.5582275390625000e-01 5.5931657552719116e-02
177 -1.3024425009886431e-01 1.5582275390625000e-01 5.5931657552719116e-02
178 -1.5863315761089325e-01 1.6382829844951630e-01 5.5931657552719116e-02
179 -1.5863315761089325e-01 1.7183384299278259e-01 5.5931657552719116e-02
180 -1.1604979634284973e-01 1.6382829844951630e-01 -5.5931657552719116e-02
181 -1.1604979634284973e-01 1.7183384299278259e-01 -5.5931657552719116e-02
182 -1.1604979634284973e-01 1.5582275390625000e-01 -1.8643885850906372e-02
183 -1.1604979634284973e-01 1.5582275390625000e-01 1.8643885850906372e-02
184 -5.8334032058059170e-02 1.5582275390625000e-01 -5.5931657552719116e-02
185 -6.1826777326864923e-04 1.5582275390625000e-01 -5.5931657552719116e-02
186 5.7097496511522017e-02 1.5582275390625000e-01 -5.5931657552719116e-02
187 1.1481326079631268e-01 1.5582275390625000e-01 -5.5931657552719116e-02
188 1.7252902508110307e-01 1.5582275390625000e-01 -5.5931657552719116e-02
189 -1.3024425009886423e-01 1.7983938753604889e-01 -5.5931657552719116e-02
190 -1.4443870385487867e-01 1.7983938753604889e-01 -5.5931657552719116e-02
191 -6.5836553772290585e-02 1.7983938753604889e-01 -5.5931657552719116e-02
192 -1.5623311201731341e-02 1.7983938753604889e-01 -5.5931657552719116e-02
193 3.4589931368827737e-02 1.7983938753604889e-01 -5.5931657552719116e-02
194 8.4803173939386717e-02 1.7983938753604889e-01 -5.5931657552719116e-02
195 1.3501641650994584e-01 1.7983938753604889e-01 -5.5931657552719116e-02
196 -1.5863315761089325e-01 1.7983938753604889e-01 -1.8643885850906372e-02
197 -1.5863315761089325e-01 1.7983938753604889e-01 1.8643885850906372e-02
198 -5.8334032058059170e-02 1.5582275390625000e-01 5.5931657552719116e-02
199 -6.1826777326864923e-04 1.5582275390625000e-01 5.5931657552719116e-02
200 5.7097496511522017e-02 1.5582275390625000e-01 5.5931657552719116e-02
201 1.1481326079631268e-01 1.5582275390625000e-01 5.5931657552719116e-02
202 1.7252902508110307e-01 1.5582275390625000e-01 5.5931657552719116e-02
203 -1.0132268494993331e-01 1.7983938753604889e-01 5.5931657552719116e-02
204 -4.4012216143845539e-02 1.7983938753604889e-01 5.5931657552719116e-02
205 1.3298252662242271e-02 1.7983938753604889e-01 5.5931657552719116e-02
206 7.0608721468330193e-02 1.7983938753604889e-01 5.5931657552719116e-02
207 1.2791919027441781e-01 1.7983938753604889e-01 5.5931657552719116e-02
208 1.8522965908050537e-01 1.7983938753604889e-01 -1.8643885850906372e-02
209 1.8522965908050537e-01 1.7983938753604889e-01 1.8643885850906372e-02
210 1.8522965908050537e-01 2.3160197585821152e-01 -5.5931657552719116e-02
211 1.8522965908050537e-01 2.8336456418037415e-01 -5.5931657552719116e-02
212 1.8522965908050537e-01 3.3512715250253677e-01 -5.5931657552719116e-02
213 1.8522965908050537e-01 3.8688974082469940e-01 -5.5931657552719116e-02
214 1.8522965908050537e-01 4.3865232914686203e-01 -5.5931657552719116e-02
215 1.8522965908050537e-01 2.3160197585821152e-01 5.5931657552719116e-02
216 1.8522965908050537e-01 2.8336456418037415e-01 5.5931657552719116e-02
217 1.8522965908050537e-01 3.3512715250253677e-01 5.5931657552719116e-02
218 1.8522965908050537e-01 3.8688974082469940e-01 5.5931657552719116e-02
219 1.8522965908050537e-01 4.3865232914686203e-01 5.5931657552719116e-02
220 2.3024478554725647e-01 2.0946790645133356e-01 5.5931657552719116e-02
221 2.3024478554725647e-01 2.6311305686138703e-01 5.5931657552719116e-02
222 2.3024478554725647e-01 3.1675820727144044e-01 5.5931657552719116e-02
223 2.3024478554725647e-01 3.7040335768149391e-01 5.5931657552719116e-02
224 2.3024478554725647e-01 4.2404850809154737e-01 5.5931657552719116e-02
225 2.3024478554725647e-01 4.7769365850160073e-01 5.5931657552719116e-02
226 2.3024478554725647e-01 1.5582275390625000e-01 1.8643885850906372e-02
227 2.3024478554725647e-01 1.5582275390625000e-01 -1.8643885850906372e-02
228 2.3024478554725647e-01 2.0946790645133356e-01 -5.5931657552719116e-02
229 2.3024478554725647e-01 2.6311305686138703e-01 -5.5931657552719116e-02
230 2.3024478554725647e-01 3.1675820727144044e-01 -5.5931657552719116e-02
231 2.3024478554725647e-01 3.7040335768149391e-01 -5.5931657552719116e-02
232 2.3024478554725647e-01 4.2404850809154737e-01 -5.5931657552719116e-02
233 2.3024478554725647e-01 4.7769365850160073e-01 -5.5931657552719116e-02
234 2.0023470123608905e-01 5.0405621528625488e-01 -5.5931657552719116e-02
235 2.1523974339167276e-01 5.1769751310348511e-01 -5.5931657552719116e-02
236 1.8522965908050537e-01 4.9041491746902466e-01 -1.8643885850906372e-02
237 1.8522965908050537e-01 4.9041491746902466e-01 1.8643885850906372e-02
238 1.3152871131896970e-01 4.9041491746902466e-01 -5.5931657552719116e-02
239 7.7827763557433927e-02 4.9041491746902466e-01 -5.5931657552719116e-02
240 2.4126815795898426e-02 4.9041491746902466e-01 -5.5931657552719116e-02
241 -2.9574131965637046e-02 4.9041491746902466e-01 -5.5931657552719116e-02
242 1.7270959307671263e-01 5.3133881092071533e-01 -5.5931657552719116e-02
243 1.1517440227129613e-01 5.3133881092071533e-01 -5.5931657552719116e-02
244 5.7639211465879636e-02 5.3133881092071533e-01 -5.5931657552719116e-02
245 1.0402066046319436e-04 5.3133881092071533e-01 -5.5931657552719116e-02
246 -5.7431170144953303e-02 5.3133881092071533e-01 -5.5931657552719116e-02
247 2.1523974339167273e-01 5.3133881092071533e-01 -1.8643885850906310e-02
248 2.0023470123608905e-01 5.3133881092071533e-01 1.8643885850906400e-02
249 2.3024478554725647e-01 5.3133881092071533e-01 -1.8643885850906372e-02
250 2.3024478554725647e-01 5.3133881092071533e-01 1.8643885850906372e-02
251 1.8522965908050537e-01 5.0405621528625488e-01 5.5931657552719116e-02
252 1.8522965908050537e-01 5.1769751310348511e-01 5.5931657552719116e-02
253 1.3152871131896970e-01 4.9041491746902466e-01 5.5931657552719116e-02
254 7.7827763557433927e-02 4.9041491746902466e-01 5.5931657552719116e-02
255 2.4126815795898426e-02 4.9041491746902466e-01 5.5931657552719116e-02
256 -2.9574131965637046e-02 4.9041491746902466e-01 5.5931657552719116e-02
257 2.0023470123608908e-01 5.3133881092071533e-01 5.5931657552719116e-02
258 2.1523974339167284e-01 5.3133881092071533e-01 5.5931657552719116e-02
259 1.2519045401569170e-01 5.3133881092071533e-01 5.5931657552719116e-02
260 6.5151248950878107e-02 5.3133881092071533e-01 5.5931657552719116e-02
261 5.1120438860643436e-03 5.3133881092071533e-01 5.5931657552719116e-02
262 -5.4927161178749462e-02 5.3133881092071533e-01 5.5931657552719116e-02
263 -8.3275079727172852e-02 4.9041491746902466e-01 -1.8643885850906372e-02
264 -8.3275079727172852e-02 4.9041491746902466e-01 1.8643885850906372e-02
265 -8.3275079727172852e-02 4.3575260674885735e-01 -5.5931657552719116e-02
266 -8.3275079727172852e-02 3.8109029424393726e-01 -5.5931657552719116e-02
267 -8.3275079727172852e-02 3.2642798352376978e-01 -5.5931657552719116e-02
268 -8.3275079727172852e-02 2.7176567280360231e-01 -5.5931657552719116e-02
269 -1.1496636271476746e-01 4.7896623574321429e-01 -5.5931657552719116e-02
270 -1.1496636271476746e-01 4.2659366083278316e-01 -5.5931657552719116e-02
271 -1.1496636271476746e-01 3.7422108681472843e-01 -5.5931657552719116e-02
272 -1.1496636271476746e-01 3.2184851190429731e-01 -5.5931657552719116e-02
273 -1.1496636271476746e-01 2.6947593699386618e-01 -5.5931657552719116e-02
274 -1.1496636271476746e-01 5.3133881092071533e-01 -1.8643885850906372e-02
275 -1.1496636271476746e-01 5.3133881092071533e-01 1.8643885850906372e-02
276 -8.3275079727172852e-02 4.3575260674885735e-01 5.5931657552719116e-02
277 -8.3275079727172852e-02 3.8109029424393726e-01 5.5931657552719116e-02
278 -8.3275079727172852e-02 3.2642798352376978e-01 5.5931657552719116e-02
279 -8.3275079727172852e-02 2.7176567280360231e-01 5.5931657552719116e-02
280 -1.1496636271476746e-01 4.7896623574321429e-01 5.5931657552719116e-02
281 -1.1496636271476746e-01 4.2659366083278316e-01 5.5931657552719116e-02
282 -1.1496636271476746e-01 3.7422108681472843e-01 5.5931657552719116e-02
283 -1.1496636271476746e-01 3.2184851190429731e-01 5.5931657552719116e-02
284 -1.1496636271476746e-01 2.6947593699386618e-01 5.5931657552719116e-02
285 -1.0440260171890259e-01 2.1710336208343506e-01 -5.5931657552719116e-02
286 -9.3838840723037720e-02 2.1710336208343506e-01 -5.5931657552719116e-02
287 -1.1496636271476746e-01 2.1710336208343506e-01 -1.8643885850906372e-02
288 -1.1496636271476746e-01 2.1710336208343506e-01 1.8643885850906372e-02
289 -8.3275079727172852e-02 2.1710336208343506e-01 -1.8643885850906372e-02
290 -8.3275079727172852e-02 2.1710336208343506e-01 1.8643885850906372e-02
291 -9.3838840723037720e-02 2.1710336208343506e-01 5.5931657552719116e-02
292 -1.0440260171890259e-01 2.1710336208343506e-01 5.5931657552719116e-02
293 5.5511151231257827e-17 -4.0961658740696599e-01 1.0000000000000000e+00
294 -5.5511151231257827e-17 4.1010124943035670e-01 1.0000000000000000e+00
295 5.0512016343220956e-01 8.0777003898413469e-05 1.0000000000000000e+00
296 -5.0512016343220956e-01 8.0777003898246935e-05 1.0000000000000000e+00
297 5.1536049029662889e-01 5.1536049029662889e-01 1.0000000000000000e+00
298 5.1536049029662911e-01 -5.1536049029662911e-01 1.0000000000000000e+00
299 -5.1536049029662889e-01 5.1536049029662889e-01 1.0000000000000000e+00
300 -5.1536049029662900e-01 -5.1536049029662923e-01 9.9999999999999989e-01
301 1.0573788003298452e-03 -3.9816181567816999e-01 5.5931657552719116e-02
302 1.0573788003300851e-03 -9.5869292112679216e-01 5.5931657552719123e-02
303 -2.7238130266316538e-03 -5.0313941273675589e-01 5.5931657552719116e-02
304 -3.5561831257524545e-17 -6.1995961720293213e-01 5.5931657552719116e-02
305 -2.7238130266315965e-03 -8.5371532406820638e-01 5.5931657552719109e-02
306 -3.1225022567582528e-17 -7.3689511960203014e-01 5.5931657552719116e-02
307 1.1891936049519668e-03 -5.6150559194777860e-01 5.5931657552719116e-02
308 1.1891936049519720e-03 -7.9534914485718355e-01 5.5931657552719109e-02
309 -1.7347234759768071e-17 -6.7842736840248108e-01 5.5931657552719116e-02
310 -2.7773903771694669e-04 -4.4658778047201114e-01 5.5931657552719116e-02
311 -2.7773903771691113e-04 -9.1026695633295074e-01 5.5931657552719116e-02
312 -1.0000000000000000e+00 0.0000000000000000e+00 -4.0961658740696594e-01
313 -1.0000000000000000e+00 -1.6653345369377348e-16 4.1010124943035681e-01
314 -1.0000000000000000e+00 -5.0512016343220956e-01 8.0777003898413469e-05
315 -1.0000000000000000e+00 5.0512016343220956e-01 8.0777003898413469e-05
316 -9.9999999999999989e-01 5.1536049029662889e-01 5.1536049029662911e-01
317 -1.0000000000000000e+00 5.1536049029662911e-01 -5.1536049029662911e-01
318 -1.0000000000000000e+00 -5.1536049029662889e-01 5.1536049029662889e-01
319 -1.0000000000000000e+00 -5.1536049029662889e-01 -5.1536049029662889e-01
320 2.2204460492503131e-16 -4.0961658740696594e-01 -1.0000000000000000e+00
321 0.0000000000000000e+00 4.1010124943035664e-01 -1.0000000000000000e+00
322 -5.0512016343220956e-01 8.0777003898413469e-05 -1.0000000000000000e+00
323 5.0512016343220978e-01 8.0777003898413469e-05 -1.0000000000000000e+00
324 -5.1536049029662889e-01 -5.1536049029662889e-01 -1.0000000000000000e+00
325 5.1536049029662911e-01 -5.1536049029662911e-01 -1.0000000000000000e+00
326 -5.1536049029662889e-01 5.1536049029662889e-01 -1.0000000000000000e+00
327 5.1536049029662889e-01 5.1536049029662889e-01 -1.0000000000000000e+00
328 1.0000000000000000e+00 -4.0961658740696599e-01 -5.5511151231257827e-17
329 1.0000000000000000e+00 4.1010124943035675e-01 -1.6653345369377348e-16
330 1.0000000000000000e+00 8.0777003898413469e-05 5.0512016343220956e-01
331 1.0000000000000000e+00 8.0777003898524491e-05 -5.0512016343220978e-01
332 1.0000000000000000e+00 5.1536049029662889e-01 5.1536049029662889e-01
333 1.0000000000000000e+00 -5.1536049029662911e-01 -5.1536049029662911e-01
334 9.9999999999999989e-01 -5.1536049029662923e-01 5.1536049029662900e-01
335 1.0000000000000000e+00 5.1536049029662889e-01 -5.1536049029662889e-01
336 4.0961658740696599e-01 1.0000000000000000e+00 -5.5511151231257827e-17
337 -4.1010124943035670e-01 1.0000000000000000e+00 -5.5511151231257827e-17
338 -8.0777003898524491e-05 1.0000000000000000e+00 -5.0512016343220978e-01
339 -8.0777003898580002e-05 1.0000000000000000e+00 5.0512016343220956e-01
340 5.1536049029662889e-01 1.0000000000000000e+00 5.1536049029662889e-01
341 5.1536049029662911e-01 1.0000000000000000e+00 -5.1536049029662911e-01
342 -5.1536049029662911e-01 1.0000000000000000e+00 5.1536049029662889e-01
343 -5.1536049029662889e-01 1.0000000000000000e+00 -5.1536049029662889e-01
344 2.7755575615628914e-17 -1.0000000000000000e+00 3.6692464431794664e-01
345 -3.6692464431794664e-01 -1.0000000000000000e+00 -5.5511151231257827e-17
346 3.6692464431794658e-01 -9.9999999999999989e-01 -4.1633363423443370e-17
347 5.5511151231257827e-17 -1.0000000000000000e+00 -3.6692464431794664e-01
348 -4.2978503147657549e-01 -1.0000000000000000e+00 4.2978503147657549e-01
349 4.2978503147657549e-01 -1.0000000000000000e+00 4.2978503147657549e-01
350 -4.2978503147657554e-01 -1.0000000000000000e+00 -4.2978503147657554e-01
351 4.2978503147657549e-01 -1.0000000000000000e+00 -4.2978503147657549e-01
352 3.3947875059524207e-02 -3.0476352011786739e-01 -5.5931657552719116e-02
353 -1.3516885650401209e-01 1.6534084965482798e-01 -5.5931657552719116e-02
354 -1.2015491683347963e-01 -3.2703060240416820e-01 -5.5931657552719116e-02
355 -3.4623709411064262e-02 -3.1725710581510214e-01 -5.5931657552719116e-02
356 -1.3734147697687149e-01 -2.9060155992607226e-02 -5.5931657552719109e-02
357 -7.9274702653326382e-02 -3.1539619015593995e-01 -5.5931657552719116e-02
358 -1.3734147697687149e-01 -8.5314791771858953e-02 -5.5931657552719109e-02
359 2.9945955227421682e-03 -3.2615022935839910e-01 -5.5931657552719116e-02
360 -1.3734147697687149e-01 2.7194479786644351e-02 -5.5931657552719116e-02
361 3.3489934307722215e-02 -3.3431794149478122e-01 -5.5931657552719116e-02
362 -5.5931657552719116e-02 -3.9816181567817022e-01 -1.0573788003298279e-03
363 -5.5931657552719116e-02 -9.5869292112679216e-01 -1.0573788003299593e-03
364 -5.5931657552719116e-02 -5.0313941273675589e-01 2.7238130266317509e-03
365 -5.5931657552719116e-02 -8.5371532406820638e-01 2.7238130266316347e-03
366 -5.5931657552719123e-02 -6.1995961720293224e-01 1.9602375278537920e-16
367 -5.5931657552719116e-02 -7.3689511960202991e-01 0.0000000000000000e+00
368 -5.5931657552719116e-02 -6.7842736840248119e-01 4.5102810375396984e-17
369 -5.5931657552719116e-02 -7.9534914485718333e-01 -1.1891936049519582e-03
370 -5.5931657552719116e-02 -5.6150559194777860e-01 -1.1891936049515869e-03
371 -5.5931657552719116e-02 -4.4658778047201136e-01 2.7773903771699179e-04
372 -5.5931657552719116e-02 -9.1026695633295074e-01 2.7773903771694756e-04
373 1.0573788003299593e-03 -9.5869292112679216e-01 -5.5931657552719116e-02
374 -1.0573788003298799e-03 -3.9816181567816999e-01 -5.5931657552719116e-02
375 2.7794822919215909e-03 -5.0313941273675589e-01 -5.5931657552719116e-02
376 -2.7794822919215562e-03 -8.5371532406820638e-01 -5.5931657552719116e-02
377 1.5275646395558617e-04 -6.1995961720293224e-01 -5.5931657552719116e-02
378 -1.7715674914929661e-03 -7.3689511960202969e-01 -5.5931657552719116e-02
379 7.0979719569688390e-04 -7.9534914485718333e-01 -5.5931657552719116e-02
380 -9.0251279421321544e-04 -5.6150559194777849e-01 -5.5931657552719109e-02
381 -2.6980183792289542e-04 -6.7842736840248108e-01 -5.5931657552719116e-02
382 2.8701724859860750e-04 -4.4658778047201131e-01 -5.5931657552719116e-02
383 -2.8701724859859796e-04 -9.1026695633295063e-01 -5.5931657552719109e-02
384 5.5931657552719116e-02 -3.9816181567816999e-01 -1.0573788003298452e-03
385 5.5931657552719123e-02 -9.5869292112679216e-01 -1.0573788003300851e-03
386 5.5931657552719116e-02 -5.0313941273675589e-01 2.7238130266316538e-03
387 5.5931657552719116e-02 -6.1995961720293236e-01 1.7715674914928620e-03
388 5.5931657552719116e-02 -8.5371532406820638e-01 2.7794822919215024e-03
389 5.5931657552719116e-02 -7.3689511960202991e-01 1.8495044628987767e-03
390 5.5931657552719116e-02 -7.9534914485718355e-01 -7.0051898481531677e-04
391 5.5931657552719116e-02 -5.6150559194777871e-01 -9.7829271310758727e-04
392 5.5931657552719123e-02 -6.7842736840248141e-01 -8.2050884200935044e-04
393 5.5931657552719116e-02 -4.4658778047201114e-01 2.7773903771694669e-04
394 5.5931657552719116e-02 -9.1026695633295063e-01 2.8701724859855806e-04
395 1.5802651540944623e-02 -2.6718997955322266e-01 -1.9066384969435510e-03
396 -7.5920790331075239e-02 -2.6718997955322266e-01 -1.9066384969435510e-03
397 -3.0059069395065311e-02 -2.6718997955322266e-01 -6.3554616564784686e-04
398 5.5931657552719116e-02 -3.1186777430468088e-01 -3.1073143084843921e-02
399 5.5931657552719116e-02 -3.1186777430468082e-01 3.1073143084843970e-02
400 5.5931657552719116e-02 -3.3087680312534906e-01 2.7755575615628914e-17
401 5.5931657552719116e-02 -2.9332293176640672e-01 -3.4694469519536142e-18
402 5.5931657552719123e-02 -2.8732977942960031e-01 -3.2316068808237695e-02
403 5.5931657552719116e-02 -3.3668410708553398e-01 3.2316068808237730e-02
404 5.5931657552719116e-02 -2.8732977942960031e-01 3.2316068808237716e-02
405 5.5931657552719116e-02 -3.3668410708553398e-01 -3.2316068808237688e-02
406 3.3947875059524193e-02 -3.0476352011786739e-01 5.5931657552719116e-02
407 -1.3734147697687149e-01 1.3751596111206771e-01 5.5931657552719116e-02
408 -1.1245926867799694e-01 -3.2159947848269127e-01 5.5931657552719116e-02
409 -3.4623709411064268e-02 -3.1725710581510214e-01 5.5931657552719116e-02
410 -7.7992094627412606e-02 -3.1449100283569381e-01 5.5931657552719116e-02
411 2.9945955227421404e-03 -3.2615022935839905e-01 5.5931657552719116e-02
412 -1.3499985001959375e-01 7.6507866382599182e-02 5.5931657552719116e-02
413 3.3489934307722187e-02 -3.3431794149478133e-01 5.5931657552719116e-02
414 -1.0728240758180610e-01 -3.5685473680496216e-01 3.1073143084843963e-02
415 -1.0728240758180613e-01 -3.5685473680496216e-01 -3.1073143084843945e-02
416 -1.2961538414732493e-01 -3.5685473680496216e-01 1.0408340855860843e-17
417 -8.4949431016287380e-02 -3.5685473680496216e-01 -3.4694469519536142e-18
418 -1.3571268622439794e-01 -3.5685473680496216e-01 3.2316068808237716e-02
419 -1.3571268622439794e-01 -3.5685473680496216e-01 -3.2316068808237702e-02
420 -7.8852128939214339e-02 -3.5685473680496216e-01 3.2316068808237716e-02
421 -7.8852128939214339e-02 -3.5685473680496216e-01 -3.2316068808237702e-02
422 -1.5863315761089325e-01 -3.1593662665229905e-01 -1.4840175779441966e-03
423 -1.5863315761089325e-01 -2.1179598209552389e-01 -1.3680740065928620e-04
424 -1.5863315761089325e-01 -1.0051598896572034e-01 6.5992434857650405e-03
425 -1.5863315761089325e-01 1.3553891317686506e-01 -6.9330049455965277e-03
426 -1.5863315761089325e-01 1.5023607795907168e-02 5.2700376259844518e-03
427 -1.5863315761089325e-01 8.5661375952753721e-02 4.0988284909434479e-03
428 -1.5863315761089325e-01 -4.2208419903965733e-02 5.3963514701621147e-03
429 -1.5863315761089325e-01 -1.5748015404838037e-01 6.5992434857652504e-03
430 -1.5863315761089325e-01 -2.6756016894009599e-01 -2.7013749643390803e-04
431 -1.5863315761089325e-01 1.2763973510282944e-01 2.9100039076114706e-02
432 -1.1604979634284973e-01 1.2404896611134349e-01 5.6156543383775598e-03
433 -1.1604979634284975e-01 -2.3547506811852290e-01 5.5383257197272788e-03
434 -1.1604979634284973e-01 2.3368242114984641e-02 5.2962277790605085e-03
435 -1.1604979634284973e-01 -8.2121908664702939e-02 -5.1865081559381021e-04
436 -1.1604979634284973e-01 -1.3483207632864341e-01 4.7672826321307326e-03
437 -1.1604979634284973e-01 -2.9276630385266490e-02 -2.3281510920237112e-03
438 -1.1604979634284975e-01 8.3261875974536784e-02 -3.7679842263392584e-03
439 -1.1604979634284973e-01 -1.9465131375392253e-01 -3.8545947642792521e-03
440 -1.1604979634284973e-01 -2.4604210377393917e-01 3.4011381669017952e-02
441 -1.1604979634284973e-01 -2.3576394576993584e-01 -2.5764694000179316e-02
442 -1.1604979634284973e-01 1.2438050242443922e-01 -2.5731906168861264e-02
443 -1.1604979634284973e-01 1.3466015903691486e-01 3.4030713823680531e-02
444 -1.2746008603464265e-01 1.7983938753604889e-01 -3.6985173665008780e-02
445 1.4461254955444902e-01 1.7983938753604889e-01 4.3138739600720247e-03
446 6.3333942258848197e-02 1.7983938753604889e-01 -1.5270734428188177e-02
447 -4.2972315156682525e-02 1.7983938753604889e-01 -2.0393765659096449e-02
448 1.0987458765624430e-02 1.7983938753604889e-01 -1.6474542504304572e-02
449 -1.1942490675253034e-01 1.7983938753604889e-01 -3.9039612351542390e-04
450 1.1452551265487153e-01 1.7983938753604886e-01 -2.2636372387603611e-02
451 -6.9005379966893904e-02 1.7983938753604886e-01 1.3140377583620763e-02
452 1.5292275937605543e-01 1.7983938753604892e-01 -2.9765939876775248e-02
453 -1.5356981740801627e-02 1.7983938753604889e-01 2.3235295659887193e-02
454 9.5379392543750025e-02 1.7983938753604889e-01 1.9286983075728060e-02
455 4.0349899394604823e-02 1.7983938753604892e-01 2.1870113300640523e-02
456 -9.0943175057570158e-02 1.7983938753604892e-01 -3.5472183480988941e-02
457 2.0438788254700957e-01 5.1491945548819706e-01 5.5931657552719116e-02
458 -1.3768323922390951e-01 1.6738667961457437e-01 5.5931657552719116e-02
459 2.0616107002864870e-01 4.5965414473245425e-01 5.5931657552719116e-02
460 1.9377047548602735e-01 5.2382364760827826e-01 5.5931657552719109e-02
461 -1.5863315761089325e-01 1.6916532814502716e-01 4.3502400318781526e-02
462 1.8940687405774237e-01 1.5582275390624997e-01 -1.1646888931806697e-03
463 -7.5233384214318882e-02 1.5582275390625000e-01 1.1966491602407887e-03
464 8.5822701667357851e-02 1.5582275390625000e-01 3.1350359971131503e-03
465 2.8323963280141522e-02 1.5582275390625000e-01 -3.1584381759933119e-03
466 1.4165235791332192e-01 1.5582275390625000e-01 3.2839118398875211e-04
467 -2.7469003432805526e-02 1.5582275390625000e-01 -3.2696483595876305e-04
468 -9.8061628533624781e-02 1.6783107072114947e-01 -5.5931657552719123e-02
469 2.0426968359248365e-01 4.6577826738504263e-01 -5.5931657552719116e-02
470 2.3024478554725650e-01 1.8787175733824565e-01 5.6644739010205825e-03
471 2.3024478554725650e-01 4.9299672083839063e-01 1.6700153623285768e-03
472 2.3024478554725644e-01 3.9698586862818397e-01 -4.9385338684369527e-03
473 2.3024478554725647e-01 2.9040615800477132e-01 2.8404933978917885e-03
474 2.3024478554725647e-01 3.4361919275647063e-01 -3.4967341175751567e-04
475 2.3024478554725647e-01 2.2944073887817851e-01 -4.1118292004143353e-03
476 2.3024478554725647e-01 4.4891115377547841e-01 -5.4475308435139938e-04
477 2.3024478554725647e-01 1.7724629290051980e-01 3.4042918714341314e-02
478 2.3024478554725647e-01 1.8768518209605156e-01 -2.5790911251147672e-02
479 -9.9120721220970154e-02 2.3494250968853481e-01 -5.5931657552719116e-02
480 -9.9637656836478558e-02 2.9688886863286895e-01 -5.5931657552719116e-02
481 1.8028283397389144e-01 5.1005256182272163e-01 -5.5931657552719116e-02
482 1.8522965908050540e-01 2.1121748839154816e-01 -5.5490756597090761e-03
483 1.8522965908050537e-01 4.5903681661352547e-01 5.5490756597090587e-03
484 1.8522965908050537e-01 3.6071047472773721e-01 5.8168292371291270e-03
485 1.8522965908050537e-01 3.0952573188472932e-01 -6.1379609100495405e-03
486 1.8522965908050537e-01 2.5091385457865412e-01 3.6572478760077270e-03
487 1.8522965908050537e-01 4.1933786494176123e-01 -3.7031238292820779e-03
488 1.8522965908050537e-01 2.0062455983046437e-01 -3.4014069154013414e-02
489 1.8522965908050537e-01 2.1068241878010235e-01 2.5723074634528650e-02
490 1.8522965908050537e-01 4.5957136912803942e-01 -2.5732249825183528e-02
491 1.8522965908050537e-01 4.6962974517460909e-01 3.4014069154013414e-02
492 -7.3881652655912455e-02 5.3133881092071533e-01 -1.3995033618743047e-03
493 1.4045066421356417e-01 5.3133881092071533e-01 -7.9642246318412917e-03
494 2.9725990997969742e-02 5.3133881092071533e-01 -4.6757795770129961e-03
495 8.8888661985879885e-02 5.3133881092071533e-01 -2.1066673681423842e-03
496 -2.5216321405853011e-02 5.3133881092071533e-01 -1.0125471564812177e-03
497 1.6340222790537659e-01 5.3133881092071544e-01 2.5485050598075258e-02
498 1.7881113315869368e-01 5.3133881092071544e-01 -8.6969816931436825e-03
499 2.0773722231388092e-01 5.3133881092071533e-01 4.2936909861127248e-02
500 -9.9120721220970154e-02 2.3494250968853481e-01 5.5931657552719116e-02
501 1.6627296694278049e-01 5.1087686419487000e-01 5.5931657552719116e-02
502 -9.9637656836478586e-02 2.9688886863286906e-01 5.5931657552719116e-02
503 -5.1206027546987221e-02 4.9041491746902466e-01 -5.6681120528959059e-03
504 1.5293750153622104e-01 4.9041491746902466e-01 -1.2143064331837650e-17
505 5.0977289676666176e-02 4.9041491746902466e-01 -4.9797752491155638e-03
506 1.1157241802363313e-01 4.9041491746902466e-01 4.6154280646710250e-03
507 -9.6497108651718913e-03 4.9041491746902466e-01 3.8056977714001870e-03
508 -6.1832579741742492e-02 4.9041491746902466e-01 -3.4043828252310129e-02
509 -5.1396005966428404e-02 4.9041491746902466e-01 2.5728957334969774e-02
510 1.5578755489781376e-01 4.9041491746902466e-01 3.2051421754052727e-02
511 -1.1496636271476746e-01 2.4869764351402884e-01 -5.5849276737495943e-03
512 -1.1496636271476746e-01 4.9974452942642456e-01 5.5849276616124731e-03
513 -1.1496636271476746e-01 4.0012877971187277e-01 5.5314596515317581e-03
514 -1.1496636271476746e-01 3.4829647204938924e-01 -5.8378380536281659e-03
515 -1.1496636271476746e-01 4.5944937508889394e-01 -3.7387691983812206e-03
516 -1.1496636271476746e-01 2.8899038041405656e-01 3.6950008534907125e-03
517 -1.1496636271476746e-01 5.1034709675276735e-01 3.4023032154489256e-02
518 -1.1496636271476747e-01 5.0016755241999278e-01 -2.5732208498622670e-02
519 -1.1496636271476746e-01 2.3809507616869130e-01 -3.4023032157523558e-02
520 -1.1496636271476747e-01 2.4827413701776432e-01 2.5723454827217117e-02
521 -8.3275079727172852e-02 2.4948392087346957e-01 -4.0948830637593109e-03
522 -8.3275079727172852e-02 4.5339430078263648e-01 -4.9186565630022876e-03
523 -8.3275079727172852e-02 3.5375913894108363e-01 -4.5166684758122903e-03
524 -8.3275079727172865e-02 4.0562467131356705e-01 4.3689859327877712e-03
525 -8.3275079727172852e-02 2.9200926998754512e-01 4.0966028803201774e-03
526 -8.3275079727172852e-02 4.6749418561738582e-01 -3.3856464379836707e-02
527 -8.3275079727172852e-02 2.3886407946098551e-01 -3.3650521005025968e-02
528 -8.3275079727172852e-02 2.4804780324550346e-01 2.9297780596647310e-02
529 -9.9120721220970154e-02 2.1710336208343506e-01 4.5929160339261435e-02
530 -9.9120721220970182e-02 2.1710336208343506e-01 -4.5929160339261421e-02
531 -9.9120721220970154e-02 2.1710336208343506e-01 3.4694469519536142e-18
532 -6.6719393986493791e-01 5.0024059461278070e-01 -5.1726631610134188e-03
533 -5.0784008019054927e-01 -6.5443232697810583e-01 1.6384210646456343e-02
534 1.3484826551004298e-01 -2.0190065972448226e-01 3.4972050274079139e-02
535 -3.3923579509948010e-01 3.3341735570071168e-01 -2.0434173076727690e-02
536 2.1936780997778346e-02 1.5438033759656780e-01 3.8406768862544832e-01
537 5.9185528284332289e-01 -4.8453679254608911e-01 -9.1392985514918257e-02
538 -2.2307039242130122e-01 -4.2498051567816775e-01 9.1761962782976603e-03
539 -3.1177148474295124e-01 -6.2500125812341090e-01 -3.8780938710584101e-01
540 -2.8339989812713468e-01 2.6482326066935286e-01 -3.8334772748558460e-01
541 1.4684935980529332e-01 1.4792808525932937e-02 -5.7241603117569506e-01
542 -5.4621008510558333e-01 4.9171486489334504e-02 2.9296022706219831e-03
543 -2.7122070003705465e-02 -3.5286828534140113e-02 5.2080301789075099e-02
544 -2.0769794850125467e-01 -4.6938785047273079e-01 2.8821311455031218e-01
545 1.1182762059805458e-01 -2.0145732715318293e-01 -1.8333523833313764e-01
546 2.0024852357187037e-01 4.9614251952419802e-01 -4.8982794185094597e-01
547 6.5105639174304675e-02 6.2527493038709203e-01 5.6995374237099650e-01
548 8.1826941159528058e-02 2.9538731585040945e-01 -3.9349514163725403e-02
549 3.8727885667108865e-02 -3.5138784906843512e-01 -3.8624233265854391e-01
550 -3.9503805115428442e-01 -3.0767475195303456e-01 -1.3040435169039213e-01
551 2.5270573483635969e-02 2.9216016145493212e-01 -2.3052220794112224e-01
552 -1.3652953976650536e-01 5.7925009450479858e-01 -3.9162753815861245e-01
553 -3.2772298849780906e-01 4.4275986504188192e-01 6.2929933071566080e-01
554 2.6898632230224290e-01 -2.9893037516314447e-01 -3.5083342553517610e-02
555 6.0261837715404687e-03 -1.6314993957015245e-01 -1.8799746150744701e-02
556 -2.0074220373272575e-01 2.6037162747367404e-01 -1.5104720900228769e-02
557 -2.9768995719684771e-01 1.7503538503763399e-01 5.2137993669341166e-02
558 1.8973438989122246e-01 3.8158561306187616e-01 -2.4809364402995884e-01
559 -5.4374243868950400e-02 1.5518789538265083e-02 -2.6027698765375873e-01
560 -1.2177001528762803e-01 -4.1758705766974136e-01 -3.3726937754515240e-02
561 1.7466987137020509e-01 1.2552641715703805e-01 -2.8928979685713213e-01
562 6.1017826482424131e-01 -1.0515078356502939e-03 2.0390353250207775e-02
563 5.3752716306635717e-01 3.7535915494443084e-01 1.1381174101656760e-01
564 3.6113230038464325e-02 -6.4059802828899726e-01 -3.5629664115517801e-01
565 8.0023028896681031e-02 -3.7330446569159909e-01 3.4314935097973509e-01
566 -3.4746544426259157e-03 -7.0911122675103666e-01 4.3742473859702652e-01
567 -2.8421685698804799e-01 5.8014533863522255e-01 7.1030150524689389e-02
568 -1.2851240557309046e-01 -1.5406995148588967e-01 3.7593288925123386e-01
569 -6.1301563217041485e-02 4.1715462464349834e-01 2.6941972034638023e-01
570 -2.5532115463865734e-01 -7.4850352197407188e-01 -3.4892969998869899e-02
571 -1.3483784148227915e-01 -4.1983294689296702e-01 6.6591756921551809e-02
572 2.6368271680750943e-01 -5.2474892219906399e-01 -3.2792843088504706e-02
573 3.5738188700556406e-01 -7.5039182379822100e-01 -1.0741743475387541e-03
574 1.0905927021566165e-02 8.2557236159796998e-01 -2.3173641702517789e-02
575 8.4366330382214406e-03 3.8775138490936190e-01 -2.3394924690387306e-04
576 7.6449102900745983e-02 2.8856477586022605e-01 1.2648777726812541e-01
577 1.0831852586801345e-01 4.5333104325885115e-01 2.4993798839664383e-01
578 -1.7917913548677081e-01 -1.6465098651592641e-01 -3.3807248311267801e-01
579 -1.2759201653184532e-01 -3.3187621919185706e-01 -2.0421761749166978e-01
580 1.6774216519815049e-01 7.2485042571965541e-01 5.7531882885172886e-02
581 -5.5207013112049674e-03 -1.5605632792113844e-01 1.6048966888188623e-01
582 -1.9254602692363068e-03 -4.5696630614936906e-01 -1.3027407297899807e-01
583 3.7247592900987295e-02 -3.2746401206655579e-01 -1.0618132445935310e-01
584 -2.3986392120148800e-01 2.5586631483475147e-02 3.5593831925057218e-02
585 -2.4155296833312181e-01 -1.3033921268562249e-01 2.4536527214331780e-02
586 9.4168027005004415e-02 2.6152346631468876e-01 3.9716118629717988e-02
587 -4.3797878879031374e-02 8.5430790053510522e-02 -5.0261453495894753e-02
588 -1.3521764738762990e-01 1.9870581292339784e-01 -1.8178280839726518e-01
589 -2.0698839485044190e-01 3.2487641420977792e-01 -1.0557115315461178e-01
590 -1.1751847024412923e-01 2.4785365846783824e-01 1.8738763680979298e-01
591 -9.7750541459524373e-02 1.3542908216929009e-01 1.6993737516726695e-01
592 -1.4087181478365995e-01 2.4882692504889038e-02 1.4145440615921490e-01
593 -2.4111002680741733e-02 2.3629479593566582e-01 -2.1626992281862691e-02
594 8.4740491946497992e-02 4.8099549497449191e-02 1.4396920307060304e-01
595 3.5152720558330736e-01 -4.9140873904714261e-01 -3.0065875056892349e-01
596 1.5196637334383706e-01 1.6798266743930021e-01 1.2308747867286234e-01
597 -4.6374995888758486e-02 -2.1352411182285400e-01 4.4688392588059650e-02
598 -1.5523158326949427e-01 -5.1294385149349586e-01 -1.3370620459921193e-01
599 -2.7933294310858348e-01 2.8949260939910657e-02 -1.3631401780900854e-01
600 1.3211655979873160e-01 4.3063933291315798e-01 2.5727651140568610e-02
601 -3.7407283030101032e-02 -1.9495723999813783e-01 -1.2122264402354377e-01
602 2.0974441326275371e-02 -5.7639106491499026e-01 -1.2835480008084349e-01
603 -2.6457505973366581e-02 -7.9289531603286156e-01 -2.2606924874804357e-01
604 1.5095590096519232e-01 -8.7347077525897665e-01 -1.5237428889086771e-01
605 -2.8578061570550230e-02 2.5177092953106911e-01 4.8880821581286947e-02
606 2.1556633761034205e-01 3.0853035606927753e-01 1.3777595056362485e-01
607 3.4809223349673241e-01 1.3197010204134374e-01 2.3388624874117850e-01
608 4.0241045244272944e-01 1.8982264441310173e-01 4.8699685815496961e-02
609 3.2538228340657310e-01 3.7428714800034707e-01 -4.0097688774465817e-02
610 3.2217127262233819e-01 5.8878923720988630e-01 4.0404892445987601e-03
611 -1.4871623407871254e-01 -8.8200525676740638e-01 -1.4836867474557358e-01
612 -1.5363957510855403e-01 2.2866542189119640e-01 -2.4132032928673320e-02
613 -1.1691273241110541e-01 4.1384000396205195e-01 -1.4211247520633360e-01
614 2.8002953230030787e-02 5.0659067457718643e-01 -2.0186008155196614e-01
615 1.8991396811186195e-01 7.3406296217449818e-01 -2.2018879020264454e-01
616 1.9519162801832168e-01 5.6116169185636422e-01 -1.6276334867820560e-01
617 3.3358182320032953e-01 4.7398642799691559e-01 -1.5806056151227943e-01
618 -1.7961171823267782e-01 3.6345932942756631e-01 1.1456912332068412e-02
619 -1.6983294348049643e-01 4.8692966217306061e-01 4.0838620464192232e-02
620 -2.7370082660527595e-02 2.4074151680675787e-01 -9.9912808609221110e-02
621 2.5266449262857475e-02 1.5139275098640795e-01 -1.2624773001951956e-01
622 -9.6995360163852906e-02 2.1411494654279681e-01 -8.4155405361368313e-02
623 -1.4094767193516422e-01 -8.9936962475499438e-01 7.2046026500142567e-04
624 -1.5271284758250245e-01 -8.6511872433355186e-01 1.6201003059718430e-01
625 5.3864676745249071e-03 -8.9831291610205044e-01 -1.3777914780610287e-01
626 -8.5819706542108215e-02 -3.1199980126183602e-01 2.4041717597601242e-01
627 -4.0756715254743644e-05 -4.5622913733356424e-01 1.4696589964972620e-01
628 5.8765643800233365e-02 -3.2823674486449567e-01 1.0556481731371579e-01
629 6.6641636125202922e-03 -5.8871798343407489e-01 1.4321858491167358e-01
630 -1.8906438994105695e-02 -7.3168727351301210e-01 1.3728387676942039e-01
631 1.2227604709730515e-02 -8.9552566228908270e-01 1.3846522358522198e-01
632 2.0014176217554902e-01 -6.1057173463825254e-01 1.6751657575295517e-01
633 -7.0818253615447108e-02 1.4949008945879752e-01 -9.5901647722982986e-02
634 -1.4481027282227446e-01 3.9230647195310143e-02 -1.2397143284550728e-01
635 -1.7351915594877379e-01 2.4600750073739844e-01 6.1668397068274837e-02
636 4.1141655585252276e-02 6.0507748305743259e-01 3.0503285547881821e-02
637 -1.9312418450952132e-01 7.7218976571039444e-01 -1.1079139385173482e-01
638 -5.1395830553691096e-02 6.5213874662890714e-01 -1.6850595113312011e-01
639 -8.0265973477203711e-02 6.5038896005614188e-01 1.7716573367979815e-01
640 1.8528072750566921e-01 5.8629441362008772e-01 -1.8924526789402377e-02
641 2.0770874624093949e-01 5.6922811508772986e-01 4.8563501041755691e-02
642 -2.0974524294100777e-01 1.7036280594187986e-01 -4.2671678506017045e-02
643 -2.6230348831151890e-01 -2.9135185794419638e-01 1.2425981671070051e-01
644 1.3667760628444864e-01 1.5046744234004555e-01 -1.2407932880246859e-01
645 1.1953122178166785e-01 2.3933321612331743e-01 -9.8087026298893584e-02
646 1.9884375389128373e-01 2.5350808302169980e-01 -1.3132319154672870e-01
647 2.1978060224856238e-01 3.9067455850175109e-01 -1.3296790314381682e-01
648 -1.2747237006924744e-01 -7.6870840116225359e-02 -1.2150460855720911e-01
649 -2.2449896601623234e-01 -2.9420420959001442e-01 3.5082533702369598e-03
650 1.4490994741664620e-01 -8.9753038584468992e-01 2.6211269706421906e-02
651 -7.0846056722457793e-02 6.0311148437815099e-01 -1.9968147185555115e-02
652 -1.5150089708007266e-02 4.1357460018361691e-01 9.2718235364108420e-02
653 1.3633215251202382e-02 5.1823340156225195e-01 1.2424851929761481e-01
654 -1.0310455729851371e-01 4.8166392151214332e-01 1.2410140942065187e-01
655 1.2895624020291613e-01 5.4938865119458158e-01 1.3093486815690716e-01
656 2.1118292678086523e-01 4.4546899119785965e-01 1.1675842254424201e-01
657 2.7534393885694769e-01 6.4158610949985895e-01 2.6272493890119547e-01
658 -1.6054636991823229e-01 -8.8422845669368019e-02 1.3747929277114573e-01
659 -1.3666241608958229e-01 -2.0341819607387066e-01 1.3180010828865588e-01
660 -9.9881536193231382e-02 3.0821657582098883e-01 -1.0786321582728170e-01
661 -4.2412430923634677e-02 -2.7396505054256153e-02 -6.9162469444732505e-02
662 1.4930710185804766e-01 2.2070871781291659e-02 -9.2561778794128441e-02
663 -1.2653894734101048e-01 3.7457643083293529e-01 1.1394908967943197e-01
664 -3.0537583831332399e-01 5.4895609695071967e-01 -1.7421435725981554e-01
665 -2.2826110594401233e-02 -2.9693597628007251e-01 1.2029200641295612e-01
666 -4.3670240086584516e-02 4.5017695147453179e-01 -2.3886386269055666e-02
667 -1.8166899880129723e-02 4.0874722369090893e-01 -9.7956354420718192e-02
668 2.6260555372096691e-03 1.7743823028290998e-01 1.2253656353597883e-01
669 -1.8567647238433146e-01 1.6179737966830840e-01 4.1231787087606921e-02
670 -1.1822532886809656e-01 -3.9222097338973316e-01 1.5444523412717645e-02
671 -7.9091494291367123e-02 5.1454439811824559e-01 -1.2333758573614712e-01
672 1.2972794436860913e-01 2.2638480347956652e-01 -1.9313518530446161e-02
673 1.1504725675063177e-01 4.0970451804964730e-01 -1.0510574437197027e-01
674 1.3006995028608043e-01 4.3119505484727111e-01 -3.0123144622286931e-02
675 9.9891822277200185e-02 -3.1657156815577120e-01 3.0907639607854039e-02
676 1.0068292929269008e-01 -3.1621854106080938e-01 -4.6484121446430264e-02
677 1.2297686018712634e-01 -4.0677711265173960e-01 -1.1903637950491257e-02
678 1.4996715624853157e-01 -4.5771078009850202e-01 1.2260862244499625e-01
679 1.2586145070873142e-01 -5.6164494468619619e-01 -4.8589636950408001e-02
680 1.3777770759609689e-01 -6.6677566213639661e-01 9.7336852689329286e-03
681 1.2664268422884870e-01 -7.1019292425745895e-01 -1.2655918471925073e-01
682 1.2730768125612255e-01 -7.8608274602898487e-01 -3.9066599292419480e-03
683 3.6302251944785241e-01 -2.5274467625401881e-01 2.6177524698673310e-01
684 -1.1625204889153606e-01 -5.3846299764838979e-01 4.5570558455316377e-03
685 -1.3624632460780980e-01 -6.3945627129398175e-01 -1.2507656502471814e-03
686 -1.4353377510155402e-01 -5.9506703912301240e-01 1.2390108161901822e-01
687 -1.1725724613419963e-01 -7.2602321215231280e-01 -2.6328125322220172e-02
688 -1.5414539655523710e-01 2.2180508154809814e-01 -8.3189078527227400e-02
689 -4.9740163832681247e-02 -2.0776097575104227e-01 -3.1465877044557077e-02
690 3.2859111776387490e-01 2.2239758410396485e-01 -1.3402193719612399e-01
691 2.8804916831144600e-01 2.0718092154785547e-01 -1.1781964497136470e-02
692 2.8149093612442511e-01 1.7729551412023545e-01 6.6877496486273599e-02
693 -4.5392572418954398e-02 7.0949628623479435e-02 8.0249862990216192e-02
694 -1.2523426850556427e-01 1.7045230549849050e-01 -8.3986516075431006e-02
695 -1.8224444888774849e-01 1.6257785310141365e-01 8.5384839057385725e-02
696 -2.9001108659107255e-01 3.6340102995899987e-01 2.1100785042522816e-01
697 -5.2138208687832574e-02 -3.7761707663242644e-01 1.0320355261171116e-01
698 -1.2578321286178509e-01 -3.2347920157378474e-01 1.1539999540635834e-01
699 -1.3892916578262901e-01 -2.1446639029315465e-01 -1.2220259782484673e-01
700 -2.4253240473273127e-01 -2.0283806827148598e-01 -1.0730043921762655e-01
701 -8.7550344013660741e-02 -3.2027831072364937e-01 -1.0700577675154313e-01
702 -8.2597469935535142e-02 -3.9284762502648019e-01 -1.0505543447411177e-01
703 4.9860376875123978e-02 8.5393804107861820e-02 -1.7611775717802321e-02
704 1.7144883436660005e-01 8.8460455884645628e-02 1.3525900147301850e-02
705 2.8764794631472196e-01 7.4615636166676699e-02 3.5057164108937187e-02
706 3.2597211601582327e-01 -7.3178603024103136e-03 -1.9936712042654375e-01
707 5.4632765047008547e-01 1.7635085841966877e-01 -3.9314535390480948e-01
708 1.4013311992006697e-01 4.4375707048881896e-01 8.6974050952395326e-02
709 3.0874492828870481e-01 2.9231495878184438e-01 5.9285072035714696e-02
710 3.1111128501567276e-01 4.1050281394320776e-01 6.9667790066636329e-02
711 2.7803263715837789e-01 4.7953032411446328e-01 -1.6553401254486466e-03
712 1.9277693705120363e-01 5.2250224025032832e-01 8.2643938313299165e-02
713 2.7757071810092010e-01 5.2988878878920953e-01 1.1811534992615211e-01
714 -3.6508949512225475e-01 4.2123895720965136e-02 3.0199805133773000e-01
715 -5.7948983678845954e-02 9.7525761992492813e-02 1.6921009932246135e-02
716 1.1081748559552726e-01 -7.6517910060171945e-01 1.4730953554988968e-01
717 1.3115186541334375e-01 -4.6288373146735901e-01 -1.4775166441586671e-01
718 -9.9691417250161070e-03 -6.8719803289030301e-01 -1.2244644382886984e-01
719 1.7967888747876481e-02 -7.8308519399188659e-01 -1.2012230694175675e-01
720 -1.2458614720329511e-01 -6.6896703144535952e-01 -1.4555858964723445e-01
721 -3.9741496303781904e-02 -8.4653491220299604e-01 -1.1325258146142531e-01
722 -1.0080575507250519e-01 -7.8625879640241036e-01 -1.0450377258306401e-01
723 -1.3213027921408468e-01 -7.7921124480796655e-01 5.6491055999369238e-02
724 -1.0985619591210867e-01 -8.3140585091196340e-01 -1.7023823930128929e-02
725 -9.0273493316017347e-02 2.1314245223015163e-01 8.5999375650280249e-02
726 -1.0242019492487284e-01 2.7438996626656148e-01 1.0051368190052143e-01
727 -1.3989872477841767e-01 1.6435891184682111e-01 8.1443350758987634e-02
728 -1.1536306105577092e-01 1.0116864126089578e-01 9.6940502702096087e-02
729 -1.7544404711759026e-01 4.9114646029479009e-01 -4.1322502544649212e-02
730 -1.7384950817106490e-01 5.9087511165714346e-01 -3.1254945495691591e-02
731 9.9306578453615540e-02 5.1193088673921650e-01 -1.2459456406571509e-01
732 1.9508948727082839e-01 4.9382927103341745e-01 -9.6205004889867843e-02
733 8.8954305896896818e-02 6.1120195169919866e-01 -8.7600487399513260e-02
734 1.2638958376927525e-01 -5.0600007105732769e-01 2.3839074745536201e-02
735 3.3035029869093119e-01 3.9379881670129402e-01 3.1749439969734372e-01
736 -5.6182516122027612e-02 4.6453225926324859e-01 -6.0369498353277207e-02
737 1.6046272502460396e-01 2.0484930016116454e-01 -3.7710771574107654e-02
738 -8.7397789739944484e-02 -2.4075516392134277e-01 -8.0307261695660756e-02
739 -8.6425118420105765e-02 1.2105794341694458e-01 4.9271867675202065e-02
740 1.5679753087914308e-01 4.5857841435700952e-01 -6.1064174747019494e-02
741 -6.3210764967546706e-01 5.9305927633531885e-01 -5.6960380815594935e-01
742 -8.2714727780195174e-02 -3.8612591932445212e-01 -4.5575420438146191e-02
743 6.2834191966167086e-01 6.4649222727010747e-01 6.0682081875300675e-01
744 6.4999054590268390e-01 6.5144671659190267e-01 -6.5572247649556537e-01
745 -8.0224036058347006e-02 -3.8002828422167456e-01 3.4741786702808662e-02
746 6.9189451014380199e-01 1.7243519929569356e-01 5.8702479999634094e-01
747 6.2340793521467219e-01 -2.2598977818594423e-01 -6.7519205220861334e-01
748 6.4617588678092552e-01 -7.0792510847877610e-01 -6.3597079809531676e-01
749 -6.8732457992695739e-01 7.4415329394559582e-01 6.0399010325790270e-01
750 -7.3028891515850125e-01 3.7898540449629238e-02 7.0501138450087097e-01
751 -6.2536885570220624e-01 -1.7725531336711630e-02 -5.3683489768452397e-01
752 -6.9623197550812377e-01 -6.8533442862363725e-01 -7.1834635995432916e-01
753 5.7716962478751188e-01 -6.6226819302819750e-01 4.8886358753220599e-01
754 -8.3284257584252286e-02 -3.7879165240392559e-01 -1.0384492265478511e-02
755 1.6360391523665252e-01 1.9589109171778024e-01 -9.7919959317645483e-04
756 -6.8226536667949061e-02 4.7322402002114083e-01 -4.6609591371830870e-03
757 -8.9307085395637781e-02 1.3558164005935400e-01 1.9960190004819158e-02
758 1.6306245431957267e-01 4.6011584674799566e-01 -6.8978733971134035e-03
759 -6.9399954516209894e-02 4.7579013613074422e-01 -3.3809958496975358e-02
760 1.6476727239102967e-01 4.7271003544237533e-01 2.4335855264275025e-02
761 1.5155651957114863e-01 2.1556583197522602e-01 2.8715859729385101e-02
762 -8.2233708515621839e-02 -2.3598314776989174e-01 -2.2031346000349571e-02
763 -7.7552083644966663e-01 4.8956894184865046e-01 7.8954955417826200e-01
764 -6.4736371017921779e-01 -6.7544986333256207e-01 6.9414086118409579e-01
765 -4.9019434969278790e-02 4.5408873502700692e-01 2.2350300688752014e-02
766 -8.2778611977037966e-02 1.2225646035102129e-01 -2.7434586477339939e-02
767 1.5781826426887430e-01 4.7044166034452922e-01 -3.4752675708066630e-02
768 -6.2963690561518626e-01 -7.5026468584691841e-01 3.7739373790331388e-01
769 7.0070603634621564e-01 -2.5949431113786192e-01 6.6477100280220458e-01
$EndNodes
$Elements
2975
1 4 2 0 0 114 377 113 718
2 4 2 0 0 121 122 389 682
3 4 2 0 0 584 173 669 695
4 4 2 0 0 592 173 695 728
5 4 2 0 0 388 119 120 682
6 4 2 0 0 472 609 710 474
7 4 2 0 0 108 383 625 721
8 4 2 0 0 262 636 496 651
9 4 2 0 0 115 380 114 602
10 4 2 0 0 73 393 677 734
11 4 2 0 0 31 596 202 704
12 4 2 0 0 640 497 641 259
13 4 2 0 0 560 754 742 415
14 4 2 0 0 592 173 728 172
15 4 2 0 0 15 355 128 701
16 4 2 0 0 693 434 147 715
17 4 2 0 0 663 635 283 726
18 4 2 0 0 585 428 160 584
19 4 2 0 0 19 560 598 702
20 4 2 0 0 575 765 507 666
21 4 2 0 0 245 240 241 671
22 4 2 0 0 627 71 629 303
23 4 2 0 0 636 496 651 245
24 4 2 0 0 34 656 225 712
25 4 2 0 0 79 630 80 723
26 4 2 0 0 308 66 67 716
27 4 2 0 0 375 125 380 602
28 4 2 0 0 216 215 221 606
29 4 2 0 0 582 117 374 702
30 4 2 0 0 259 495 636 640
31 4 2 0 0 159 424 160 585
32 4 2 0 0 240 245 244 731
33 4 2 0 0 501 253 34 712
34 4 2 0 0 213 212 484 674
35 4 2 0 0 19 560 538 598
36 4 2 0 0 70 71 678 734
37 4 2 0 0 540 578 559 599
38 4 2 0 0 18 406 97 628
39 4 2 0 0 642 425 669 427
40 4 2 0 0 171 584 170 658
41 4 2 0 0 200 206 205 668
42 4 2 0 0 661 435 555 543
43 4 2 0 0 283 282 618 663
44 4 2 0 0 78 630 79 723
45 4 2 0 0 201 202 596 704
46 4 2 0 0 121 120 681 682
47 4 2 0 0 132 352 133 583
48 4 2 0 0 168 423 167 649
49 4 2 0 0 355 135 134 701
50 4 2 0 0 31 220 596 692
51 4 2 0 0 567 41 619 730
52 4 2 0 0 585 428 584 170
53 4 2 0 0 640 497 259 493
54 4 2 0 0 201 206 200 596
55 4 2 0 0 17 361 132 583
56 4 2 0 0 262 261 636 653
57 4 2 0 0 677 95 676 127
58 4 2 0 0 121 681 120 719
59 4 2 0 0 507 765 652 256
60 4 2 0 0 158 157 423 700
61 4 2 0 0 244 245 494 636
62 4 2 0 0 654 281 663 619
63 4 2 0 0 126 679 125 717
64 4 2 0 0 582 117 702 116
65 4 2 0 0 544 643 318 714
66 4 2 0 0 677 95 127 384
67 4 2 0 0 141 762 433 140
68 4 2 0 0 403 400 399 675
69 4 2 0 0 399 401 404 675
70 4 2 0 0 677 94 73 675
71 4 2 0 0 132 361 352 583
72 4 2 0 0 143 142 597 659
73 4 2 0 0 609 232 711 617
74 4 2 0 0 598 116 702 560
75 4 2 0 0 434 661 154 587
76 4 2 0 0 604 682 650 573
77 4 2 0 0 223 606 222 709
78 4 2 0 0 127 382 374 582
79 4 2 0 0 352 20 133 583
80 4 2 0 0 17 95 127 676
81 4 2 0 0 114 366 370 684
82 4 2 0 0 733 495 243 640
83 4 2 0 0 309 304 81 629
84 4 2 0 0 141 762 441 433
85 4 2 0 0 444 43 612 287
86 4 2 0 0 543 592 693 146
87 4 2 0 0 67 68 306 630
88 4 2 0 0 225 250 35 711
89 4 2 0 0 124 602 125 679
90 4 2 0 0 19 598 579 702
91 4 2 0 0 11 73 94 675
92 4 2 0 0 97 18 628 675
93 4 2 0 0 88 301 89 697
94 4 2 0 0 217 484 485 586
95 4 2 0 0 704 464 703 201
96 4 2 0 0 118 119 394 650
97 4 2 0 0 83 307 303 629
98 4 2 0 0 305 308 78 631
99 4 2 0 0 41 262 275 651
100 4 2 0 0 593 451 447 453
101 4 2 0 0 643 166 698 16
102 4 2 0 0 374 129 127 583
103 4 2 0 0 257 258 499 641
104 4 2 0 0 399 404 97 675
105 4 2 0 0 377 123 381 718
106 4 2 0 0 406 96 97 628
107 4 2 0 0 579 156 700 19
108 4 2 0 0 123 392 122 680
109 4 2 0 0 222 606 221 709
110 4 2 0 0 285 286 28 622
111 4 2 0 0 96 399 97 675
112 4 2 0 0 31 596 704 705
113 4 2 0 0 76 302 311 631
114 4 2 0 0 96 403 399 675
115 4 2 0 0 31 220 32 596
116 4 2 0 0 127 129 17 583
117 4 2 0 0 635 663 590 726
118 4 2 0 0 161 160 428 584
119 4 2 0 0 164 538 19 560
120 4 2 0 0 640 248 247 641
121 4 2 0 0 126 125 375 582
122 4 2 0 0 120 121 390 682
123 4 2 0 0 126 382 127 582
124 4 2 0 0 592 173 172 584
125 4 2 0 0 228 29 646 690
126 4 2 0 0 168 169 585 659
127 4 2 0 0 262 496 492 651
128 4 2 0 0 534 628 18 675
129 4 2 0 0 613 269 265 671
130 4 2 0 0 388 394 119 650
131 4 2 0 0 139 138 597 665
132 4 2 0 0 169 170 585 658
133 4 2 0 0 423 157 430 649
134 4 2 0 0 446 448 455 593
135 4 2 0 0 385 118 394 650
136 4 2 0 0 469 233 232 732
137 4 2 0 0 398 401 400 676
138 4 2 0 0 158 429 159 585
139 4 2 0 0 495 244 494 636
140 4 2 0 0 578 751 550 599
141 4 2 0 0 461 178 179 669
142 4 2 0 0 275 262 492 651
143 4 2 0 0 81 304 82 629
144 4 2 0 0 306 68 309 630
145 4 2 0 0 380 377 114 602
146 4 2 0 0 85 84 310 697
147 4 2 0 0 227 188 29 704
148 4 2 0 0 67 306 308 630
149 4 2 0 0 153 437 152 661
150 4 2 0 0 303 72 310 627
151 4 2 0 0 163 642 25 694
152 4 2 0 0 78 77 305 631
153 4 2 0 0 413 96 406 628
154 4 2 0 0 82 307 83 629
155 4 2 0 0 192 184 191 633
156 4 2 0 0 266 524 575 666
157 4 2 0 0 97 404 18 675
158 4 2 0 0 374 117 128 702
159 4 2 0 0 671 736 667 241
160 4 2 0 0 156 19 164 649
161 4 2 0 0 38 651 671 730
162 4 2 0 0 215 32 220 596
163 4 2 0 0 578 550 700 599
164 4 2 0 0 76 311 77 631
165 4 2 0 0 423 429 158 585
166 4 2 0 0 404 401 137 675
167 4 2 0 0 170 424 169 585
168 4 2 0 0 501 251 252 712
169 4 2 0 0 77 624 78 723
170 4 2 0 0 403 96 11 675
171 4 2 0 0 94 400 403 675
172 4 2 0 0 640 248 641 497
173 4 2 0 0 282 281 618 663
174 4 2 0 0 201 207 206 596
175 4 2 0 0 96 97 628 675
176 4 2 0 0 400 405 398 676
177 4 2 0 0 80 309 81 630
178 4 2 0 0 398 402 401 676
179 4 2 0 0 83 303 84 627
180 4 2 0 0 309 69 304 629
181 4 2 0 0 195 737 30 645
182 4 2 0 0 575 239 674 673
183 4 2 0 0 164 422 156 649
184 4 2 0 0 586 205 605 455
185 4 2 0 0 71 303 307 629
186 4 2 0 0 747 706 537 707
187 4 2 0 0 78 308 79 630
188 4 2 0 0 354 131 19 701
189 4 2 0 0 392 123 387 680
190 4 2 0 0 128 117 15 702
191 4 2 0 0 156 19 649 700
192 4 2 0 0 122 392 389 680
193 4 2 0 0 259 636 260 655
194 4 2 0 0 446 193 448 593
195 4 2 0 0 654 281 619 280
196 4 2 0 0 493 495 259 640
197 4 2 0 0 171 428 170 584
198 4 2 0 0 609 232 617 647
199 4 2 0 0 501 34 251 712
200 4 2 0 0 124 380 125 602
201 4 2 0 0 545 595 554 717
202 4 2 0 0 180 181 468 694
203 4 2 0 0 17 129 361 583
204 4 2 0 0 250 225 471 711
205 4 2 0 0 114 113 366 685
206 4 2 0 0 284 283 635 726
207 4 2 0 0 32 202 31 596
208 4 2 0 0 157 156 430 649
209 4 2 0 0 19 538 164 649
210 4 2 0 0 227 462 188 704
211 4 2 0 0 523 267 266 575
212 4 2 0 0 545 534 20 676
213 4 2 0 0 675 136 676 401
214 4 2 0 0 138 411 406 665
215 4 2 0 0 368 367 80 687
216 4 2 0 0 500 292 291 725
217 4 2 0 0 738 135 21 701
218 4 2 0 0 162 161 426 584
219 4 2 0 0 352 134 20 583
220 4 2 0 0 76 77 624 631
221 4 2 0 0 352 361 359 583
222 4 2 0 0 391 70 387 679
223 4 2 0 0 41 619 280 654
224 4 2 0 0 258 641 257 712
225 4 2 0 0 16 643 571 698
226 4 2 0 0 464 201 200 703
227 4 2 0 0 677 94 675 95
228 4 2 0 0 114 370 115 684
229 4 2 0 0 51 341 617 610
230 4 2 0 0 121 389 390 682
231 4 2 0 0 354 130 131 701
232 4 2 0 0 378 379 111 719
233 4 2 0 0 123 122 381 718
234 4 2 0 0 363 76 372 623
235 4 2 0 0 424 159 429 585
236 4 2 0 0 496 245 246 651
237 4 2 0 0 23 148 739 728
238 4 2 0 0 265 269 37 671
239 4 2 0 0 435 437 145 543
240 4 2 0 0 162 426 427 584
241 4 2 0 0 120 390 388 682
242 4 2 0 0 374 128 129 583
243 4 2 0 0 76 77 623 624
244 4 2 0 0 279 605 278 726
245 4 2 0 0 625 376 721 383
246 4 2 0 0 473 230 474 709
247 4 2 0 0 126 375 382 582
248 4 2 0 0 386 126 393 734
249 4 2 0 0 66 308 305 631
250 4 2 0 0 185 184 192 633
251 4 2 0 0 365 372 77 724
252 4 2 0 0 300 568 544 714
253 4 2 0 0 413 406 411 628
254 4 2 0 0 69 387 70 680
255 4 2 0 0 593 451 453 290
256 4 2 0 0 221 222 216 606
257 4 2 0 0 324 578 751 539
258 4 2 0 0 247 36 242 640
259 4 2 0 0 545 595 717 549
260 4 2 0 0 256 261 262 653
261 4 2 0 0 295 607 536 735
262 4 2 0 0 408 410 22 698
263 4 2 0 0 136 20 534 676
264 4 2 0 0 242 616 36 732
265 4 2 0 0 742 131 560 415
266 4 2 0 0 456 622 28 286
267 4 2 0 0 311 302 64 631
268 4 2 0 0 96 413 11 628
269 4 2 0 0 188 30 29 644
270 4 2 0 0 254 253 259 655
271 4 2 0 0 636 496 245 494
272 4 2 0 0 545 534 676 554
273 4 2 0 0 560 754 415 670
274 4 2 0 0 187 188 466 704
275 4 2 0 0 278 525 523 575
276 4 2 0 0 51 617 329 610
277 4 2 0 0 472 609 474 231
278 4 2 0 0 565 753 632 683
279 4 2 0 0 356 153 152 648
280 4 2 0 0 524 765 666 522
281 4 2 0 0 171 170 145 658
282 4 2 0 0 194 187 186 644
283 4 2 0 0 194 446 450 672
284 4 2 0 0 568 643 544 714
285 4 2 0 0 200 199 465 703
286 4 2 0 0 40 256 262 654
287 4 2 0 0 404 137 18 675
288 4 2 0 0 161 428 426 584
289 4 2 0 0 579 156 19 701
290 4 2 0 0 130 357 15 701
291 4 2 0 0 410 408 92 698
292 4 2 0 0 15 357 355 701
293 4 2 0 0 70 71 629 678
294 4 2 0 0 746 607 295 735
295 4 2 0 0 140 433 597 762
296 4 2 0 0 115 116 375 582
297 4 2 0 0 94 403 11 675
298 4 2 0 0 549 564 325 595
299 4 2 0 0 197 287 288 449
300 4 2 0 0 113 377 381 718
301 4 2 0 0 225 710 711 713
302 4 2 0 0 359 361 129 583
303 4 2 0 0 578 550 751 539
304 4 2 0 0 389 68 67 682
305 4 2 0 0 20 583 545 676
306 4 2 0 0 501 39 259 712
307 4 2 0 0 126 125 582 717
308 4 2 0 0 136 401 402 676
309 4 2 0 0 631 650 66 716
310 4 2 0 0 455 586 446 593
311 4 2 0 0 123 124 387 679
312 4 2 0 0 242 498 247 640
313 4 2 0 0 65 650 631 64
314 4 2 0 0 112 368 113 687
315 4 2 0 0 260 254 259 655
316 4 2 0 0 310 301 85 697
317 4 2 0 0 453 290 451 204
318 4 2 0 0 273 589 688 556
319 4 2 0 0 165 16 538 571
320 4 2 0 0 691 226 692 470
321 4 2 0 0 260 636 261 653
322 4 2 0 0 355 134 359 583
323 4 2 0 0 95 405 400 676
324 4 2 0 0 272 514 271 618
325 4 2 0 0 11 96 628 675
326 4 2 0 0 270 271 513 618
327 4 2 0 0 661 151 555 435
328 4 2 0 0 206 207 586 596
329 4 2 0 0 245 244 731 733
330 4 2 0 0 92 571 670 745
331 4 2 0 0 126 386 125 679
332 4 2 0 0 199 467 465 715
333 4 2 0 0 430 167 423 649
334 4 2 0 0 160 358 159 648
335 4 2 0 0 114 685 598 720
336 4 2 0 0 367 79 80 723
337 4 2 0 0 398 133 402 676
338 4 2 0 0 162 360 161 634
339 4 2 0 0 121 681 122 682
340 4 2 0 0 143 169 168 659
341 4 2 0 0 359 128 355 583
342 4 2 0 0 556 589 642 535
343 4 2 0 0 134 352 359 583
344 4 2 0 0 242 36 235 732
345 4 2 0 0 235 36 233 732
346 4 2 0 0 172 584 171 592
347 4 2 0 0 552 637 664 638
348 4 2 0 0 650 66 682 388
349 4 2 0 0 122 121 378 719
350 4 2 0 0 245 241 246 671
351 4 2 0 0 304 307 82 629
352 4 2 0 0 495 494 260 636
353 4 2 0 0 398 405 132 676
354 4 2 0 0 111 379 110 721
355 4 2 0 0 684 116 560 364
356 4 2 0 0 454 450 446 672
357 4 2 0 0 724 78 723 77
358 4 2 0 0 391 71 70 734
359 4 2 0 0 160 159 585 700
360 4 2 0 0 398 132 133 676
361 4 2 0 0 736 508 37 759
362 4 2 0 0 725 279 500 726
363 4 2 0 0 525 268 267 593
364 4 2 0 0 227 29 691 705
365 4 2 0 0 499 258 35 641
366 4 2 0 0 114 718 113 720
367 4 2 0 0 318 544 533 643
368 4 2 0 0 110 369 111 724
369 4 2 0 0 205 199 200 668
370 4 2 0 0 456 622 286 42
371 4 2 0 0 743 563 735 657
372 4 2 0 0 609 474 231 230
373 4 2 0 0 228 210 229 646
374 4 2 0 0 402 133 20 676
375 4 2 0 0 394 388 65 650
376 4 2 0 0 311 305 77 631
377 4 2 0 0 625 120 719 376
378 4 2 0 0 247 248 250 641
379 4 2 0 0 92 571 745 697
380 4 2 0 0 552 637 638 338
381 4 2 0 0 39 497 259 641
382 4 2 0 0 284 45 500 726
383 4 2 0 0 115 598 114 684
384 4 2 0 0 419 131 415 560
385 4 2 0 0 382 375 116 582
386 4 2 0 0 166 22 167 698
387 4 2 0 0 243 495 493 640
388 4 2 0 0 494 261 260 636
389 4 2 0 0 216 222 217 606
390 4 2 0 0 366 82 370 684
391 4 2 0 0 429 423 168 585
392 4 2 0 0 405 17 132 676
393 4 2 0 0 530 286 28 285
394 4 2 0 0 385 394 64 650
395 4 2 0 0 76 77 372 623
396 4 2 0 0 605 652 278 726
397 4 2 0 0 39 257 499 641
398 4 2 0 0 84 303 310 627
399 4 2 0 0 532 741 664 540
400 4 2 0 0 194 186 193 621
401 4 2 0 0 242 36 616 640
402 4 2 0 0 80 306 309 630
403 4 2 0 0 146 145 437 543
404 4 2 0 0 642 427 669 584
405 4 2 0 0 269 38 671 729
406 4 2 0 0 565 753 683 298
407 4 2 0 0 278 279 525 605
408 4 2 0 0 15 701 128 702
409 4 2 0 0 138 18 137 597
410 4 2 0 0 72 393 73 734
411 4 2 0 0 377 380 124 602
412 4 2 0 0 70 304 69 629
413 4 2 0 0 118 604 119 650
414 4 2 0 0 79 308 306 630
415 4 2 0 0 109 383 108 721
416 4 2 0 0 623 109 724 372
417 4 2 0 0 300 544 764 714
418 4 2 0 0 585 658 643 659
419 4 2 0 0 537 595 554 706
420 4 2 0 0 164 165 422 649
421 4 2 0 0 478 29 228 691
422 4 2 0 0 625 120 376 119
423 4 2 0 0 190 43 189 694
424 4 2 0 0 223 606 709 710
425 4 2 0 0 453 455 448 593
426 4 2 0 0 70 71 307 629
427 4 2 0 0 89 413 411 628
428 4 2 0 0 149 762 689 439
429 4 2 0 0 455 454 446 586
430 4 2 0 0 187 194 195 644
431 4 2 0 0 542 643 314 550
432 4 2 0 0 158 159 150 699
433 4 2 0 0 73 89 301 628
434 4 2 0 0 422 430 156 649
435 4 2 0 0 232 617 233 711
436 4 2 0 0 214 740 33 732
437 4 2 0 0 533 550 314 643
438 4 2 0 0 284 283 516 635
439 4 2 0 0 693 434 715 543
440 4 2 0 0 429 169 424 585
441 4 2 0 0 286 285 479 622
442 4 2 0 0 146 171 145 592
443 4 2 0 0 579 156 701 699
444 4 2 0 0 675 136 401 137
445 4 2 0 0 460 252 457 712
446 4 2 0 0 426 172 427 584
447 4 2 0 0 227 29 478 691
448 4 2 0 0 224 218 223 656
449 4 2 0 0 586 205 455 206
450 4 2 0 0 38 651 246 671
451 4 2 0 0 647 230 212 646
452 4 2 0 0 88 409 13 697
453 4 2 0 0 577 655 639 657
454 4 2 0 0 168 169 429 585
455 4 2 0 0 747 537 333 707
456 4 2 0 0 492 496 246 651
457 4 2 0 0 35 641 258 712
458 4 2 0 0 162 161 599 634
459 4 2 0 0 41 275 517 619
460 4 2 0 0 222 474 223 709
461 4 2 0 0 73 11 89 628
462 4 2 0 0 747 706 707 541
463 4 2 0 0 461 179 27 669
464 4 2 0 0 484 586 217 600
465 4 2 0 0 213 231 212 647
466 4 2 0 0 741 664 540 552
467 4 2 0 0 532 567 342 696
468 4 2 0 0 162 155 154 634
469 4 2 0 0 270 515 269 729
470 4 2 0 0 517 280 41 619
471 4 2 0 0 311 64 65 631
472 4 2 0 0 16 165 538 649
473 4 2 0 0 537 707 706 562
474 4 2 0 0 113 685 114 720
475 4 2 0 0 19 579 550 700
476 4 2 0 0 741 532 751 540
477 4 2 0 0 359 129 128 583
478 4 2 0 0 296 568 300 714
479 4 2 0 0 65 66 305 631
480 4 2 0 0 578 550 539 579
481 4 2 0 0 136 402 20 676
482 4 2 0 0 41 262 639 654
483 4 2 0 0 146 437 434 543
484 4 2 0 0 207 201 202 596
485 4 2 0 0 540 578 322 541
486 4 2 0 0 555 534 545 662
487 4 2 0 0 227 478 470 691
488 4 2 0 0 545 595 541 706
489 4 2 0 0 439 762 689 597
490 4 2 0 0 92 13 410 697
491 4 2 0 0 257 641 39 712
492 4 2 0 0 394 65 64 650
493 4 2 0 0 88 411 409 665
494 4 2 0 0 281 619 618 663
495 4 2 0 0 354 19 156 701
496 4 2 0 0 747 706 541 595
497 4 2 0 0 745 414 670 92
498 4 2 0 0 16 166 165 649
499 4 2 0 0 17 405 95 676
500 4 2 0 0 206 200 596 668
501 4 2 0 0 593 451 290 289
502 4 2 0 0 43 189 444 190
503 4 2 0 0 193 185 192 621
504 4 2 0 0 249 247 250 641
505 4 2 0 0 268 267 593 620
506 4 2 0 0 261 256 255 653
507 4 2 0 0 318 542 714 643
508 4 2 0 0 227 704 29 705
509 4 2 0 0 203 27 458 727
510 4 2 0 0 218 217 223 606
511 4 2 0 0 164 538 165 649
512 4 2 0 0 252 251 457 712
513 4 2 0 0 39 499 248 641
514 4 2 0 0 136 534 20 555
515 4 2 0 0 159 151 150 648
516 4 2 0 0 227 226 462 704
517 4 2 0 0 233 36 617 732
518 4 2 0 0 220 606 596 692
519 4 2 0 0 278 525 575 605
520 4 2 0 0 222 223 217 606
521 4 2 0 0 477 470 220 692
522 4 2 0 0 498 242 493 640
523 4 2 0 0 708 760 34 491
524 4 2 0 0 648 699 159 700
525 4 2 0 0 292 500 45 725
526 4 2 0 0 19 550 579 598
527 4 2 0 0 691 221 220 709
528 4 2 0 0 188 462 466 704
529 4 2 0 0 704 464 201 466
530 4 2 0 0 661 434 153 437
531 4 2 0 0 137 395 138 597
532 4 2 0 0 665 18 597 581
533 4 2 0 0 337 567 532 664
534 4 2 0 0 565 753 298 566
535 4 2 0 0 428 171 426 584
536 4 2 0 0 41 40 262 654
537 4 2 0 0 383 119 118 625
538 4 2 0 0 504 600 674 758
539 4 2 0 0 140 597 433 440
540 4 2 0 0 79 306 80 630
541 4 2 0 0 32 207 202 596
542 4 2 0 0 70 307 304 629
543 4 2 0 0 615 617 341 610
544 4 2 0 0 78 624 77 631
545 4 2 0 0 193 446 194 548
546 4 2 0 0 524 765 522 276
547 4 2 0 0 477 226 470 692
548 4 2 0 0 243 493 242 640
549 4 2 0 0 545 554 706 662
550 4 2 0 0 543 592 146 145
551 4 2 0 0 542 751 599 550
552 4 2 0 0 532 741 317 55
553 4 2 0 0 124 123 377 602
554 4 2 0 0 507 240 575 666
555 4 2 0 0 513 281 515 619
556 4 2 0 0 518 515 512 729
557 4 2 0 0 173 431 427 669
558 4 2 0 0 89 11 413 628
559 4 2 0 0 25 642 688 694
560 4 2 0 0 409 411 138 665
561 4 2 0 0 199 465 703 715
562 4 2 0 0 337 637 567 664
563 4 2 0 0 44 500 291 725
564 4 2 0 0 654 281 280 276
565 4 2 0 0 580 639 655 657
566 4 2 0 0 387 69 392 680
567 4 2 0 0 460 457 257 712
568 4 2 0 0 68 389 392 680
569 4 2 0 0 492 274 275 651
570 4 2 0 0 252 39 501 712
571 4 2 0 0 593 451 289 447
572 4 2 0 0 219 218 224 656
573 4 2 0 0 166 422 165 649
574 4 2 0 0 82 83 684 686
575 4 2 0 0 171 592 584 658
576 4 2 0 0 21 156 699 701
577 4 2 0 0 295 536 607 683
578 4 2 0 0 135 355 357 701
579 4 2 0 0 180 468 24 694
580 4 2 0 0 743 563 657 50
581 4 2 0 0 72 678 71 734
582 4 2 0 0 200 693 199 703
583 4 2 0 0 691 220 470 692
584 4 2 0 0 283 278 282 663
585 4 2 0 0 366 113 368 685
586 4 2 0 0 92 93 414 670
587 4 2 0 0 576 600 708 217
588 4 2 0 0 383 118 373 625
589 4 2 0 0 642 589 556 688
590 4 2 0 0 35 250 641 610
591 4 2 0 0 407 177 176 727
592 4 2 0 0 305 311 65 631
593 4 2 0 0 516 283 514 618
594 4 2 0 0 212 485 484 548
595 4 2 0 0 172 426 171 584
596 4 2 0 0 746 295 297 735
597 4 2 0 0 627 71 303 72
598 4 2 0 0 137 136 395 555
599 4 2 0 0 157 699 156 700
600 4 2 0 0 45 284 635 726
601 4 2 0 0 603 720 611 722
602 4 2 0 0 271 270 266 613
603 4 2 0 0 181 28 468 694
604 4 2 0 0 248 499 250 641
605 4 2 0 0 497 39 248 641
606 4 2 0 0 142 440 433 597
607 4 2 0 0 670 538 571 165
608 4 2 0 0 541 549 325 595
609 4 2 0 0 239 240 244 731
610 4 2 0 0 274 512 275 729
611 4 2 0 0 272 516 618 556
612 4 2 0 0 280 40 41 654
613 4 2 0 0 225 476 471 711
614 4 2 0 0 425 427 431 669
615 4 2 0 0 644 703 662 187
616 4 2 0 0 460 39 252 712
617 4 2 0 0 44 204 605 725
618 4 2 0 0 597 659 22 665
619 4 2 0 0 122 680 389 682
620 4 2 0 0 350 345 14 611
621 4 2 0 0 240 667 241 671
622 4 2 0 0 26 173 407 727
623 4 2 0 0 270 265 266 613
624 4 2 0 0 278 502 279 726
625 4 2 0 0 295 607 746 683
626 4 2 0 0 567 639 342 696
627 4 2 0 0 159 699 158 700
628 4 2 0 0 33 469 214 732
629 4 2 0 0 407 23 177 727
630 4 2 0 0 217 485 216 586
631 4 2 0 0 750 300 764 714
632 4 2 0 0 356 161 153 634
633 4 2 0 0 563 746 743 735
634 4 2 0 0 609 617 563 690
635 4 2 0 0 521 290 289 593
636 4 2 0 0 259 641 636 655
637 4 2 0 0 381 122 378 718
638 4 2 0 0 725 279 726 605
639 4 2 0 0 217 218 600 708
640 4 2 0 0 708 34 219 491
641 4 2 0 0 232 476 472 711
642 4 2 0 0 356 152 160 648
643 4 2 0 0 451 288 531 449
644 4 2 0 0 461 27 197 669
645 4 2 0 0 167 430 166 649
646 4 2 0 0 293 544 300 568
647 4 2 0 0 269 38 37 671
648 4 2 0 0 513 271 514 618
649 4 2 0 0 14 347 350 611
650 4 2 0 0 480 273 272 660
651 4 2 0 0 434 154 661 153
652 4 2 0 0 513 729 619 515
653 4 2 0 0 157 149 21 699
654 4 2 0 0 258 257 457 712
655 4 2 0 0 644 646 29 690
656 4 2 0 0 70 632 69 680
657 4 2 0 0 233 617 36 711
658 4 2 0 0 541 747 595 325
659 4 2 0 0 151 435 436 555
660 4 2 0 0 80 686 685 723
661 4 2 0 0 471 249 250 711
662 4 2 0 0 320 578 541 322
663 4 2 0 0 542 540 599 751
664 4 2 0 0 204 205 605 668
665 4 2 0 0 38 274 246 651
666 4 2 0 0 184 185 587 633
667 4 2 0 0 39 460 257 712
668 4 2 0 0 521 525 528 605
669 4 2 0 0 162 161 584 599
670 4 2 0 0 517 275 512 619
671 4 2 0 0 384 393 127 677
672 4 2 0 0 545 534 554 662
673 4 2 0 0 362 560 670 754
674 4 2 0 0 282 278 277 663
675 4 2 0 0 397 395 134 689
676 4 2 0 0 547 342 339 639
677 4 2 0 0 31 202 226 704
678 4 2 0 0 444 612 43 190
679 4 2 0 0 748 325 564 595
680 4 2 0 0 118 119 604 625
681 4 2 0 0 169 658 585 659
682 4 2 0 0 592 173 584 695
683 4 2 0 0 144 143 436 597
684 4 2 0 0 243 242 731 733
685 4 2 0 0 122 681 121 719
686 4 2 0 0 654 281 276 663
687 4 2 0 0 432 766 182 757
688 4 2 0 0 627 73 628 678
689 4 2 0 0 246 274 492 651
690 4 2 0 0 289 531 456 451
691 4 2 0 0 416 164 419 670
692 4 2 0 0 563 746 330 332
693 4 2 0 0 37 246 241 671
694 4 2 0 0 354 357 130 701
695 4 2 0 0 80 81 368 685
696 4 2 0 0 144 169 143 658
697 4 2 0 0 751 98 99 322
698 4 2 0 0 29 188 644 662
699 4 2 0 0 192 191 620 633
700 4 2 0 0 639 651 41 730
701 4 2 0 0 289 191 593 447
702 4 2 0 0 249 610 250 711
703 4 2 0 0 82 366 81 685
704 4 2 0 0 555 545 534 20
705 4 2 0 0 392 69 68 680
706 4 2 0 0 457 251 34 712
707 4 2 0 0 318 533 314 643
708 4 2 0 0 387 124 391 679
709 4 2 0 0 685 686 570 723
710 4 2 0 0 212 548 484 674
711 4 2 0 0 30 188 195 644
712 4 2 0 0 134 136 20 555
713 4 2 0 0 174 175 425 669
714 4 2 0 0 675 95 94 400
715 4 2 0 0 742 362 754 560
716 4 2 0 0 260 636 653 655
717 4 2 0 0 760 504 758 600
718 4 2 0 0 125 386 391 679
719 4 2 0 0 584 585 170 658
720 4 2 0 0 338 343 102 552
721 4 2 0 0 515 518 269 729
722 4 2 0 0 283 284 502 726
723 4 2 0 0 410 139 22 665
724 4 2 0 0 422 166 430 649
725 4 2 0 0 330 769 746 683
726 4 2 0 0 244 245 636 733
727 4 2 0 0 70 629 69 632
728 4 2 0 0 67 682 68 716
729 4 2 0 0 360 162 154 634
730 4 2 0 0 644 703 187 186
731 4 2 0 0 34 225 656 459
732 4 2 0 0 454 761 586 207
733 4 2 0 0 584 173 172 427
734 4 2 0 0 277 278 523 575
735 4 2 0 0 549 578 539 579
736 4 2 0 0 19 538 550 598
737 4 2 0 0 318 542 643 314
738 4 2 0 0 137 534 18 675
739 4 2 0 0 238 243 242 731
740 4 2 0 0 635 590 663 696
741 4 2 0 0 585 428 170 424
742 4 2 0 0 293 565 298 566
743 4 2 0 0 348 566 344 624
744 4 2 0 0 390 389 67 682
745 4 2 0 0 512 280 517 619
746 4 2 0 0 219 224 459 656
747 4 2 0 0 274 518 512 729
748 4 2 0 0 525 593 575 605
749 4 2 0 0 452 737 30 195
750 4 2 0 0 484 217 218 600
751 4 2 0 0 654 276 280 40
752 4 2 0 0 45 635 27 727
753 4 2 0 0 642 425 427 163
754 4 2 0 0 114 366 684 685
755 4 2 0 0 531 287 289 456
756 4 2 0 0 43 28 189 694
757 4 2 0 0 176 177 458 727
758 4 2 0 0 650 66 388 65
759 4 2 0 0 395 136 134 555
760 4 2 0 0 454 446 586 672
761 4 2 0 0 408 93 92 698
762 4 2 0 0 351 595 564 604
763 4 2 0 0 80 81 685 686
764 4 2 0 0 226 202 462 704
765 4 2 0 0 326 552 102 741
766 4 2 0 0 268 480 267 660
767 4 2 0 0 112 113 381 718
768 4 2 0 0 225 711 35 713
769 4 2 0 0 742 15 117 702
770 4 2 0 0 516 283 618 635
771 4 2 0 0 747 325 748 595
772 4 2 0 0 206 576 205 668
773 4 2 0 0 112 378 111 718
774 4 2 0 0 455 206 454 586
775 4 2 0 0 294 735 295 536
776 4 2 0 0 684 116 364 115
777 4 2 0 0 751 326 540 322
778 4 2 0 0 590 635 726 727
779 4 2 0 0 693 434 543 146
780 4 2 0 0 161 160 584 599
781 4 2 0 0 597 22 659 142
782 4 2 0 0 594 705 704 596
783 4 2 0 0 499 35 250 641
784 4 2 0 0 66 388 390 682
785 4 2 0 0 623 109 372 108
786 4 2 0 0 197 287 449 196
787 4 2 0 0 736 508 759 666
788 4 2 0 0 216 576 217 586
789 4 2 0 0 159 358 151 648
790 4 2 0 0 630 686 80 723
791 4 2 0 0 545 541 595 549
792 4 2 0 0 23 148 443 739
793 4 2 0 0 26 178 461 669
794 4 2 0 0 661 435 543 437
795 4 2 0 0 417 415 754 670
796 4 2 0 0 416 419 415 670
797 4 2 0 0 172 171 146 592
798 4 2 0 0 743 563 50 332
799 4 2 0 0 388 650 119 682
800 4 2 0 0 268 527 42 593
801 4 2 0 0 753 573 632 537
802 4 2 0 0 114 602 377 718
803 4 2 0 0 374 128 583 702
804 4 2 0 0 452 737 195 672
805 4 2 0 0 318 542 314 313
806 4 2 0 0 567 41 730 639
807 4 2 0 0 529 203 288 290
808 4 2 0 0 444 196 287 612
809 4 2 0 0 545 676 583 717
810 4 2 0 0 233 234 235 732
811 4 2 0 0 326 552 741 540
812 4 2 0 0 273 480 268 660
813 4 2 0 0 407 148 23 728
814 4 2 0 0 316 749 763 553
815 4 2 0 0 507 765 256 509
816 4 2 0 0 126 127 393 677
817 4 2 0 0 84 85 571 697
818 4 2 0 0 194 450 195 672
819 4 2 0 0 584 173 427 669
820 4 2 0 0 604 650 682 119
821 4 2 0 0 36 610 249 711
822 4 2 0 0 151 436 150 555
823 4 2 0 0 77 623 624 723
824 4 2 0 0 73 677 393 384
825 4 2 0 0 663 635 696 618
826 4 2 0 0 210 211 229 646
827 4 2 0 0 724 78 77 365
828 4 2 0 0 190 196 444 612
829 4 2 0 0 524 765 575 666
830 4 2 0 0 642 197 669 175
831 4 2 0 0 691 226 470 227
832 4 2 0 0 266 575 524 523
833 4 2 0 0 20 545 583 601
834 4 2 0 0 35 610 641 713
835 4 2 0 0 202 201 466 704
836 4 2 0 0 364 371 116 560
837 4 2 0 0 67 68 630 716
838 4 2 0 0 596 32 207 761
839 4 2 0 0 142 167 22 659
840 4 2 0 0 238 242 481 732
841 4 2 0 0 344 650 631 716
842 4 2 0 0 150 149 601 689
843 4 2 0 0 137 534 136 555
844 4 2 0 0 308 67 630 716
845 4 2 0 0 582 117 116 382
846 4 2 0 0 368 112 367 687
847 4 2 0 0 153 161 360 634
848 4 2 0 0 567 41 639 654
849 4 2 0 0 419 19 131 560
850 4 2 0 0 769 295 746 683
851 4 2 0 0 235 234 481 732
852 4 2 0 0 28 181 189 694
853 4 2 0 0 213 232 231 647
854 4 2 0 0 155 163 24 694
855 4 2 0 0 181 180 353 694
856 4 2 0 0 470 478 475 691
857 4 2 0 0 546 558 551 561
858 4 2 0 0 172 146 147 592
859 4 2 0 0 82 629 83 686
860 4 2 0 0 33 490 740 214
861 4 2 0 0 604 682 573 681
862 4 2 0 0 596 761 207 586
863 4 2 0 0 157 649 423 700
864 4 2 0 0 597 665 22 139
865 4 2 0 0 150 436 439 689
866 4 2 0 0 575 239 673 240
867 4 2 0 0 193 186 185 621
868 4 2 0 0 126 677 679 717
869 4 2 0 0 642 427 584 162
870 4 2 0 0 370 364 115 684
871 4 2 0 0 199 205 204 668
872 4 2 0 0 379 378 121 719
873 4 2 0 0 642 589 599 535
874 4 2 0 0 568 643 658 659
875 4 2 0 0 367 80 687 723
876 4 2 0 0 547 342 639 553
877 4 2 0 0 677 94 95 384
878 4 2 0 0 616 640 36 610
879 4 2 0 0 575 278 605 652
880 4 2 0 0 20 134 555 601
881 4 2 0 0 744 335 51 617
882 4 2 0 0 342 532 337 567
883 4 2 0 0 197 287 196 612
884 4 2 0 0 543 658 144 581
885 4 2 0 0 324 578 539 320
886 4 2 0 0 296 293 300 568
887 4 2 0 0 371 364 84 571
888 4 2 0 0 515 281 280 619
889 4 2 0 0 291 292 203 725
890 4 2 0 0 379 120 376 719
891 4 2 0 0 147 412 172 728
892 4 2 0 0 57 344 56 566
893 4 2 0 0 260 255 254 653
894 4 2 0 0 467 766 184 587
895 4 2 0 0 742 362 560 117
896 4 2 0 0 762 135 21 738
897 4 2 0 0 358 160 152 648
898 4 2 0 0 761 486 586 215
899 4 2 0 0 367 111 369 687
900 4 2 0 0 135 601 738 689
901 4 2 0 0 318 542 313 714
902 4 2 0 0 174 197 175 669
903 4 2 0 0 144 145 170 658
904 4 2 0 0 542 751 550 312
905 4 2 0 0 479 285 43 622
906 4 2 0 0 232 213 214 647
907 4 2 0 0 166 408 22 698
908 4 2 0 0 750 300 714 296
909 4 2 0 0 684 116 115 598
910 4 2 0 0 101 100 347 564
911 4 2 0 0 31 226 477 692
912 4 2 0 0 353 189 181 694
913 4 2 0 0 453 205 455 605
914 4 2 0 0 412 173 172 728
915 4 2 0 0 766 155 24 633
916 4 2 0 0 282 281 513 618
917 4 2 0 0 168 142 143 659
918 4 2 0 0 507 652 575 255
919 4 2 0 0 279 528 525 605
920 4 2 0 0 627 71 72 678
921 4 2 0 0 290 204 453 605
922 4 2 0 0 704 464 466 187
923 4 2 0 0 123 680 122 681
924 4 2 0 0 284 516 520 635
925 4 2 0 0 111 719 379 721
926 4 2 0 0 308 631 66 716
927 4 2 0 0 414 93 418 670
928 4 2 0 0 134 601 135 689
929 4 2 0 0 34 253 708 712
930 4 2 0 0 228 229 475 691
931 4 2 0 0 314 533 319 550
932 4 2 0 0 330 769 683 334
933 4 2 0 0 330 769 334 49
934 4 2 0 0 550 649 19 700
935 4 2 0 0 199 200 668 693
936 4 2 0 0 718 123 681 602
937 4 2 0 0 464 200 465 703
938 4 2 0 0 567 664 637 730
939 4 2 0 0 511 520 516 612
940 4 2 0 0 753 49 334 769
941 4 2 0 0 458 178 176 727
942 4 2 0 0 343 532 741 664
943 4 2 0 0 599 557 642 535
944 4 2 0 0 484 487 213 674
945 4 2 0 0 533 539 319 550
946 4 2 0 0 138 139 409 665
947 4 2 0 0 736 508 666 241
948 4 2 0 0 642 425 163 175
949 4 2 0 0 246 37 38 671
950 4 2 0 0 289 42 527 593
951 4 2 0 0 580 655 641 657
952 4 2 0 0 391 70 679 734
953 4 2 0 0 478 228 475 691
954 4 2 0 0 42 286 479 622
955 4 2 0 0 40 652 256 654
956 4 2 0 0 114 598 685 684
957 4 2 0 0 295 565 536 683
958 4 2 0 0 85 301 88 697
959 4 2 0 0 70 632 680 734
960 4 2 0 0 459 224 225 656
961 4 2 0 0 484 548 485 586
962 4 2 0 0 316 532 749 696
963 4 2 0 0 586 205 206 576
964 4 2 0 0 642 588 589 688
965 4 2 0 0 432 766 757 715
966 4 2 0 0 126 582 127 717
967 4 2 0 0 144 170 169 658
968 4 2 0 0 179 178 458 727
969 4 2 0 0 451 289 531 290
970 4 2 0 0 261 255 260 653
971 4 2 0 0 580 636 641 655
972 4 2 0 0 656 34 459 219
973 4 2 0 0 652 524 575 277
974 4 2 0 0 679 123 602 681
975 4 2 0 0 753 49 769 298
976 4 2 0 0 586 593 455 605
977 4 2 0 0 158 150 149 699
978 4 2 0 0 320 325 549 564
979 4 2 0 0 542 751 312 532
980 4 2 0 0 301 627 628 697
981 4 2 0 0 696 714 590 536
982 4 2 0 0 366 368 81 685
983 4 2 0 0 599 585 700 160
984 4 2 0 0 201 596 594 704
985 4 2 0 0 35 258 457 712
986 4 2 0 0 51 329 50 610
987 4 2 0 0 271 272 589 660
988 4 2 0 0 229 690 230 691
989 4 2 0 0 691 221 709 473
990 4 2 0 0 326 552 540 321
991 4 2 0 0 543 658 581 592
992 4 2 0 0 188 662 29 704
993 4 2 0 0 108 625 383 373
994 4 2 0 0 240 614 245 731
995 4 2 0 0 173 26 431 669
996 4 2 0 0 769 295 683 298
997 4 2 0 0 751 326 741 540
998 4 2 0 0 507 575 240 505
999 4 2 0 0 48 746 295 297
1000 4 2 0 0 275 41 651 730
1001 4 2 0 0 473 474 222 709
1002 4 2 0 0 540 578 541 559
1003 4 2 0 0 567 41 654 619
1004 4 2 0 0 766 155 633 587
1005 4 2 0 0 233 36 249 711
1006 4 2 0 0 707 744 546 617
1007 4 2 0 0 656 34 219 708
1008 4 2 0 0 355 134 583 701
1009 4 2 0 0 676 127 583 717
1010 4 2 0 0 20 555 545 601
1011 4 2 0 0 458 177 23 727
1012 4 2 0 0 162 599 584 642
1013 4 2 0 0 211 485 212 548
1014 4 2 0 0 282 514 283 618
1015 4 2 0 0 71 391 386 734
1016 4 2 0 0 757 766 182 463
1017 4 2 0 0 676 583 127 17
1018 4 2 0 0 451 288 449 203
1019 4 2 0 0 331 333 562 707
1020 4 2 0 0 360 154 153 634
1021 4 2 0 0 387 679 70 680
1022 4 2 0 0 454 761 207 445
1023 4 2 0 0 325 747 105 323
1024 4 2 0 0 507 652 255 256
1025 4 2 0 0 733 495 640 636
1026 4 2 0 0 355 583 128 701
1027 4 2 0 0 468 191 184 633
1028 4 2 0 0 590 714 696 695
1029 4 2 0 0 223 474 472 710
1030 4 2 0 0 234 469 33 732
1031 4 2 0 0 390 67 66 682
1032 4 2 0 0 26 461 174 669
1033 4 2 0 0 194 195 645 672
1034 4 2 0 0 625 376 383 119
1035 4 2 0 0 123 679 387 680
1036 4 2 0 0 364 83 84 684
1037 4 2 0 0 339 639 580 657
1038 4 2 0 0 108 87 363 623
1039 4 2 0 0 165 164 416 670
1040 4 2 0 0 431 174 425 669
1041 4 2 0 0 678 534 628 683
1042 4 2 0 0 110 379 376 721
1043 4 2 0 0 57 56 293 566
1044 4 2 0 0 372 623 77 724
1045 4 2 0 0 194 548 446 672
1046 4 2 0 0 466 462 202 704
1047 4 2 0 0 266 666 575 667
1048 4 2 0 0 741 751 532 317
1049 4 2 0 0 280 512 515 619
1050 4 2 0 0 576 575 605 652
1051 4 2 0 0 590 714 591 536
1052 4 2 0 0 51 335 329 617
1053 4 2 0 0 607 594 705 683
1054 4 2 0 0 273 516 272 556
1055 4 2 0 0 640 497 493 498
1056 4 2 0 0 233 469 234 732
1057 4 2 0 0 637 639 567 730
1058 4 2 0 0 73 675 628 678
1059 4 2 0 0 19 550 538 649
1060 4 2 0 0 330 769 49 746
1061 4 2 0 0 541 747 325 323
1062 4 2 0 0 746 743 735 297
1063 4 2 0 0 131 19 701 702
1064 4 2 0 0 591 714 590 695
1065 4 2 0 0 199 703 693 715
1066 4 2 0 0 296 714 536 568
1067 4 2 0 0 124 125 391 679
1068 4 2 0 0 144 143 581 658
1069 4 2 0 0 235 481 242 732
1070 4 2 0 0 101 320 100 564
1071 4 2 0 0 111 112 718 722
1072 4 2 0 0 486 216 485 586
1073 4 2 0 0 240 239 673 731
1074 4 2 0 0 224 711 710 472
1075 4 2 0 0 29 690 228 691
1076 4 2 0 0 369 79 367 723
1077 4 2 0 0 33 238 481 732
1078 4 2 0 0 445 450 454 672
1079 4 2 0 0 502 278 283 726
1080 4 2 0 0 63 302 76 631
1081 4 2 0 0 197 174 461 669
1082 4 2 0 0 61 537 351 573
1083 4 2 0 0 447 192 191 593
1084 4 2 0 0 750 300 296 53
1085 4 2 0 0 750 299 763 52
1086 4 2 0 0 386 393 72 734
1087 4 2 0 0 438 766 432 715
1088 4 2 0 0 358 152 151 648
1089 4 2 0 0 765 503 666 756
1090 4 2 0 0 751 326 322 99
1091 4 2 0 0 556 197 635 669
1092 4 2 0 0 753 769 334 683
1093 4 2 0 0 751 326 99 741
1094 4 2 0 0 636 496 494 261
1095 4 2 0 0 527 268 521 593
1096 4 2 0 0 293 544 565 566
1097 4 2 0 0 444 449 287 196
1098 4 2 0 0 73 628 675 11
1099 4 2 0 0 290 44 204 605
1100 4 2 0 0 167 659 643 698
1101 4 2 0 0 185 186 465 703
1102 4 2 0 0 51 336 341 610
1103 4 2 0 0 85 88 13 697
1104 4 2 0 0 157 156 649 700
1105 4 2 0 0 715 766 757 463
1106 4 2 0 0 267 667 575 548
1107 4 2 0 0 585 428 424 160
1108 4 2 0 0 230 211 212 646
1109 4 2 0 0 29 704 662 705
1110 4 2 0 0 70 678 632 734
1111 4 2 0 0 296 536 293 568
1112 4 2 0 0 187 195 188 644
1113 4 2 0 0 370 82 83 684
1114 4 2 0 0 267 575 667 266
1115 4 2 0 0 178 179 669 695
1116 4 2 0 0 746 562 607 563
1117 4 2 0 0 567 654 639 696
1118 4 2 0 0 747 537 595 748
1119 4 2 0 0 147 148 412 728
1120 4 2 0 0 110 722 109 724
1121 4 2 0 0 229 646 230 690
1122 4 2 0 0 185 621 587 633
1123 4 2 0 0 134 135 601 701
1124 4 2 0 0 374 127 582 583
1125 4 2 0 0 273 519 511 612
1126 4 2 0 0 575 666 240 667
1127 4 2 0 0 383 109 376 721
1128 4 2 0 0 378 112 381 718
1129 4 2 0 0 609 232 647 231
1130 4 2 0 0 163 175 25 642
1131 4 2 0 0 6 99 326 741
1132 4 2 0 0 239 506 505 674
1133 4 2 0 0 609 711 472 710
1134 4 2 0 0 739 148 693 728
1135 4 2 0 0 638 637 664 730
1136 4 2 0 0 511 516 273 612
1137 4 2 0 0 733 495 636 244
1138 4 2 0 0 457 34 225 712
1139 4 2 0 0 16 538 571 643
1140 4 2 0 0 309 629 81 630
1141 4 2 0 0 61 351 346 573
1142 4 2 0 0 289 593 191 42
1143 4 2 0 0 157 158 149 699
1144 4 2 0 0 661 601 151 648
1145 4 2 0 0 575 254 652 600
1146 4 2 0 0 468 184 24 633
1147 4 2 0 0 419 560 415 670
1148 4 2 0 0 294 735 536 547
1149 4 2 0 0 586 205 576 605
1150 4 2 0 0 337 343 637 664
1151 4 2 0 0 599 557 535 542
1152 4 2 0 0 249 641 250 610
1153 4 2 0 0 126 386 679 734
1154 4 2 0 0 571 544 697 698
1155 4 2 0 0 448 193 192 593
1156 4 2 0 0 684 116 598 560
1157 4 2 0 0 144 581 143 597
1158 4 2 0 0 438 587 766 715
1159 4 2 0 0 81 629 82 686
1160 4 2 0 0 743 46 340 547
1161 4 2 0 0 665 597 18 138
1162 4 2 0 0 185 465 467 587
1163 4 2 0 0 544 568 626 643
1164 4 2 0 0 159 158 585 700
1165 4 2 0 0 652 524 277 276
1166 4 2 0 0 301 628 89 697
1167 4 2 0 0 524 277 523 575
1168 4 2 0 0 271 266 267 660
1169 4 2 0 0 591 714 592 536
1170 4 2 0 0 418 165 416 670
1171 4 2 0 0 433 439 142 597
1172 4 2 0 0 308 630 78 631
1173 4 2 0 0 351 748 101 564
1174 4 2 0 0 576 600 217 586
1175 4 2 0 0 262 496 636 261
1176 4 2 0 0 278 652 277 663
1177 4 2 0 0 724 78 365 369
1178 4 2 0 0 743 46 1 340
1179 4 2 0 0 467 587 465 715
1180 4 2 0 0 670 538 165 164
1181 4 2 0 0 168 167 142 659
1182 4 2 0 0 83 303 627 629
1183 4 2 0 0 677 94 384 73
1184 4 2 0 0 72 73 678 734
1185 4 2 0 0 671 736 241 37
1186 4 2 0 0 477 220 31 692
1187 4 2 0 0 228 646 229 690
1188 4 2 0 0 139 410 409 665
1189 4 2 0 0 78 624 630 723
1190 4 2 0 0 592 714 591 695
1191 4 2 0 0 21 699 156 157
1192 4 2 0 0 290 204 203 451
1193 4 2 0 0 471 233 249 711
1194 4 2 0 0 456 622 42 191
1195 4 2 0 0 130 701 15 702
1196 4 2 0 0 661 434 437 543
1197 4 2 0 0 762 21 141 441
1198 4 2 0 0 81 82 685 686
1199 4 2 0 0 194 621 193 645
1200 4 2 0 0 727 45 726 725
1201 4 2 0 0 147 592 146 693
1202 4 2 0 0 704 464 187 703
1203 4 2 0 0 601 151 648 150
1204 4 2 0 0 609 474 230 709
1205 4 2 0 0 135 357 21 701
1206 4 2 0 0 54 316 315 532
1207 4 2 0 0 273 268 479 622
1208 4 2 0 0 55 315 317 532
1209 4 2 0 0 110 721 109 722
1210 4 2 0 0 451 288 203 290
1211 4 2 0 0 158 423 585 700
1212 4 2 0 0 293 298 57 566
1213 4 2 0 0 375 582 125 602
1214 4 2 0 0 316 749 553 696
1215 4 2 0 0 765 503 756 509
1216 4 2 0 0 671 736 37 265
1217 4 2 0 0 525 521 268 593
1218 4 2 0 0 105 748 333 747
1219 4 2 0 0 407 176 26 727
1220 4 2 0 0 312 542 314 550
1221 4 2 0 0 755 761 209 489
1222 4 2 0 0 192 593 193 620
1223 4 2 0 0 110 365 369 724
1224 4 2 0 0 456 287 530 444
1225 4 2 0 0 559 561 551 621
1226 4 2 0 0 245 614 240 671
1227 4 2 0 0 638 664 552 671
1228 4 2 0 0 543 658 592 145
1229 4 2 0 0 453 455 593 605
1230 4 2 0 0 259 636 495 260
1231 4 2 0 0 543 658 145 144
1232 4 2 0 0 753 57 298 566
1233 4 2 0 0 558 647 646 690
1234 4 2 0 0 273 589 556 272
1235 4 2 0 0 748 325 101 564
1236 4 2 0 0 290 528 44 605
1237 4 2 0 0 178 179 695 727
1238 4 2 0 0 531 449 456 451
1239 4 2 0 0 579 701 19 702
1240 4 2 0 0 749 316 54 532
1241 4 2 0 0 343 532 664 337
1242 4 2 0 0 625 120 119 604
1243 4 2 0 0 514 282 513 618
1244 4 2 0 0 149 762 439 441
1245 4 2 0 0 576 575 652 600
1246 4 2 0 0 16 165 418 571
1247 4 2 0 0 101 325 320 564
1248 4 2 0 0 532 751 312 317
1249 4 2 0 0 582 117 382 374
1250 4 2 0 0 173 26 695 727
1251 4 2 0 0 340 336 50 657
1252 4 2 0 0 663 635 618 283
1253 4 2 0 0 163 353 24 694
1254 4 2 0 0 457 225 35 712
1255 4 2 0 0 27 635 197 669
1256 4 2 0 0 372 365 109 724
1257 4 2 0 0 446 548 193 593
1258 4 2 0 0 679 602 123 124
1259 4 2 0 0 114 602 718 720
1260 4 2 0 0 681 717 564 602
1261 4 2 0 0 185 192 621 633
1262 4 2 0 0 570 611 720 722
1263 4 2 0 0 750 299 52 296
1264 4 2 0 0 316 749 2 763
1265 4 2 0 0 762 21 149 738
1266 4 2 0 0 500 279 284 726
1267 4 2 0 0 464 186 187 703
1268 4 2 0 0 80 630 81 686
1269 4 2 0 0 367 112 111 687
1270 4 2 0 0 158 699 157 700
1271 4 2 0 0 230 229 211 646
1272 4 2 0 0 232 233 476 711
1273 4 2 0 0 278 575 277 652
1274 4 2 0 0 100 320 539 564
1275 4 2 0 0 319 314 59 533
1276 4 2 0 0 552 637 338 343
1277 4 2 0 0 314 58 59 533
1278 4 2 0 0 468 191 633 694
1279 4 2 0 0 20 583 134 601
1280 4 2 0 0 605 725 668 726
1281 4 2 0 0 213 647 212 673
1282 4 2 0 0 690 705 29 706
1283 4 2 0 0 707 744 617 335
1284 4 2 0 0 727 726 45 635
1285 4 2 0 0 85 13 745 697
1286 4 2 0 0 326 552 321 102
1287 4 2 0 0 541 747 323 707
1288 4 2 0 0 100 539 347 564
1289 4 2 0 0 195 737 645 672
1290 4 2 0 0 205 576 605 668
1291 4 2 0 0 438 434 154 587
1292 4 2 0 0 254 253 655 708
1293 4 2 0 0 193 192 620 621
1294 4 2 0 0 718 681 123 122
1295 4 2 0 0 272 618 516 514
1296 4 2 0 0 438 147 434 715
1297 4 2 0 0 278 663 283 726
1298 4 2 0 0 225 710 713 656
1299 4 2 0 0 316 696 553 714
1300 4 2 0 0 126 127 677 717
1301 4 2 0 0 267 660 266 667
1302 4 2 0 0 657 339 336 580
1303 4 2 0 0 211 486 485 672
1304 4 2 0 0 410 92 697 698
1305 4 2 0 0 150 555 436 689
1306 4 2 0 0 287 519 43 612
1307 4 2 0 0 111 687 112 722
1308 4 2 0 0 580 639 636 655
1309 4 2 0 0 91 742 754 421
1310 4 2 0 0 745 362 85 670
1311 4 2 0 0 369 687 111 724
1312 4 2 0 0 535 540 664 589
1313 4 2 0 0 675 136 137 534
1314 4 2 0 0 227 226 704 705
1315 4 2 0 0 287 531 449 456
1316 4 2 0 0 644 703 186 621
1317 4 2 0 0 295 565 683 298
1318 4 2 0 0 45 197 288 203
1319 4 2 0 0 122 681 680 682
1320 4 2 0 0 507 505 255 575
1321 4 2 0 0 164 19 419 560
1322 4 2 0 0 636 639 653 655
1323 4 2 0 0 395 555 134 689
1324 4 2 0 0 256 653 262 654
1325 4 2 0 0 354 156 21 701
1326 4 2 0 0 486 586 485 672
1327 4 2 0 0 195 30 644 645
1328 4 2 0 0 362 560 117 371
1329 4 2 0 0 121 120 379 719
1330 4 2 0 0 750 300 53 764
1331 4 2 0 0 98 312 319 751
1332 4 2 0 0 745 754 90 362
1333 4 2 0 0 750 299 296 553
1334 4 2 0 0 751 99 312 317
1335 4 2 0 0 267 620 660 667
1336 4 2 0 0 41 275 619 730
1337 4 2 0 0 604 682 681 120
1338 4 2 0 0 223 472 224 710
1339 4 2 0 0 321 546 102 552
1340 4 2 0 0 21 357 354 701
1341 4 2 0 0 254 505 506 600
1342 4 2 0 0 378 111 718 719
1343 4 2 0 0 143 597 581 659
1344 4 2 0 0 676 583 17 132
1345 4 2 0 0 351 748 564 595
1346 4 2 0 0 159 648 150 699
1347 4 2 0 0 201 200 594 596
1348 4 2 0 0 289 527 521 593
1349 4 2 0 0 606 709 710 735
1350 4 2 0 0 84 627 310 697
1351 4 2 0 0 262 653 639 654
1352 4 2 0 0 163 25 353 694
1353 4 2 0 0 137 555 395 597
1354 4 2 0 0 385 75 118 650
1355 4 2 0 0 131 701 130 702
1356 4 2 0 0 219 483 487 600
1357 4 2 0 0 25 196 612 642
1358 4 2 0 0 534 628 683 581
1359 4 2 0 0 661 435 437 152
1360 4 2 0 0 175 196 25 642
1361 4 2 0 0 397 138 395 597
1362 4 2 0 0 396 139 397 597
1363 4 2 0 0 691 226 227 705
1364 4 2 0 0 168 585 423 649
1365 4 2 0 0 368 80 685 687
1366 4 2 0 0 453 593 290 605
1367 4 2 0 0 120 681 604 719
1368 4 2 0 0 204 198 199 668
1369 4 2 0 0 553 342 639 696
1370 4 2 0 0 368 685 113 687
1371 4 2 0 0 751 741 99 317
1372 4 2 0 0 467 766 587 715
1373 4 2 0 0 226 692 31 705
1374 4 2 0 0 742 362 117 91
1375 4 2 0 0 266 265 666 667
1376 4 2 0 0 296 536 714 553
1377 4 2 0 0 90 745 362 85
1378 4 2 0 0 631 66 650 65
1379 4 2 0 0 661 151 601 555
1380 4 2 0 0 746 562 563 330
1381 4 2 0 0 312 314 319 550
1382 4 2 0 0 211 485 548 672
1383 4 2 0 0 82 684 366 685
1384 4 2 0 0 111 722 110 724
1385 4 2 0 0 749 47 553 342
1386 4 2 0 0 18 628 581 665
1387 4 2 0 0 122 378 718 719
1388 4 2 0 0 9 64 631 650
1389 4 2 0 0 131 560 19 702
1390 4 2 0 0 731 242 616 733
1391 4 2 0 0 738 601 135 701
1392 4 2 0 0 640 248 497 498
1393 4 2 0 0 91 742 421 15
1394 4 2 0 0 255 652 254 653
1395 4 2 0 0 43 530 287 444
1396 4 2 0 0 58 345 59 533
1397 4 2 0 0 240 666 241 667
1398 4 2 0 0 173 26 669 695
1399 4 2 0 0 10 76 623 624
1400 4 2 0 0 506 510 253 600
1401 4 2 0 0 22 659 167 698
1402 4 2 0 0 113 112 687 720
1403 4 2 0 0 239 244 243 731
1404 4 2 0 0 736 241 666 667
1405 4 2 0 0 529 44 203 290
1406 4 2 0 0 277 276 281 663
1407 4 2 0 0 761 482 672 486
1408 4 2 0 0 10 76 624 631
1409 4 2 0 0 271 267 272 660
1410 4 2 0 0 38 729 274 730
1411 4 2 0 0 454 761 445 672
1412 4 2 0 0 264 276 522 765
1413 4 2 0 0 418 93 16 571
1414 4 2 0 0 371 560 364 571
1415 4 2 0 0 571 745 697 85
1416 4 2 0 0 319 533 59 539
1417 4 2 0 0 324 578 320 322
1418 4 2 0 0 296 750 553 714
1419 4 2 0 0 191 447 289 456
1420 4 2 0 0 111 721 110 722
1421 4 2 0 0 224 711 472 476
1422 4 2 0 0 745 754 362 670
1423 4 2 0 0 350 570 611 539
1424 4 2 0 0 731 616 242 732
1425 4 2 0 0 207 209 445 761
1426 4 2 0 0 182 184 463 766
1427 4 2 0 0 691 220 692 709
1428 4 2 0 0 675 136 534 676
1429 4 2 0 0 742 362 91 754
1430 4 2 0 0 725 279 605 44
1431 4 2 0 0 544 348 764 768
1432 4 2 0 0 751 578 540 599
1433 4 2 0 0 52 53 313 750
1434 4 2 0 0 763 749 2 299
1435 4 2 0 0 73 677 678 734
1436 4 2 0 0 742 415 754 421
1437 4 2 0 0 44 203 204 725
1438 4 2 0 0 516 612 520 635
1439 4 2 0 0 484 548 600 674
1440 4 2 0 0 271 613 266 660
1441 4 2 0 0 271 589 270 613
1442 4 2 0 0 750 299 553 763
1443 4 2 0 0 38 269 518 729
1444 4 2 0 0 204 668 605 725
1445 4 2 0 0 226 31 704 705
1446 4 2 0 0 675 95 400 676
1447 4 2 0 0 242 640 616 733
1448 4 2 0 0 143 439 436 597
1449 4 2 0 0 623 109 108 611
1450 4 2 0 0 411 628 406 665
1451 4 2 0 0 194 193 548 645
1452 4 2 0 0 178 26 176 727
1453 4 2 0 0 703 594 543 704
1454 4 2 0 0 638 651 637 730
1455 4 2 0 0 190 25 196 612
1456 4 2 0 0 256 652 255 653
1457 4 2 0 0 295 565 298 293
1458 4 2 0 0 553 47 294 547
1459 4 2 0 0 29 662 644 706
1460 4 2 0 0 397 597 395 689
1461 4 2 0 0 602 717 582 125
1462 4 2 0 0 64 302 62 631
1463 4 2 0 0 542 540 751 532
1464 4 2 0 0 547 577 639 657
1465 4 2 0 0 91 742 15 117
1466 4 2 0 0 13 745 90 85
1467 4 2 0 0 761 486 215 489
1468 4 2 0 0 273 589 272 660
1469 4 2 0 0 210 211 645 672
1470 4 2 0 0 144 555 581 597
1471 4 2 0 0 154 153 634 661
1472 4 2 0 0 28 286 530 456
1473 4 2 0 0 45 725 500 726
1474 4 2 0 0 725 279 44 500
1475 4 2 0 0 58 764 348 768
1476 4 2 0 0 691 226 705 692
1477 4 2 0 0 70 680 679 734
1478 4 2 0 0 45 288 197 635
1479 4 2 0 0 287 530 289 456
1480 4 2 0 0 438 766 155 442
1481 4 2 0 0 209 761 32 489
1482 4 2 0 0 598 116 115 582
1483 4 2 0 0 540 546 552 551
1484 4 2 0 0 26 174 431 669
1485 4 2 0 0 45 203 292 725
1486 4 2 0 0 61 60 328 537
1487 4 2 0 0 291 203 44 725
1488 4 2 0 0 274 729 275 730
1489 4 2 0 0 266 265 524 666
1490 4 2 0 0 218 217 606 708
1491 4 2 0 0 243 640 242 733
1492 4 2 0 0 203 45 27 727
1493 4 2 0 0 109 721 108 611
1494 4 2 0 0 262 636 639 653
1495 4 2 0 0 533 348 544 768
1496 4 2 0 0 147 172 592 728
1497 4 2 0 0 215 216 486 586
1498 4 2 0 0 736 508 241 37
1499 4 2 0 0 211 645 212 646
1500 4 2 0 0 12 604 347 625
1501 4 2 0 0 363 86 76 623
1502 4 2 0 0 751 550 319 539
1503 4 2 0 0 456 447 289 451
1504 4 2 0 0 511 288 520 612
1505 4 2 0 0 58 764 768 318
1506 4 2 0 0 40 276 264 765
1507 4 2 0 0 55 54 315 532
1508 4 2 0 0 602 717 125 679
1509 4 2 0 0 197 287 612 288
1510 4 2 0 0 236 33 767 238
1511 4 2 0 0 563 690 617 707
1512 4 2 0 0 273 43 612 688
1513 4 2 0 0 243 731 244 733
1514 4 2 0 0 277 281 282 663
1515 4 2 0 0 337 342 54 532
1516 4 2 0 0 343 532 337 55
1517 4 2 0 0 45 520 288 635
1518 4 2 0 0 24 184 182 766
1519 4 2 0 0 209 207 32 761
1520 4 2 0 0 432 739 148 715
1521 4 2 0 0 768 348 58 533
1522 4 2 0 0 105 748 747 325
1523 4 2 0 0 753 769 683 298
1524 4 2 0 0 5 764 300 56
1525 4 2 0 0 763 749 299 553
1526 4 2 0 0 214 673 740 732
1527 4 2 0 0 634 588 642 694
1528 4 2 0 0 625 120 604 719
1529 4 2 0 0 78 630 624 631
1530 4 2 0 0 761 215 586 596
1531 4 2 0 0 221 473 222 709
1532 4 2 0 0 521 593 525 605
1533 4 2 0 0 141 396 135 762
1534 4 2 0 0 153 152 648 661
1535 4 2 0 0 27 669 179 695
1536 4 2 0 0 102 546 338 552
1537 4 2 0 0 194 186 621 644
1538 4 2 0 0 767 236 238 504
1539 4 2 0 0 377 602 123 718
1540 4 2 0 0 356 634 153 648
1541 4 2 0 0 484 218 487 600
1542 4 2 0 0 139 597 396 140
1543 4 2 0 0 410 665 22 698
1544 4 2 0 0 371 84 85 571
1545 4 2 0 0 587 661 621 703
1546 4 2 0 0 320 578 539 549
1547 4 2 0 0 203 197 288 449
1548 4 2 0 0 312 313 314 542
1549 4 2 0 0 594 705 683 534
1550 4 2 0 0 661 151 435 152
1551 4 2 0 0 745 414 92 420
1552 4 2 0 0 416 414 418 670
1553 4 2 0 0 369 78 79 723
1554 4 2 0 0 397 762 597 689
1555 4 2 0 0 216 217 576 606
1556 4 2 0 0 554 662 705 706
1557 4 2 0 0 314 318 58 533
1558 4 2 0 0 550 585 542 643
1559 4 2 0 0 572 683 678 632
1560 4 2 0 0 761 482 486 489
1561 4 2 0 0 313 312 532 542
1562 4 2 0 0 518 274 38 729
1563 4 2 0 0 171 145 592 658
1564 4 2 0 0 476 233 471 711
1565 4 2 0 0 572 573 537 632
1566 4 2 0 0 268 267 620 660
1567 4 2 0 0 187 662 188 704
1568 4 2 0 0 386 72 71 734
1569 4 2 0 0 553 294 47 299
1570 4 2 0 0 451 288 290 531
1571 4 2 0 0 389 680 68 682
1572 4 2 0 0 218 606 223 656
1573 4 2 0 0 61 8 351 748
1574 4 2 0 0 407 23 727 728
1575 4 2 0 0 278 652 663 726
1576 4 2 0 0 654 276 40 652
1577 4 2 0 0 135 21 141 762
1578 4 2 0 0 203 198 204 725
1579 4 2 0 0 116 371 117 560
1580 4 2 0 0 187 644 188 662
1581 4 2 0 0 143 658 169 659
1582 4 2 0 0 594 705 534 704
1583 4 2 0 0 640 248 498 247
1584 4 2 0 0 195 644 194 645
1585 4 2 0 0 353 180 24 694
1586 4 2 0 0 143 142 439 597
1587 4 2 0 0 364 370 83 684
1588 4 2 0 0 618 663 619 696
1589 4 2 0 0 447 453 448 593
1590 4 2 0 0 351 61 748 537
1591 4 2 0 0 543 587 434 715
1592 4 2 0 0 432 739 715 757
1593 4 2 0 0 135 738 762 689
1594 4 2 0 0 558 617 690 707
1595 4 2 0 0 588 634 599 559
1596 4 2 0 0 260 653 254 655
1597 4 2 0 0 189 353 190 694
1598 4 2 0 0 570 624 623 723
1599 4 2 0 0 481 234 33 732
1600 4 2 0 0 417 745 670 754
1601 4 2 0 0 407 727 173 728
1602 4 2 0 0 279 502 284 726
1603 4 2 0 0 761 486 672 586
1604 4 2 0 0 748 61 333 537
1605 4 2 0 0 738 699 701 21
1606 4 2 0 0 757 198 463 183
1607 4 2 0 0 164 560 419 670
1608 4 2 0 0 223 709 474 710
1609 4 2 0 0 562 608 563 690
1610 4 2 0 0 273 589 660 688
1611 4 2 0 0 506 600 505 674
1612 4 2 0 0 760 504 600 510
1613 4 2 0 0 58 764 5 348
1614 4 2 0 0 533 544 348 624
1615 4 2 0 0 126 677 393 734
1616 4 2 0 0 544 571 643 698
1617 4 2 0 0 573 716 682 650
1618 4 2 0 0 376 109 110 721
1619 4 2 0 0 484 548 586 600
1620 4 2 0 0 51 50 336 610
1621 4 2 0 0 93 408 166 698
1622 4 2 0 0 45 203 288 529
1623 4 2 0 0 267 548 620 667
1624 4 2 0 0 438 154 155 587
1625 4 2 0 0 472 609 231 232
1626 4 2 0 0 599 585 160 584
1627 4 2 0 0 599 557 542 584
1628 4 2 0 0 748 351 537 595
1629 4 2 0 0 756 508 759 263
1630 4 2 0 0 703 594 704 201
1631 4 2 0 0 516 556 273 612
1632 4 2 0 0 184 185 467 587
1633 4 2 0 0 183 23 757 198
1634 4 2 0 0 590 635 727 695
1635 4 2 0 0 613 269 671 729
1636 4 2 0 0 590 726 725 727
1637 4 2 0 0 534 594 581 683
1638 4 2 0 0 240 575 667 673
1639 4 2 0 0 67 66 682 716
1640 4 2 0 0 627 71 678 629
1641 4 2 0 0 740 214 490 674
1642 4 2 0 0 109 365 110 724
1643 4 2 0 0 616 617 36 732
1644 4 2 0 0 70 629 632 678
1645 4 2 0 0 88 665 409 697
1646 4 2 0 0 729 535 567 664
1647 4 2 0 0 225 35 712 713
1648 4 2 0 0 684 685 82 686
1649 4 2 0 0 737 482 672 755
1650 4 2 0 0 108 721 625 611
1651 4 2 0 0 16 538 643 649
1652 4 2 0 0 114 598 602 720
1653 4 2 0 0 549 545 583 717
1654 4 2 0 0 755 761 672 445
1655 4 2 0 0 619 663 654 696
1656 4 2 0 0 212 646 645 673
1657 4 2 0 0 607 594 683 536
1658 4 2 0 0 743 297 547 735
1659 4 2 0 0 540 541 551 559
1660 4 2 0 0 93 166 16 698
1661 4 2 0 0 548 593 267 620
1662 4 2 0 0 714 316 750 553
1663 4 2 0 0 206 207 454 586
1664 4 2 0 0 513 618 281 619
1665 4 2 0 0 624 570 686 723
1666 4 2 0 0 59 350 752 539
1667 4 2 0 0 287 288 511 612
1668 4 2 0 0 225 710 656 224
1669 4 2 0 0 735 710 656 713
1670 4 2 0 0 601 151 150 555
1671 4 2 0 0 456 622 191 28
1672 4 2 0 0 73 678 677 675
1673 4 2 0 0 584 658 592 714
1674 4 2 0 0 627 73 678 72
1675 4 2 0 0 347 351 101 564
1676 4 2 0 0 746 49 48 295
1677 4 2 0 0 104 747 323 105
1678 4 2 0 0 219 218 656 708
1679 4 2 0 0 29 705 662 706
1680 4 2 0 0 449 531 287 288
1681 4 2 0 0 199 198 467 715
1682 4 2 0 0 312 98 99 751
1683 4 2 0 0 52 53 750 296
1684 4 2 0 0 752 59 7 350
1685 4 2 0 0 59 533 350 539
1686 4 2 0 0 203 458 23 727
1687 4 2 0 0 693 434 146 147
1688 4 2 0 0 228 690 229 691
1689 4 2 0 0 26 178 669 695
1690 4 2 0 0 465 186 464 703
1691 4 2 0 0 212 211 548 645
1692 4 2 0 0 681 717 602 679
1693 4 2 0 0 621 587 634 661
1694 4 2 0 0 4 744 327 104
1695 4 2 0 0 1 48 297 743
1696 4 2 0 0 543 594 534 704
1697 4 2 0 0 713 655 641 712
1698 4 2 0 0 237 483 760 758
1699 4 2 0 0 585 658 584 714
1700 4 2 0 0 45 197 203 27
1701 4 2 0 0 22 597 139 140
1702 4 2 0 0 678 534 683 554
1703 4 2 0 0 245 731 614 733
1704 4 2 0 0 507 241 240 666
1705 4 2 0 0 313 532 312 315
1706 4 2 0 0 245 614 638 733
1707 4 2 0 0 219 487 218 600
1708 4 2 0 0 418 571 165 670
1709 4 2 0 0 138 397 139 597
1710 4 2 0 0 662 559 621 561
1711 4 2 0 0 36 617 616 610
1712 4 2 0 0 117 116 560 702
1713 4 2 0 0 318 768 58 533
1714 4 2 0 0 316 2 52 763
1715 4 2 0 0 326 102 6 741
1716 4 2 0 0 744 103 341 4
1717 4 2 0 0 297 46 1 743
1718 4 2 0 0 749 47 342 2
1719 4 2 0 0 317 6 55 741
1720 4 2 0 0 763 2 52 299
1721 4 2 0 0 2 54 749 316
1722 4 2 0 0 6 99 741 317
1723 4 2 0 0 4 51 744 335
1724 4 2 0 0 332 1 50 743
1725 4 2 0 0 568 592 581 658
1726 4 2 0 0 324 751 752 539
1727 4 2 0 0 417 416 415 670
1728 4 2 0 0 253 254 600 708
1729 4 2 0 0 639 654 569 696
1730 4 2 0 0 639 577 653 655
1731 4 2 0 0 592 695 591 728
1732 4 2 0 0 752 7 324 100
1733 4 2 0 0 58 764 318 5
1734 4 2 0 0 61 8 748 333
1735 4 2 0 0 752 751 98 319
1736 4 2 0 0 753 57 3 298
1737 4 2 0 0 8 101 748 325
1738 4 2 0 0 324 578 322 751
1739 4 2 0 0 753 3 60 334
1740 4 2 0 0 272 267 480 660
1741 4 2 0 0 341 615 546 617
1742 4 2 0 0 513 729 515 270
1743 4 2 0 0 349 344 57 566
1744 4 2 0 0 328 753 537 60
1745 4 2 0 0 737 482 208 488
1746 4 2 0 0 543 592 594 693
1747 4 2 0 0 328 331 333 562
1748 4 2 0 0 27 179 458 727
1749 4 2 0 0 113 718 112 720
1750 4 2 0 0 551 546 614 558
1751 4 2 0 0 587 703 465 715
1752 4 2 0 0 740 673 214 674
1753 4 2 0 0 484 600 487 674
1754 4 2 0 0 293 296 294 536
1755 4 2 0 0 436 597 439 689
1756 4 2 0 0 417 745 754 90
1757 4 2 0 0 571 745 85 670
1758 4 2 0 0 27 635 669 695
1759 4 2 0 0 644 703 621 662
1760 4 2 0 0 143 581 658 659
1761 4 2 0 0 147 693 148 728
1762 4 2 0 0 487 758 490 674
1763 4 2 0 0 320 578 549 541
1764 4 2 0 0 329 331 328 562
1765 4 2 0 0 329 328 330 562
1766 4 2 0 0 579 156 699 700
1767 4 2 0 0 105 748 8 333
1768 4 2 0 0 38 274 651 730
1769 4 2 0 0 650 66 716 682
1770 4 2 0 0 432 739 757 443
1771 4 2 0 0 764 348 56 5
1772 4 2 0 0 26 178 695 727
1773 4 2 0 0 438 434 587 715
1774 4 2 0 0 572 683 632 537
1775 4 2 0 0 238 239 243 731
1776 4 2 0 0 134 555 601 689
1777 4 2 0 0 27 695 179 727
1778 4 2 0 0 397 134 135 689
1779 4 2 0 0 391 679 386 734
1780 4 2 0 0 563 609 709 710
1781 4 2 0 0 506 253 254 600
1782 4 2 0 0 512 619 275 729
1783 4 2 0 0 190 688 43 694
1784 4 2 0 0 719 722 721 111
1785 4 2 0 0 30 488 737 208
1786 4 2 0 0 238 767 504 674
1787 4 2 0 0 150 601 149 699
1788 4 2 0 0 528 279 44 605
1789 4 2 0 0 322 321 540 541
1790 4 2 0 0 42 620 191 622
1791 4 2 0 0 150 601 555 689
1792 4 2 0 0 558 646 561 690
1793 4 2 0 0 432 739 443 148
1794 4 2 0 0 750 763 553 316
1795 4 2 0 0 289 42 191 456
1796 4 2 0 0 320 325 541 549
1797 4 2 0 0 320 549 539 564
1798 4 2 0 0 737 482 755 208
1799 4 2 0 0 69 632 629 716
1800 4 2 0 0 266 613 265 667
1801 4 2 0 0 198 591 728 693
1802 4 2 0 0 607 692 606 709
1803 4 2 0 0 336 615 341 610
1804 4 2 0 0 439 762 597 433
1805 4 2 0 0 322 321 326 540
1806 4 2 0 0 144 581 555 543
1807 4 2 0 0 147 592 693 728
1808 4 2 0 0 546 551 541 561
1809 4 2 0 0 294 295 293 536
1810 4 2 0 0 685 687 80 723
1811 4 2 0 0 438 766 442 432
1812 4 2 0 0 578 699 648 700
1813 4 2 0 0 328 333 61 537
1814 4 2 0 0 197 27 45 635
1815 4 2 0 0 643 166 16 649
1816 4 2 0 0 635 695 27 727
1817 4 2 0 0 558 617 647 690
1818 4 2 0 0 452 445 755 672
1819 4 2 0 0 719 722 111 718
1820 4 2 0 0 558 690 561 707
1821 4 2 0 0 581 628 565 665
1822 4 2 0 0 516 618 556 635
1823 4 2 0 0 328 333 537 562
1824 4 2 0 0 573 716 650 349
1825 4 2 0 0 328 330 562 683
1826 4 2 0 0 68 682 680 716
1827 4 2 0 0 274 275 651 730
1828 4 2 0 0 397 762 689 135
1829 4 2 0 0 576 575 600 586
1830 4 2 0 0 456 530 28 444
1831 4 2 0 0 578 550 579 700
1832 4 2 0 0 213 214 673 674
1833 4 2 0 0 237 491 760 483
1834 4 2 0 0 103 338 102 546
1835 4 2 0 0 691 221 473 475
1836 4 2 0 0 23 739 443 757
1837 4 2 0 0 364 84 571 684
1838 4 2 0 0 203 529 292 291
1839 4 2 0 0 580 733 640 636
1840 4 2 0 0 36 617 610 711
1841 4 2 0 0 446 586 548 593
1842 4 2 0 0 765 503 509 507
1843 4 2 0 0 183 23 443 757
1844 4 2 0 0 530 28 43 285
1845 4 2 0 0 756 508 263 503
1846 4 2 0 0 198 591 693 668
1847 4 2 0 0 128 701 583 702
1848 4 2 0 0 123 679 680 681
1849 4 2 0 0 538 684 571 686
1850 4 2 0 0 295 565 293 536
1851 4 2 0 0 173 727 695 728
1852 4 2 0 0 219 600 218 708
1853 4 2 0 0 548 193 593 620
1854 4 2 0 0 238 731 242 732
1855 4 2 0 0 520 612 288 635
1856 4 2 0 0 113 687 685 720
1857 4 2 0 0 191 622 620 633
1858 4 2 0 0 708 510 760 600
1859 4 2 0 0 447 448 192 593
1860 4 2 0 0 347 351 564 604
1861 4 2 0 0 294 536 296 553
1862 4 2 0 0 85 362 371 670
1863 4 2 0 0 195 450 452 672
1864 4 2 0 0 362 560 371 670
1865 4 2 0 0 210 645 211 646
1866 4 2 0 0 487 758 674 600
1867 4 2 0 0 590 635 695 696
1868 4 2 0 0 379 719 376 721
1869 4 2 0 0 369 367 687 723
1870 4 2 0 0 627 571 544 697
1871 4 2 0 0 330 328 334 683
1872 4 2 0 0 625 376 719 721
1873 4 2 0 0 154 634 587 661
1874 4 2 0 0 259 640 636 641
1875 4 2 0 0 338 552 615 638
1876 4 2 0 0 657 743 340 547
1877 4 2 0 0 85 371 571 670
1878 4 2 0 0 621 634 587 633
1879 4 2 0 0 544 568 565 626
1880 4 2 0 0 651 733 245 638
1881 4 2 0 0 504 600 510 506
1882 4 2 0 0 148 739 693 715
1883 4 2 0 0 547 639 339 657
1884 4 2 0 0 350 570 539 533
1885 4 2 0 0 324 100 320 539
1886 4 2 0 0 554 705 662 534
1887 4 2 0 0 327 707 744 546
1888 4 2 0 0 329 562 330 563
1889 4 2 0 0 750 763 316 52
1890 4 2 0 0 224 711 476 225
1891 4 2 0 0 185 465 587 703
1892 4 2 0 0 456 449 287 444
1893 4 2 0 0 452 755 445 208
1894 4 2 0 0 206 586 576 596
1895 4 2 0 0 290 203 204 44
1896 4 2 0 0 92 698 571 697
1897 4 2 0 0 467 766 715 463
1898 4 2 0 0 407 173 148 728
1899 4 2 0 0 93 571 418 670
1900 4 2 0 0 767 740 490 674
1901 4 2 0 0 556 197 669 642
1902 4 2 0 0 238 239 673 674
1903 4 2 0 0 397 762 135 396
1904 4 2 0 0 148 147 438 715
1905 4 2 0 0 753 49 298 3
1906 4 2 0 0 105 748 325 8
1907 4 2 0 0 83 629 627 686
1908 4 2 0 0 506 239 238 674
1909 4 2 0 0 230 691 609 709
1910 4 2 0 0 193 621 620 645
1911 4 2 0 0 652 524 276 765
1912 4 2 0 0 565 628 581 683
1913 4 2 0 0 542 643 585 714
1914 4 2 0 0 620 621 192 633
1915 4 2 0 0 149 150 439 689
1916 4 2 0 0 760 510 34 237
1917 4 2 0 0 530 43 28 444
1918 4 2 0 0 35 711 610 713
1919 4 2 0 0 614 616 615 733
1920 4 2 0 0 543 534 594 581
1921 4 2 0 0 453 204 205 605
1922 4 2 0 0 548 586 446 672
1923 4 2 0 0 764 53 5 300
1924 4 2 0 0 7 319 752 98
1925 4 2 0 0 103 102 321 546
1926 4 2 0 0 724 78 369 723
1927 4 2 0 0 600 758 760 483
1928 4 2 0 0 190 353 25 694
1929 4 2 0 0 328 753 60 334
1930 4 2 0 0 592 695 584 714
1931 4 2 0 0 206 596 576 668
1932 4 2 0 0 273 612 43 519
1933 4 2 0 0 677 95 675 676
1934 4 2 0 0 551 548 667 620
1935 4 2 0 0 556 612 516 635
1936 4 2 0 0 566 632 349 716
1937 4 2 0 0 539 611 603 720
1938 4 2 0 0 520 45 284 635
1939 4 2 0 0 574 636 580 639
1940 4 2 0 0 452 450 445 672
1941 4 2 0 0 708 510 34 760
1942 4 2 0 0 263 37 759 526
1943 4 2 0 0 487 758 600 483
1944 4 2 0 0 212 647 646 673
1945 4 2 0 0 59 345 350 533
1946 4 2 0 0 534 628 581 18
1947 4 2 0 0 515 619 512 729
1948 4 2 0 0 417 414 416 670
1949 4 2 0 0 547 569 553 639
1950 4 2 0 0 756 759 666 526
1951 4 2 0 0 486 211 210 672
1952 4 2 0 0 189 28 43 444
1953 4 2 0 0 671 651 245 638
1954 4 2 0 0 155 24 633 694
1955 4 2 0 0 615 616 546 617
1956 4 2 0 0 565 632 629 678
1957 4 2 0 0 77 623 723 724
1958 4 2 0 0 540 546 551 541
1959 4 2 0 0 487 214 213 674
1960 4 2 0 0 612 688 642 556
1961 4 2 0 0 322 320 321 541
1962 4 2 0 0 9 631 344 650
1963 4 2 0 0 350 347 100 539
1964 4 2 0 0 539 579 550 598
1965 4 2 0 0 588 622 660 688
1966 4 2 0 0 578 579 699 700
1967 4 2 0 0 530 286 42 456
1968 4 2 0 0 505 600 575 674
1969 4 2 0 0 756 759 526 263
1970 4 2 0 0 609 474 709 710
1971 4 2 0 0 642 197 175 196
1972 4 2 0 0 212 645 548 673
1973 4 2 0 0 737 482 488 210
1974 4 2 0 0 313 542 532 714
1975 4 2 0 0 485 586 548 672
1976 4 2 0 0 713 655 712 656
1977 4 2 0 0 535 540 589 599
1978 4 2 0 0 562 607 563 608
1979 4 2 0 0 625 721 603 611
1980 4 2 0 0 268 593 42 620
1981 4 2 0 0 735 656 710 606
1982 4 2 0 0 661 662 621 703
1983 4 2 0 0 626 697 544 698
1984 4 2 0 0 617 609 647 690
1985 4 2 0 0 560 571 371 670
1986 4 2 0 0 736 759 526 666
1987 4 2 0 0 565 632 678 683
1988 4 2 0 0 323 321 320 541
1989 4 2 0 0 108 373 106 625
1990 4 2 0 0 581 659 597 665
1991 4 2 0 0 214 647 213 673
1992 4 2 0 0 197 288 612 635
1993 4 2 0 0 661 434 543 587
1994 4 2 0 0 347 564 539 603
1995 4 2 0 0 553 639 569 696
1996 4 2 0 0 487 758 483 490
1997 4 2 0 0 33 490 767 740
1998 4 2 0 0 64 74 385 650
1999 4 2 0 0 439 762 433 441
2000 4 2 0 0 106 107 347 625
2001 4 2 0 0 332 329 330 563
2002 4 2 0 0 190 25 688 694
2003 4 2 0 0 594 668 200 693
2004 4 2 0 0 654 276 652 663
2005 4 2 0 0 591 693 668 594
2006 4 2 0 0 42 289 530 456
2007 4 2 0 0 538 533 550 598
2008 4 2 0 0 576 575 586 605
2009 4 2 0 0 599 557 584 642
2010 4 2 0 0 767 758 236 504
2011 4 2 0 0 374 583 582 702
2012 4 2 0 0 605 668 576 726
2013 4 2 0 0 340 547 339 657
2014 4 2 0 0 539 611 347 603
2015 4 2 0 0 198 591 668 725
2016 4 2 0 0 148 693 147 715
2017 4 2 0 0 273 268 622 660
2018 4 2 0 0 575 593 586 605
2019 4 2 0 0 328 753 334 683
2020 4 2 0 0 595 564 604 681
2021 4 2 0 0 199 693 198 715
2022 4 2 0 0 328 562 537 683
2023 4 2 0 0 733 495 244 243
2024 4 2 0 0 604 682 120 119
2025 4 2 0 0 584 695 557 714
2026 4 2 0 0 538 571 544 686
2027 4 2 0 0 619 654 567 696
2028 4 2 0 0 598 116 582 702
2029 4 2 0 0 277 652 276 663
2030 4 2 0 0 570 624 345 623
2031 4 2 0 0 339 574 336 580
2032 4 2 0 0 254 652 600 708
2033 4 2 0 0 301 627 73 628
2034 4 2 0 0 594 596 200 668
2035 4 2 0 0 652 653 256 654
2036 4 2 0 0 541 327 321 546
2037 4 2 0 0 193 620 548 645
2038 4 2 0 0 588 589 540 599
2039 4 2 0 0 345 58 348 533
2040 4 2 0 0 767 758 490 236
2041 4 2 0 0 271 589 613 660
2042 4 2 0 0 614 615 552 638
2043 4 2 0 0 657 336 339 340
2044 4 2 0 0 541 327 546 707
2045 4 2 0 0 581 592 536 594
2046 4 2 0 0 575 548 673 674
2047 4 2 0 0 747 104 323 707
2048 4 2 0 0 198 668 204 725
2049 4 2 0 0 756 508 503 666
2050 4 2 0 0 561 690 706 707
2051 4 2 0 0 535 729 619 618
2052 4 2 0 0 573 716 349 632
2053 4 2 0 0 529 203 44 291
2054 4 2 0 0 336 338 341 615
2055 4 2 0 0 598 685 570 720
2056 4 2 0 0 336 574 338 615
2057 4 2 0 0 350 570 533 345
2058 4 2 0 0 524 265 522 666
2059 4 2 0 0 467 198 463 715
2060 4 2 0 0 308 630 631 716
2061 4 2 0 0 562 690 563 707
2062 4 2 0 0 614 240 673 731
2063 4 2 0 0 637 651 639 730
2064 4 2 0 0 324 752 100 539
2065 4 2 0 0 614 615 638 733
2066 4 2 0 0 187 703 662 704
2067 4 2 0 0 576 652 605 726
2068 4 2 0 0 148 438 432 715
2069 4 2 0 0 584 669 557 695
2070 4 2 0 0 315 316 313 532
2071 4 2 0 0 317 315 312 532
2072 4 2 0 0 183 443 432 757
2073 4 2 0 0 562 706 690 707
2074 4 2 0 0 651 733 638 574
2075 4 2 0 0 236 33 490 767
2076 4 2 0 0 468 633 24 694
2077 4 2 0 0 194 645 548 672
2078 4 2 0 0 487 490 214 674
2079 4 2 0 0 736 759 37 526
2080 4 2 0 0 173 412 148 728
2081 4 2 0 0 503 508 241 666
2082 4 2 0 0 744 104 335 707
2083 4 2 0 0 539 347 611 350
2084 4 2 0 0 603 681 718 719
2085 4 2 0 0 395 597 555 689
2086 4 2 0 0 762 149 21 441
2087 4 2 0 0 616 617 615 610
2088 4 2 0 0 345 10 623 624
2089 4 2 0 0 535 556 618 635
2090 4 2 0 0 540 546 541 321
2091 4 2 0 0 297 46 743 547
2092 4 2 0 0 614 667 240 671
2093 4 2 0 0 541 327 707 323
2094 4 2 0 0 543 594 592 581
2095 4 2 0 0 541 327 323 321
2096 4 2 0 0 544 571 538 643
2097 4 2 0 0 607 608 562 705
2098 4 2 0 0 546 616 558 617
2099 4 2 0 0 287 511 519 612
2100 4 2 0 0 608 609 563 690
2101 4 2 0 0 397 762 396 597
2102 4 2 0 0 614 673 240 667
2103 4 2 0 0 606 607 596 692
2104 4 2 0 0 350 570 345 611
2105 4 2 0 0 610 657 641 713
2106 4 2 0 0 614 667 551 673
2107 4 2 0 0 582 583 127 717
2108 4 2 0 0 564 718 602 720
2109 4 2 0 0 542 540 532 535
2110 4 2 0 0 369 723 687 724
2111 4 2 0 0 533 570 539 598
2112 4 2 0 0 127 676 677 717
2113 4 2 0 0 555 597 436 689
2114 4 2 0 0 199 668 198 693
2115 4 2 0 0 423 649 585 700
2116 4 2 0 0 650 12 75 118
2117 4 2 0 0 238 504 506 674
2118 4 2 0 0 364 571 560 684
2119 4 2 0 0 575 254 600 505
2120 4 2 0 0 273 660 622 688
2121 4 2 0 0 323 320 325 541
2122 4 2 0 0 626 581 665 659
2123 4 2 0 0 22 665 659 698
2124 4 2 0 0 619 275 729 730
2125 4 2 0 0 81 630 629 686
2126 4 2 0 0 650 12 346 75
2127 4 2 0 0 544 624 533 686
2128 4 2 0 0 551 559 541 561
2129 4 2 0 0 714 750 316 313
2130 4 2 0 0 606 607 709 735
2131 4 2 0 0 558 546 617 707
2132 4 2 0 0 112 720 718 722
2133 4 2 0 0 575 586 593 548
2134 4 2 0 0 134 601 583 701
2135 4 2 0 0 551 548 620 645
2136 4 2 0 0 574 580 339 639
2137 4 2 0 0 111 687 722 724
2138 4 2 0 0 554 677 676 717
2139 4 2 0 0 538 598 560 684
2140 4 2 0 0 655 708 253 712
2141 4 2 0 0 109 724 722 611
2142 4 2 0 0 337 339 342 639
2143 4 2 0 0 598 684 538 685
2144 4 2 0 0 562 563 329 707
2145 4 2 0 0 590 725 591 727
2146 4 2 0 0 656 34 708 712
2147 4 2 0 0 588 613 589 660
2148 4 2 0 0 756 508 666 759
2149 4 2 0 0 45 203 529 292
2150 4 2 0 0 690 562 705 706
2151 4 2 0 0 550 599 585 700
2152 4 2 0 0 661 151 152 648
2153 4 2 0 0 238 673 239 731
2154 4 2 0 0 548 645 211 672
2155 4 2 0 0 241 507 503 666
2156 4 2 0 0 339 340 46 547
2157 4 2 0 0 118 604 12 625
2158 4 2 0 0 545 661 555 662
2159 4 2 0 0 230 690 609 691
2160 4 2 0 0 607 594 536 596
2161 4 2 0 0 210 482 486 672
2162 4 2 0 0 760 504 510 237
2163 4 2 0 0 681 680 572 679
2164 4 2 0 0 432 766 442 182
2165 4 2 0 0 668 596 536 594
2166 4 2 0 0 744 103 4 327
2167 4 2 0 0 580 641 610 657
2168 4 2 0 0 331 562 329 707
2169 4 2 0 0 109 722 721 611
2170 4 2 0 0 738 699 21 149
2171 4 2 0 0 568 626 643 659
2172 4 2 0 0 695 696 557 714
2173 4 2 0 0 346 573 351 604
2174 4 2 0 0 662 561 621 644
2175 4 2 0 0 467 766 463 184
2176 4 2 0 0 558 561 546 707
2177 4 2 0 0 12 351 347 604
2178 4 2 0 0 607 608 692 709
2179 4 2 0 0 327 104 744 707
2180 4 2 0 0 126 679 677 734
2181 4 2 0 0 539 550 533 598
2182 4 2 0 0 556 635 557 669
2183 4 2 0 0 624 686 630 723
2184 4 2 0 0 664 540 613 589
2185 4 2 0 0 344 630 631 624
2186 4 2 0 0 565 678 628 683
2187 4 2 0 0 254 653 652 708
2188 4 2 0 0 564 603 718 720
2189 4 2 0 0 622 633 191 694
2190 4 2 0 0 651 574 637 639
2191 4 2 0 0 12 346 351 604
2192 4 2 0 0 194 644 621 645
2193 4 2 0 0 569 639 577 653
2194 4 2 0 0 336 580 610 657
2195 4 2 0 0 576 606 217 708
2196 4 2 0 0 522 265 526 666
2197 4 2 0 0 550 585 599 542
2198 4 2 0 0 294 553 547 536
2199 4 2 0 0 535 729 618 589
2200 4 2 0 0 551 614 546 552
2201 4 2 0 0 4 335 744 104
2202 4 2 0 0 572 717 677 554
2203 4 2 0 0 349 650 344 716
2204 4 2 0 0 9 349 346 650
2205 4 2 0 0 323 104 327 707
2206 4 2 0 0 576 600 652 708
2207 4 2 0 0 568 592 658 714
2208 4 2 0 0 13 420 90 745
2209 4 2 0 0 557 669 635 695
2210 4 2 0 0 756 503 264 509
2211 4 2 0 0 603 721 722 611
2212 4 2 0 0 627 565 629 678
2213 4 2 0 0 612 642 688 25
2214 4 2 0 0 626 581 659 568
2215 4 2 0 0 590 591 695 727
2216 4 2 0 0 616 647 617 732
2217 4 2 0 0 634 621 588 633
2218 4 2 0 0 545 601 555 661
2219 4 2 0 0 668 536 596 576
2220 4 2 0 0 572 717 554 595
2221 4 2 0 0 561 706 541 707
2222 4 2 0 0 627 571 697 84
2223 4 2 0 0 554 534 683 705
2224 4 2 0 0 338 103 341 546
2225 4 2 0 0 203 725 45 727
2226 4 2 0 0 294 46 297 547
2227 4 2 0 0 678 534 554 675
2228 4 2 0 0 687 720 112 722
2229 4 2 0 0 607 594 596 705
2230 4 2 0 0 607 692 608 705
2231 4 2 0 0 662 561 644 706
2232 4 2 0 0 633 620 588 622
2233 4 2 0 0 546 561 541 707
2234 4 2 0 0 686 570 538 685
2235 4 2 0 0 606 656 218 708
2236 4 2 0 0 713 655 656 657
2237 4 2 0 0 52 313 316 750
2238 4 2 0 0 254 655 653 708
2239 4 2 0 0 561 646 644 690
2240 4 2 0 0 540 559 551 588
2241 4 2 0 0 150 648 601 699
2242 4 2 0 0 540 546 321 552
2243 4 2 0 0 266 660 613 667
2244 4 2 0 0 544 643 626 698
2245 4 2 0 0 559 588 540 599
2246 4 2 0 0 556 197 642 612
2247 4 2 0 0 570 611 722 724
2248 4 2 0 0 625 14 106 108
2249 4 2 0 0 347 107 12 625
2250 4 2 0 0 616 731 647 732
2251 4 2 0 0 690 705 608 691
2252 4 2 0 0 30 737 452 208
2253 4 2 0 0 118 107 373 625
2254 4 2 0 0 607 562 683 705
2255 4 2 0 0 153 648 634 661
2256 4 2 0 0 103 321 327 546
2257 4 2 0 0 581 568 658 659
2258 4 2 0 0 691 220 475 470
2259 4 2 0 0 643 659 626 698
2260 4 2 0 0 673 731 238 732
2261 4 2 0 0 551 613 588 660
2262 4 2 0 0 551 552 613 614
2263 4 2 0 0 551 548 645 673
2264 4 2 0 0 344 630 624 566
2265 4 2 0 0 577 652 653 708
2266 4 2 0 0 535 557 556 635
2267 4 2 0 0 581 594 536 683
2268 4 2 0 0 575 600 548 674
2269 4 2 0 0 690 705 691 29
2270 4 2 0 0 551 540 588 613
2271 4 2 0 0 625 14 347 106
2272 4 2 0 0 615 640 616 610
2273 4 2 0 0 584 642 557 669
2274 4 2 0 0 559 661 621 634
2275 4 2 0 0 551 548 673 667
2276 4 2 0 0 62 302 63 631
2277 4 2 0 0 87 86 363 623
2278 4 2 0 0 552 664 613 671
2279 4 2 0 0 575 586 548 600
2280 4 2 0 0 533 538 570 598
2281 4 2 0 0 717 681 572 679
2282 4 2 0 0 349 9 344 650
2283 4 2 0 0 331 335 104 707
2284 4 2 0 0 299 294 296 553
2285 4 2 0 0 335 331 329 707
2286 4 2 0 0 548 667 575 673
2287 4 2 0 0 553 547 536 569
2288 4 2 0 0 265 667 613 671
2289 4 2 0 0 668 725 590 726
2290 4 2 0 0 577 652 708 576
2291 4 2 0 0 343 532 55 741
2292 4 2 0 0 410 697 665 698
2293 4 2 0 0 686 538 570 533
2294 4 2 0 0 545 541 561 706
2295 4 2 0 0 551 552 540 613
2296 4 2 0 0 214 647 673 732
2297 4 2 0 0 677 678 554 675
2298 4 2 0 0 225 712 656 713
2299 4 2 0 0 755 209 445 208
2300 4 2 0 0 564 579 582 549
2301 4 2 0 0 546 615 614 616
2302 4 2 0 0 588 660 589 688
2303 4 2 0 0 558 673 646 647
2304 4 2 0 0 741 6 55 343
2305 4 2 0 0 664 613 540 552
2306 4 2 0 0 603 625 604 719
2307 4 2 0 0 559 661 634 648
2308 4 2 0 0 717 572 681 595
2309 4 2 0 0 570 598 538 685
2310 4 2 0 0 646 551 644 645
2311 4 2 0 0 538 544 533 686
2312 4 2 0 0 558 731 673 647
2313 4 2 0 0 569 576 536 590
2314 4 2 0 0 590 652 726 663
2315 4 2 0 0 632 572 680 734
2316 4 2 0 0 564 602 598 720
2317 4 2 0 0 273 612 556 688
2318 4 2 0 0 651 574 639 636
2319 4 2 0 0 581 536 592 568
2320 4 2 0 0 558 646 673 551
2321 4 2 0 0 620 622 268 660
2322 4 2 0 0 639 653 569 654
2323 4 2 0 0 563 610 609 710
2324 4 2 0 0 615 580 640 610
2325 4 2 0 0 603 681 719 604
2326 4 2 0 0 578 648 599 700
2327 4 2 0 0 550 643 538 649
2328 4 2 0 0 570 345 624 533
2329 4 2 0 0 533 624 570 686
2330 4 2 0 0 745 13 92 697
2331 4 2 0 0 53 313 750 318
2332 4 2 0 0 746 332 743 48
2333 4 2 0 0 601 559 648 661
2334 4 2 0 0 536 576 569 577
2335 4 2 0 0 236 758 237 504
2336 4 2 0 0 338 546 341 615
2337 4 2 0 0 576 577 536 606
2338 4 2 0 0 565 629 544 627
2339 4 2 0 0 622 688 588 694
2340 4 2 0 0 551 614 613 667
2341 4 2 0 0 43 688 622 694
2342 4 2 0 0 533 544 538 643
2343 4 2 0 0 551 621 561 644
2344 4 2 0 0 681 572 680 573
2345 4 2 0 0 331 104 747 707
2346 4 2 0 0 344 566 349 716
2347 4 2 0 0 338 615 574 638
2348 4 2 0 0 767 758 674 490
2349 4 2 0 0 579 598 582 702
2350 4 2 0 0 545 579 583 601
2351 4 2 0 0 538 685 684 686
2352 4 2 0 0 693 703 543 715
2353 4 2 0 0 570 722 687 724
2354 4 2 0 0 685 687 570 720
2355 4 2 0 0 551 660 620 667
2356 4 2 0 0 601 699 579 701
2357 4 2 0 0 563 609 608 709
2358 4 2 0 0 338 552 546 615
2359 4 2 0 0 760 504 237 758
2360 4 2 0 0 767 758 504 674
2361 4 2 0 0 615 616 640 733
2362 4 2 0 0 591 693 594 592
2363 4 2 0 0 554 675 534 676
2364 4 2 0 0 626 627 544 697
2365 4 2 0 0 587 543 703 715
2366 4 2 0 0 627 628 565 678
2367 4 2 0 0 263 756 503 264
2368 4 2 0 0 591 693 592 728
2369 4 2 0 0 491 760 34 237
2370 4 2 0 0 236 490 483 758
2371 4 2 0 0 564 579 549 539
2372 4 2 0 0 558 614 551 673
2373 4 2 0 0 678 534 675 628
2374 4 2 0 0 570 623 611 724
2375 4 2 0 0 504 600 506 674
2376 4 2 0 0 603 681 604 564
2377 4 2 0 0 563 608 607 709
2378 4 2 0 0 662 704 534 705
2379 4 2 0 0 183 757 182 463
2380 4 2 0 0 245 638 614 671
2381 4 2 0 0 632 678 572 734
2382 4 2 0 0 567 729 664 730
2383 4 2 0 0 454 761 672 586
2384 4 2 0 0 574 733 638 615
2385 4 2 0 0 543 555 661 662
2386 4 2 0 0 608 692 691 705
2387 4 2 0 0 570 687 685 723
2388 4 2 0 0 662 561 706 545
2389 4 2 0 0 573 632 572 680
2390 4 2 0 0 540 589 588 613
2391 4 2 0 0 545 579 601 578
2392 4 2 0 0 633 588 620 621
2393 4 2 0 0 565 544 629 566
2394 4 2 0 0 569 654 663 696
2395 4 2 0 0 569 590 536 696
2396 4 2 0 0 570 687 723 724
2397 4 2 0 0 572 717 679 677
2398 4 2 0 0 558 731 647 616
2399 4 2 0 0 545 579 578 549
2400 4 2 0 0 551 588 559 621
2401 4 2 0 0 757 198 715 463
2402 4 2 0 0 677 554 678 572
2403 4 2 0 0 564 579 539 598
2404 4 2 0 0 556 557 642 669
2405 4 2 0 0 634 588 621 559
2406 4 2 0 0 558 731 616 614
2407 4 2 0 0 1 48 743 332
2408 4 2 0 0 313 750 318 714
2409 4 2 0 0 621 644 551 645
2410 4 2 0 0 552 614 546 615
2411 4 2 0 0 542 585 584 714
2412 4 2 0 0 108 14 623 611
2413 4 2 0 0 263 37 508 759
2414 4 2 0 0 569 663 590 696
2415 4 2 0 0 662 559 561 545
2416 4 2 0 0 546 614 558 616
2417 4 2 0 0 535 729 589 664
2418 4 2 0 0 547 577 657 735
2419 4 2 0 0 564 717 595 549
2420 4 2 0 0 558 617 616 647
2421 4 2 0 0 545 541 559 561
2422 4 2 0 0 681 717 595 564
2423 4 2 0 0 104 331 747 105
2424 4 2 0 0 74 346 75 650
2425 4 2 0 0 590 576 668 726
2426 4 2 0 0 718 720 603 722
2427 4 2 0 0 577 652 576 569
2428 4 2 0 0 2 54 342 749
2429 4 2 0 0 749 47 299 553
2430 4 2 0 0 680 573 716 682
2431 4 2 0 0 572 678 677 734
2432 4 2 0 0 236 483 237 758
2433 4 2 0 0 590 652 663 569
2434 4 2 0 0 680 681 573 682
2435 4 2 0 0 646 644 551 561
2436 4 2 0 0 545 579 549 583
2437 4 2 0 0 570 720 687 722
2438 4 2 0 0 761 482 489 755
2439 4 2 0 0 344 630 566 716
2440 4 2 0 0 729 567 535 619
2441 4 2 0 0 535 532 567 664
2442 4 2 0 0 656 713 657 735
2443 4 2 0 0 679 680 572 734
2444 4 2 0 0 551 561 558 646
2445 4 2 0 0 566 630 624 686
2446 4 2 0 0 536 592 568 714
2447 4 2 0 0 560 571 538 684
2448 4 2 0 0 627 629 544 686
2449 4 2 0 0 616 614 731 733
2450 4 2 0 0 345 533 348 624
2451 4 2 0 0 263 522 756 264
2452 4 2 0 0 662 559 545 661
2453 4 2 0 0 10 348 344 624
2454 4 2 0 0 577 652 569 653
2455 4 2 0 0 566 629 630 686
2456 4 2 0 0 590 652 569 576
2457 4 2 0 0 74 75 385 650
2458 4 2 0 0 583 601 579 701
2459 4 2 0 0 345 348 10 624
2460 4 2 0 0 626 581 568 565
2461 4 2 0 0 565 581 536 683
2462 4 2 0 0 680 716 573 632
2463 4 2 0 0 765 756 522 264
2464 4 2 0 0 588 620 621 551
2465 4 2 0 0 91 754 362 90
2466 4 2 0 0 603 347 625 611
2467 4 2 0 0 542 584 557 714
2468 4 2 0 0 582 598 564 602
2469 4 2 0 0 601 559 661 545
2470 4 2 0 0 662 559 661 621
2471 4 2 0 0 572 683 537 554
2472 4 2 0 0 585 643 550 649
2473 4 2 0 0 536 606 577 735
2474 4 2 0 0 566 630 629 716
2475 4 2 0 0 183 432 182 757
2476 4 2 0 0 651 733 574 636
2477 4 2 0 0 591 727 198 728
2478 4 2 0 0 601 559 545 578
2479 4 2 0 0 564 717 549 582
2480 4 2 0 0 543 534 555 662
2481 4 2 0 0 564 579 598 582
2482 4 2 0 0 580 733 636 574
2483 4 2 0 0 577 606 576 708
2484 4 2 0 0 522 526 756 666
2485 4 2 0 0 10 624 344 631
2486 4 2 0 0 141 396 762 140
2487 4 2 0 0 756 522 263 526
2488 4 2 0 0 580 641 640 610
2489 4 2 0 0 647 731 673 732
2490 4 2 0 0 577 656 655 657
2491 4 2 0 0 580 733 574 615
2492 4 2 0 0 601 559 578 648
2493 4 2 0 0 543 661 587 703
2494 4 2 0 0 591 198 727 725
2495 4 2 0 0 537 572 554 595
2496 4 2 0 0 336 580 615 610
2497 4 2 0 0 614 638 552 671
2498 4 2 0 0 567 619 729 730
2499 4 2 0 0 543 662 661 703
2500 4 2 0 0 691 692 608 709
2501 4 2 0 0 610 609 710 711
2502 4 2 0 0 566 544 629 686
2503 4 2 0 0 566 624 544 686
2504 4 2 0 0 626 581 565 665
2505 4 2 0 0 580 733 615 640
2506 4 2 0 0 572 683 554 678
2507 4 2 0 0 765 756 666 522
2508 4 2 0 0 543 555 534 581
2509 4 2 0 0 627 665 628 697
2510 4 2 0 0 564 717 582 602
2511 4 2 0 0 719 722 718 603
2512 4 2 0 0 566 629 632 716
2513 4 2 0 0 613 660 551 667
2514 4 2 0 0 609 690 608 691
2515 4 2 0 0 536 569 547 577
2516 4 2 0 0 9 346 74 650
2517 4 2 0 0 533 538 550 643
2518 4 2 0 0 344 62 63 631
2519 4 2 0 0 570 723 623 724
2520 4 2 0 0 690 705 562 608
2521 4 2 0 0 695 727 591 728
2522 4 2 0 0 626 665 627 697
2523 4 2 0 0 345 86 87 623
2524 4 2 0 0 347 564 603 604
2525 4 2 0 0 482 209 755 208
2526 4 2 0 0 565 568 536 581
2527 4 2 0 0 579 601 578 699
2528 4 2 0 0 583 701 579 702
2529 4 2 0 0 651 733 636 245
2530 4 2 0 0 656 708 655 712
2531 4 2 0 0 610 711 710 713
2532 4 2 0 0 336 580 574 615
2533 4 2 0 0 588 620 551 660
2534 4 2 0 0 209 755 489 482
2535 4 2 0 0 549 583 582 717
2536 4 2 0 0 14 87 108 623
2537 4 2 0 0 547 577 569 639
2538 4 2 0 0 563 743 746 332
2539 4 2 0 0 76 10 63 631
2540 4 2 0 0 662 703 543 704
2541 4 2 0 0 620 621 551 645
2542 4 2 0 0 613 667 614 671
2543 4 2 0 0 596 606 536 607
2544 4 2 0 0 577 656 657 735
2545 4 2 0 0 755 737 452 672
2546 4 2 0 0 565 628 627 665
2547 4 2 0 0 609 691 608 709
2548 4 2 0 0 541 545 559 578
2549 4 2 0 0 588 620 660 622
2550 4 2 0 0 347 604 603 625
2551 4 2 0 0 636 640 580 641
2552 4 2 0 0 536 607 606 735
2553 4 2 0 0 577 606 656 735
2554 4 2 0 0 755 737 208 452
2555 4 2 0 0 651 574 638 637
2556 4 2 0 0 577 653 655 708
2557 4 2 0 0 544 626 565 627
2558 4 2 0 0 719 722 603 721
2559 4 2 0 0 536 592 591 594
2560 4 2 0 0 582 583 579 702
2561 4 2 0 0 675 676 554 677
2562 4 2 0 0 590 652 576 726
2563 4 2 0 0 536 591 590 668
2564 4 2 0 0 576 536 596 606
2565 4 2 0 0 625 719 603 721
2566 4 2 0 0 550 585 649 700
2567 4 2 0 0 590 668 591 725
2568 4 2 0 0 536 594 591 668
2569 4 2 0 0 346 573 604 650
2570 4 2 0 0 344 630 716 631
2571 4 2 0 0 536 577 547 735
2572 4 2 0 0 106 373 107 625
2573 4 2 0 0 438 766 587 155
2574 4 2 0 0 541 549 545 578
2575 4 2 0 0 577 656 606 708
2576 4 2 0 0 556 557 535 642
2577 4 2 0 0 534 662 543 704
2578 4 2 0 0 345 611 570 623
2579 4 2 0 0 565 627 626 665
2580 4 2 0 0 659 665 626 698
2581 4 2 0 0 532 535 567 696
2582 4 2 0 0 558 731 614 673
2583 4 2 0 0 86 10 76 623
2584 4 2 0 0 62 344 9 631
2585 4 2 0 0 86 345 10 623
2586 4 2 0 0 64 62 9 631
2587 4 2 0 0 577 655 656 708
2588 4 2 0 0 579 582 549 583
2589 4 2 0 0 665 697 626 698
2590 4 2 0 0 10 344 63 631
2591 4 2 0 0 14 345 87 623
2592 4 2 0 0 601 648 578 699
2593 4 2 0 0 613 614 552 671
2594 4 2 0 0 553 696 536 714
2595 4 2 0 0 572 677 679 734
2596 4 2 0 0 553 569 536 696
2597 4 2 0 0 588 633 622 694
2598 4 2 0 0 64 9 74 650
2599 4 2 0 0 118 12 107 625
2600 4 2 0 0 338 336 337 574
2601 4 2 0 0 337 336 339 574
2602 4 2 0 0 270 618 589 271
2603 4 2 0 0 589 618 270 729
2604 4 2 0 0 610 657 50 336
2605 4 2 0 0 646 210 30 228
2606 4 2 0 0 30 29 646 228
2607 4 2 0 0 646 29 30 644
2608 4 2 0 0 651 262 639 41
2609 4 2 0 0 651 639 262 636
2610 4 2 0 0 160 356 634 161
2611 4 2 0 0 634 356 160 648
2612 4 2 0 0 634 599 160 161
2613 4 2 0 0 160 599 634 648
2614 4 2 0 0 133 676 583 20
2615 4 2 0 0 703 185 621 587
2616 4 2 0 0 703 621 185 186
2617 4 2 0 0 694 642 634 163
2618 4 2 0 0 634 642 588 599
2619 4 2 0 0 162 634 642 163
2620 4 2 0 0 162 642 634 599
2621 4 2 0 0 670 538 164 560
2622 4 2 0 0 670 538 560 571
2623 4 2 0 0 565 753 566 632
2624 4 2 0 0 565 632 566 629
2625 4 2 0 0 623 108 372 363
2626 4 2 0 0 623 109 611 724
2627 4 2 0 0 642 427 162 163
2628 4 2 0 0 642 425 175 669
2629 4 2 0 0 595 573 604 351
2630 4 2 0 0 595 573 351 537
2631 4 2 0 0 573 572 595 681
2632 4 2 0 0 573 595 572 537
2633 4 2 0 0 761 482 755 672
2634 4 2 0 0 595 573 681 604
2635 4 2 0 0 671 245 651 246
2636 4 2 0 0 91 417 754 90
2637 4 2 0 0 421 417 754 91
2638 4 2 0 0 745 414 420 417
2639 4 2 0 0 716 69 630 629
2640 4 2 0 0 716 630 69 68
2641 4 2 0 0 309 630 69 629
2642 4 2 0 0 309 69 630 68
2643 4 2 0 0 537 707 562 333
2644 4 2 0 0 747 537 748 333
2645 4 2 0 0 703 594 201 200
2646 4 2 0 0 594 693 703 543
2647 4 2 0 0 594 703 693 200
2648 4 2 0 0 331 747 333 707
2649 4 2 0 0 575 239 240 505
2650 4 2 0 0 575 239 505 674
2651 4 2 0 0 163 634 155 162
2652 4 2 0 0 225 710 224 711
2653 4 2 0 0 105 331 747 333
2654 4 2 0 0 656 710 606 223
2655 4 2 0 0 656 710 223 224
2656 4 2 0 0 606 220 215 221
2657 4 2 0 0 606 215 220 596
2658 4 2 0 0 43 28 622 285
2659 4 2 0 0 43 622 28 694
2660 4 2 0 0 657 563 713 610
2661 4 2 0 0 657 713 563 735
2662 4 2 0 0 710 713 563 610
2663 4 2 0 0 710 563 713 735
2664 4 2 0 0 618 272 589 271
2665 4 2 0 0 544 348 624 566
2666 4 2 0 0 764 566 544 300
2667 4 2 0 0 293 566 300 544
2668 4 2 0 0 293 300 566 56
2669 4 2 0 0 698 93 571 16
2670 4 2 0 0 92 571 698 93
2671 4 2 0 0 565 568 293 536
2672 4 2 0 0 293 568 565 544
2673 4 2 0 0 328 753 683 537
2674 4 2 0 0 632 753 566 349
2675 4 2 0 0 609 472 711 232
2676 4 2 0 0 330 49 48 746
2677 4 2 0 0 483 491 600 219
2678 4 2 0 0 483 600 491 760
2679 4 2 0 0 708 600 491 219
2680 4 2 0 0 708 760 491 600
2681 4 2 0 0 742 131 415 130
2682 4 2 0 0 560 702 742 117
2683 4 2 0 0 191 28 694 468
2684 4 2 0 0 694 28 191 622
2685 4 2 0 0 273 43 622 479
2686 4 2 0 0 273 622 43 688
2687 4 2 0 0 751 550 312 319
2688 4 2 0 0 209 761 755 445
2689 4 2 0 0 301 627 697 310
2690 4 2 0 0 417 745 90 420
2691 4 2 0 0 627 73 72 310
2692 4 2 0 0 301 627 310 73
2693 4 2 0 0 144 555 436 435
2694 4 2 0 0 144 436 555 597
2695 4 2 0 0 671 730 638 664
2696 4 2 0 0 638 730 671 651
2697 4 2 0 0 674 212 673 213
2698 4 2 0 0 674 673 212 548
2699 4 2 0 0 746 332 48 330
2700 4 2 0 0 544 348 566 764
2701 4 2 0 0 764 566 300 56
2702 4 2 0 0 348 566 764 56
2703 4 2 0 0 602 115 598 114
2704 4 2 0 0 602 598 115 582
2705 4 2 0 0 665 18 406 138
2706 4 2 0 0 665 406 18 628
2707 4 2 0 0 547 342 553 47
2708 4 2 0 0 547 342 47 339
2709 4 2 0 0 563 746 735 607
2710 4 2 0 0 746 562 330 683
2711 4 2 0 0 144 543 435 145
2712 4 2 0 0 144 435 543 555
2713 4 2 0 0 700 160 648 599
2714 4 2 0 0 700 648 160 159
2715 4 2 0 0 596 692 705 31
2716 4 2 0 0 705 692 596 607
2717 4 2 0 0 711 35 610 250
2718 4 2 0 0 766 155 442 24
2719 4 2 0 0 349 573 60 346
2720 4 2 0 0 753 573 537 60
2721 4 2 0 0 61 60 573 346
2722 4 2 0 0 61 573 60 537
2723 4 2 0 0 573 349 650 346
2724 4 2 0 0 769 295 49 746
2725 4 2 0 0 627 571 84 686
2726 4 2 0 0 627 571 686 544
2727 4 2 0 0 686 83 84 627
2728 4 2 0 0 42 268 622 479
2729 4 2 0 0 42 622 268 620
2730 4 2 0 0 643 658 714 568
2731 4 2 0 0 714 658 643 585
2732 4 2 0 0 716 69 680 68
2733 4 2 0 0 716 680 69 632
2734 4 2 0 0 606 215 576 216
2735 4 2 0 0 606 576 215 596
2736 4 2 0 0 586 576 215 216
2737 4 2 0 0 586 215 576 596
2738 4 2 0 0 684 84 686 83
2739 4 2 0 0 684 686 84 571
2740 4 2 0 0 545 554 676 717
2741 4 2 0 0 545 595 706 554
2742 4 2 0 0 696 557 635 695
2743 4 2 0 0 542 540 535 599
2744 4 2 0 0 535 540 532 664
2745 4 2 0 0 191 593 620 42
2746 4 2 0 0 620 593 191 192
2747 4 2 0 0 732 232 617 233
2748 4 2 0 0 732 617 232 647
2749 4 2 0 0 24 766 182 442
2750 4 2 0 0 417 754 415 421
2751 4 2 0 0 712 259 641 39
2752 4 2 0 0 712 641 259 655
2753 4 2 0 0 671 729 730 664
2754 4 2 0 0 730 729 671 38
2755 4 2 0 0 562 554 705 706
2756 4 2 0 0 562 554 706 537
2757 4 2 0 0 562 554 537 683
2758 4 2 0 0 562 554 683 705
2759 4 2 0 0 602 375 115 380
2760 4 2 0 0 602 115 375 582
2761 4 2 0 0 712 253 259 501
2762 4 2 0 0 712 259 253 655
2763 4 2 0 0 675 401 400 399
2764 4 2 0 0 675 400 401 676
2765 4 2 0 0 513 729 270 618
2766 4 2 0 0 513 729 618 619
2767 4 2 0 0 634 155 587 633
2768 4 2 0 0 634 587 155 154
2769 4 2 0 0 613 269 729 270
2770 4 2 0 0 89 697 665 88
2771 4 2 0 0 665 697 89 628
2772 4 2 0 0 665 411 89 88
2773 4 2 0 0 89 411 665 628
2774 4 2 0 0 753 573 60 349
2775 4 2 0 0 673 551 646 645
2776 4 2 0 0 612 190 688 43
2777 4 2 0 0 612 688 190 25
2778 4 2 0 0 694 155 634 633
2779 4 2 0 0 694 634 155 163
2780 4 2 0 0 575 267 525 523
2781 4 2 0 0 294 735 547 297
2782 4 2 0 0 294 735 297 295
2783 4 2 0 0 645 30 646 210
2784 4 2 0 0 645 646 30 644
2785 4 2 0 0 714 316 532 313
2786 4 2 0 0 714 532 316 696
2787 4 2 0 0 643 585 168 649
2788 4 2 0 0 168 585 643 659
2789 4 2 0 0 168 167 643 649
2790 4 2 0 0 643 167 168 659
2791 4 2 0 0 617 329 707 335
2792 4 2 0 0 617 707 329 563
2793 4 2 0 0 232 732 214 469
2794 4 2 0 0 214 732 232 647
2795 4 2 0 0 637 574 338 337
2796 4 2 0 0 338 574 637 638
2797 4 2 0 0 338 343 637 337
2798 4 2 0 0 552 637 343 664
2799 4 2 0 0 605 521 290 528
2800 4 2 0 0 605 290 521 593
2801 4 2 0 0 709 220 606 221
2802 4 2 0 0 709 606 220 692
2803 4 2 0 0 642 197 196 612
2804 4 2 0 0 556 197 612 635
2805 4 2 0 0 575 593 267 548
2806 4 2 0 0 267 593 575 525
2807 4 2 0 0 613 269 270 265
2808 4 2 0 0 671 613 729 664
2809 4 2 0 0 589 613 729 270
2810 4 2 0 0 589 729 613 664
2811 4 2 0 0 547 47 46 339
2812 4 2 0 0 547 46 47 294
2813 4 2 0 0 641 713 712 35
2814 4 2 0 0 713 655 657 641
2815 4 2 0 0 644 690 706 561
2816 4 2 0 0 706 690 644 29
2817 4 2 0 0 697 409 410 665
2818 4 2 0 0 697 410 409 13
2819 4 2 0 0 735 709 563 607
2820 4 2 0 0 735 563 709 710
2821 4 2 0 0 720 564 539 598
2822 4 2 0 0 720 539 564 603
2823 4 2 0 0 575 254 505 255
2824 4 2 0 0 575 254 255 652
2825 4 2 0 0 652 654 569 653
2826 4 2 0 0 652 569 654 663
2827 4 2 0 0 639 337 574 637
2828 4 2 0 0 639 574 337 339
2829 4 2 0 0 643 166 649 167
2830 4 2 0 0 643 166 167 698
2831 4 2 0 0 720 539 570 598
2832 4 2 0 0 720 570 539 611
2833 4 2 0 0 753 573 349 632
2834 4 2 0 0 588 634 633 694
2835 4 2 0 0 635 535 696 618
2836 4 2 0 0 635 696 535 557
2837 4 2 0 0 639 337 567 342
2838 4 2 0 0 639 567 337 637
2839 4 2 0 0 349 3 60 753
2840 4 2 0 0 749 47 2 299
2841 4 2 0 0 618 589 556 535
2842 4 2 0 0 618 556 589 272
2843 4 2 0 0 539 751 752 319
2844 4 2 0 0 751 578 322 540
2845 4 2 0 0 728 727 198 23
2846 4 2 0 0 753 49 3 334
2847 4 2 0 0 203 198 727 23
2848 4 2 0 0 203 727 198 725
2849 4 2 0 0 718 681 564 602
2850 4 2 0 0 769 295 298 49
2851 4 2 0 0 599 585 584 542
2852 4 2 0 0 752 350 100 539
2853 4 2 0 0 668 536 576 590
2854 4 2 0 0 350 7 752 100
2855 4 2 0 0 648 559 599 634
2856 4 2 0 0 648 599 559 578
2857 4 2 0 0 611 14 623 345
2858 4 2 0 0 765 256 509 40
2859 4 2 0 0 765 256 40 652
2860 4 2 0 0 40 765 264 509
2861 4 2 0 0 625 14 108 611
2862 4 2 0 0 625 14 611 347
2863 4 2 0 0 535 542 696 532
2864 4 2 0 0 535 696 542 557
2865 4 2 0 0 714 696 542 532
2866 4 2 0 0 714 542 696 557
2867 4 2 0 0 619 535 696 567
2868 4 2 0 0 619 696 535 618
2869 4 2 0 0 765 503 507 666
2870 4 2 0 0 765 756 264 509
2871 4 2 0 0 650 12 118 604
2872 4 2 0 0 650 12 604 346
2873 4 2 0 0 603 681 564 718
2874 4 2 0 0 718 681 122 719
2875 4 2 0 0 642 588 688 694
2876 4 2 0 0 746 562 683 607
2877 4 2 0 0 642 588 599 589
2878 4 2 0 0 319 59 752 539
2879 4 2 0 0 473 230 691 229
2880 4 2 0 0 691 230 473 709
2881 4 2 0 0 691 475 473 229
2882 4 2 0 0 691 221 475 220
2883 4 2 0 0 329 610 617 563
2884 4 2 0 0 544 768 764 318
2885 4 2 0 0 609 617 610 563
2886 4 2 0 0 581 597 534 18
2887 4 2 0 0 581 534 597 555
2888 4 2 0 0 137 534 597 18
2889 4 2 0 0 137 597 534 555
2890 4 2 0 0 647 230 609 231
2891 4 2 0 0 647 690 230 646
2892 4 2 0 0 647 230 231 212
2893 4 2 0 0 647 230 690 609
2894 4 2 0 0 348 566 56 344
2895 4 2 0 0 617 610 711 609
2896 4 2 0 0 676 583 132 133
2897 4 2 0 0 752 319 7 59
2898 4 2 0 0 610 249 640 36
2899 4 2 0 0 610 640 249 641
2900 4 2 0 0 247 640 249 36
2901 4 2 0 0 247 249 640 641
2902 4 2 0 0 318 53 5 764
2903 4 2 0 0 544 768 318 533
2904 4 2 0 0 332 563 50 329
2905 4 2 0 0 13 92 420 745
2906 4 2 0 0 563 610 50 329
2907 4 2 0 0 563 50 610 657
2908 4 2 0 0 652 524 765 575
2909 4 2 0 0 750 764 53 318
2910 4 2 0 0 40 276 765 652
2911 4 2 0 0 575 765 652 507
2912 4 2 0 0 750 764 318 714
2913 4 2 0 0 671 736 265 667
2914 4 2 0 0 37 736 526 265
2915 4 2 0 0 265 736 666 667
2916 4 2 0 0 736 526 265 666
2917 4 2 0 0 737 210 30 645
2918 4 2 0 0 488 210 30 737
2919 4 2 0 0 737 482 210 672
2920 4 2 0 0 737 210 645 672
2921 4 2 0 0 738 699 149 601
2922 4 2 0 0 746 743 297 48
2923 4 2 0 0 738 601 149 689
2924 4 2 0 0 738 699 601 701
2925 4 2 0 0 149 762 738 689
2926 4 2 0 0 23 739 198 728
2927 4 2 0 0 23 739 757 198
2928 4 2 0 0 198 739 693 728
2929 4 2 0 0 757 198 739 715
2930 4 2 0 0 739 198 693 715
2931 4 2 0 0 764 544 318 714
2932 4 2 0 0 342 749 54 532
2933 4 2 0 0 761 215 596 32
2934 4 2 0 0 761 215 32 489
2935 4 2 0 0 740 238 33 732
2936 4 2 0 0 33 767 238 740
2937 4 2 0 0 740 673 238 732
2938 4 2 0 0 238 740 767 674
2939 4 2 0 0 238 673 740 674
2940 4 2 0 0 749 342 553 696
2941 4 2 0 0 708 510 600 253
2942 4 2 0 0 349 57 3 753
2943 4 2 0 0 708 510 253 34
2944 4 2 0 0 102 343 741 552
2945 4 2 0 0 741 664 552 343
2946 4 2 0 0 349 57 753 566
2947 4 2 0 0 749 532 342 696
2948 4 2 0 0 741 102 6 343
2949 4 2 0 0 130 415 742 421
2950 4 2 0 0 742 131 130 702
2951 4 2 0 0 130 15 742 702
2952 4 2 0 0 130 742 15 421
2953 4 2 0 0 742 131 702 560
2954 4 2 0 0 657 743 547 735
2955 4 2 0 0 50 743 340 657
2956 4 2 0 0 632 753 537 683
2957 4 2 0 0 8 101 351 748
2958 4 2 0 0 743 1 50 340
2959 4 2 0 0 597 762 396 140
2960 4 2 0 0 7 752 324 98
2961 4 2 0 0 22 440 142 597
2962 4 2 0 0 55 337 54 532
2963 4 2 0 0 22 440 597 140
2964 4 2 0 0 341 744 51 617
2965 4 2 0 0 341 546 744 617
2966 4 2 0 0 744 103 327 546
2967 4 2 0 0 744 103 546 341
2968 4 2 0 0 4 51 341 744
2969 4 2 0 0 184 24 633 766
2970 4 2 0 0 766 633 184 587
2971 4 2 0 0 324 751 322 98
2972 4 2 0 0 324 751 98 752
2973 4 2 0 0 747 706 595 537
2974 4 2 0 0 92 571 93 670
2975 4 2 0 0 745 414 417 670
$EndElements
