$MeshFormat
2.2 0 8
$EndMeshFormat
$Nodes
1601
1 1.0000000000000000e+00 1.0000000000000000e+00 1.0000000000000000e+00
2 -1.0000000000000000e+00 1.0000000000000000e+00 1.0000000000000000e+00
3 -1.0000000000000000e+00 -1.0000000000000000e+00 1.0000000000000000e+00
4 1.0000000000000000e+00 -1.0000000000000000e+00 1.0000000000000000e+00
5 5.5931657552719116e-02 -1.0000000000000000e+00 5.5931657552719116e-02
6 -5.5931657552719116e-02 -1.0000000000000000e+00 5.5931657552719116e-02
7 -5.5931657552719116e-02 -3.5685473680496216e-01 5.5931657552719116e-02
8 5.5931657552719116e-02 -3.5685473680496216e-01 5.5931657552719116e-02
9 -1.0000000000000000e+00 -1.0000000000000000e+00 -1.0000000000000000e+00
10 -1.0000000000000000e+00 1.0000000000000000e+00 -1.0000000000000000e+00
11 1.0000000000000000e+00 1.0000000000000000e+00 -1.0000000000000000e+00
12 1.0000000000000000e+00 -1.0000000000000000e+00 -1.0000000000000000e+00
13 -3.2162803411483765e-01 -1.0000000000000000e+00 -3.2162803411483765e-01
14 -3.2162803411483765e-01 -1.0000000000000000e+00 3.2162803411483765e-01
15 3.2162803411483765e-01 -1.0000000000000000e+00 3.2162803411483765e-01
16 3.2162803411483765e-01 -1.0000000000000000e+00 -3.2162803411483765e-01
17 -5.5931657552719116e-02 -1.0000000000000000e+00 -5.5931657552719116e-02
18 5.5931657552719116e-02 -1.0000000000000000e+00 -5.5931657552719116e-02
19 -5.5931657552719116e-02 -3.5685473680496216e-01 -5.5931657552719116e-02
20 5.5931657552719116e-02 -3.5685473680496216e-01 -5.5931657552719116e-02
21 5.5931657552719116e-02 -2.6718997955322266e-01 -5.5931657552719116e-02
22 -5.5931657552719116e-02 -2.6718997955322266e-01 -5.5931657552719116e-02
23 5.5931657552719116e-02 -2.6718997955322266e-01 5.5931657552719116e-02
24 -5.5931657552719116e-02 -2.6718997955322266e-01 5.5931657552719116e-02
25 -1.1604979634284973e-01 -2.6718997955322266e-01 5.5931657552719116e-02
26 -1.1604979634284973e-01 -2.6718997955322266e-01 -5.5931657552719116e-02
27 -1.1604979634284973e-01 -3.5685473680496216e-01 -5.5931657552719116e-02
28 -1.5863315761089325e-01 -2.6718997955322266e-01 -5.5931657552719116e-02
29 -1.5863315761089325e-01 -3.5685473680496216e-01 -5.5931657552719116e-02
30 -1.1604979634284973e-01 -3.5685473680496216e-01 5.5931657552719116e-02
31 -1.5863315761089325e-01 -3.5685473680496216e-01 5.5931657552719116e-02
32 -1.5863315761089325e-01 -2.6718997955322266e-01 5.5931657552719116e-02
33 -1.5863315761089325e-01 1.5582275390625000e-01 -5.5931657552719116e-02
34 -1.5863315761089325e-01 1.5582275390625000e-01 5.5931657552719116e-02
35 -1.1604979634284973e-01 1.5582275390625000e-01 -5.5931657552719116e-02
36 -1.1604979634284973e-01 1.7983938753604889e-01 -5.5931657552719116e-02
37 -1.5863315761089325e-01 1.7983938753604889e-01 -5.5931657552719116e-02
38 -1.1604979634284973e-01 1.5582275390625000e-01 5.5931657552719116e-02
39 -1.1604979634284973e-01 1.7983938753604889e-01 5.5931657552719116e-02
40 -1.5863315761089325e-01 1.7983938753604889e-01 5.5931657552719116e-02
41 1.8522965908050537e-01 1.7983938753604889e-01 -5.5931657552719116e-02
42 1.8522965908050537e-01 1.7983938753604889e-01 5.5931657552719116e-02
43 1.8522965908050537e-01 1.5582275390625000e-01 5.5931657552719116e-02
44 2.3024478554725647e-01 1.7983938753604889e-01 5.5931657552719116e-02
45 2.3024478554725647e-01 1.5582275390625000e-01 5.5931657552719116e-02
46 1.8522965908050537e-01 1.5582275390625000e-01 -5.5931657552719116e-02
47 2.3024478554725647e-01 1.5582275390625000e-01 -5.5931657552719116e-02
48 2.3024478554725647e-01 1.7983938753604889e-01 -5.5931657552719116e-02
49 2.3024478554725647e-01 4.9041491746902466e-01 -5.5931657552719116e-02
50 1.8522965908050537e-01 4.9041491746902466e-01 -5.5931657552719116e-02
51 2.3024478554725647e-01 5.3133881092071533e-01 -5.5931657552719116e-02
52 1.8522965908050537e-01 5.3133881092071533e-01 -5.5931657552719116e-02
53 1.8522965908050537e-01 4.9041491746902466e-01 5.5931657552719116e-02
54 2.3024478554725647e-01 4.9041491746902466e-01 5.5931657552719116e-02
55 1.8522965908050537e-01 5.3133881092071533e-01 5.5931657552719116e-02
56 2.3024478554725647e-01 5.3133881092071533e-01 5.5931657552719116e-02
57 -8.3275079727172852e-02 5.3133881092071533e-01 5.5931657552719116e-02
58 -8.3275079727172852e-02 5.3133881092071533e-01 -5.5931657552719116e-02
59 -8.3275079727172852e-02 4.9041491746902466e-01 -5.5931657552719116e-02
60 -1.1496636271476746e-01 5.3133881092071533e-01 -5.5931657552719116e-02
61 -1.1496636271476746e-01 4.9041491746902466e-01 -5.5931657552719116e-02
62 -8.3275079727172852e-02 4.9041491746902466e-01 5.5931657552719116e-02
63 -1.1496636271476746e-01 4.9041491746902466e-01 5.5931657552719116e-02
64 -1.1496636271476746e-01 5.3133881092071533e-01 5.5931657552719116e-02
65 -1.1496636271476746e-01 4.1364550590515137e-01 -5.5931657552719116e-02
66 -8.3275079727172852e-02 4.1364550590515137e-01 -5.5931657552719116e-02
67 -1.1496636271476746e-01 2.1710336208343506e-01 -5.5931657552719116e-02
68 -8.3275079727172852e-02 2.1710336208343506e-01 -5.5931657552719116e-02
69 -8.3275079727172852e-02 4.1364550590515137e-01 5.5931657552719116e-02
70 -1.1496636271476746e-01 4.1364550590515137e-01 5.5931657552719116e-02
71 -8.3275079727172852e-02 2.1710336208343506e-01 5.5931657552719116e-02
72 -1.1496636271476746e-01 2.1710336208343506e-01 5.5931657552719116e-02
73 3.4589931368827820e-02 1.7983938753604889e-01 5.5931657552719116e-02
74 -4.0729932487010956e-02 1.7983938753604889e-01 5.5931657552719116e-02
75 -7.8389864414930344e-02 1.7983938753604889e-01 5.5931657552719116e-02
76 3.2162803411483765e-01 -1.0000000000000000e+00 1.0000000000000000e+00
77 3.4589931368827820e-02 1.5582275390625000e-01 5.5931657552719116e-02
78 -4.0729932487010956e-02 1.5582275390625000e-01 5.5931657552719116e-02
79 -7.8389864414930344e-02 1.5582275390625000e-01 5.5931657552719116e-02
80 3.4589931368827820e-02 1.5582275390625000e-01 -5.5931657552719116e-02
81 3.2162803411483765e-01 -1.0000000000000000e+00 -1.0000000000000000e+00
82 3.4589931368827820e-02 1.7983938753604889e-01 -5.5931657552719116e-02
83 -4.0729932487010956e-02 1.7983938753604889e-01 -5.5931657552719116e-02
84 -7.8389864414930344e-02 1.7983938753604889e-01 -5.5931657552719116e-02
85 -4.0729932487010956e-02 1.5582275390625000e-01 -5.5931657552719116e-02
86 -7.8389864414930344e-02 1.5582275390625000e-01 -5.5931657552719116e-02
87 1.0000000000000000e+00 -1.0000000000000000e+00 -3.2162803411483765e-01
88 1.0000000000000000e+00 1.0000000000000000e+00 -5.5931657552719116e-02
89 -1.0000000000000000e+00 -1.0000000000000000e+00 -3.2162803411483765e-01
90 -1.0000000000000000e+00 1.0000000000000000e+00 0.0000000000000000e+00
91 0.0000000000000000e+00 1.0000000000000000e+00 1.0000000000000000e+00
92 -1.0000000000000000e+00 0.0000000000000000e+00 1.0000000000000000e+00
93 -1.0000000000000000e+00 0.0000000000000000e+00 -1.0000000000000000e+00
94 -1.0000000000000000e+00 1.5582275390625000e-01 -5.5931657552719116e-02
95 0.0000000000000000e+00 1.0000000000000000e+00 -1.0000000000000000e+00
96 -8.3275079727172852e-02 1.0000000000000000e+00 5.5931657552719116e-02
97 1.0000000000000000e+00 1.0000000000000000e+00 4.7203417122364044e-01
98 1.0000000000000000e+00 0.0000000000000000e+00 1.0000000000000000e+00
99 0.0000000000000000e+00 0.0000000000000000e+00 1.0000000000000000e+00
100 1.0000000000000000e+00 0.0000000000000000e+00 -1.0000000000000000e+00
101 0.0000000000000000e+00 0.0000000000000000e+00 -1.0000000000000000e+00
102 1.0000000000000000e+00 1.5582275390625000e-01 5.5931657552719116e-02
103 4.7984666459843173e-01 1.0000000000000000e+00 2.0805125683546066e-01
104 3.5304664320746154e-01 1.0000000000000000e+00 -4.4090776585715052e-01
105 -1.1604979634284973e-01 -5.5683612823486328e-02 -5.5931657552719116e-02
106 -1.5863315761089325e-01 -5.5683612823486328e-02 -5.5931657552719116e-02
107 -1.5863315761089325e-01 -5.5683612823486328e-02 5.5931657552719116e-02
108 -1.1604979634284973e-01 -5.5683612823486328e-02 5.5931657552719116e-02
109 2.3024478554725647e-01 3.3512715250253677e-01 -5.5931657552719116e-02
110 1.8522965908050537e-01 3.3512715250253677e-01 -5.5931657552719116e-02
111 1.8522965908050537e-01 3.3512715250253677e-01 5.5931657552719116e-02
112 2.3024478554725647e-01 3.3512715250253677e-01 5.5931657552719116e-02
113 5.0977289676666260e-02 4.9041491746902466e-01 5.5931657552719116e-02
114 5.0977289676666260e-02 4.9041491746902466e-01 -5.5931657552719116e-02
115 5.0977289676666260e-02 5.3133881092071533e-01 -5.5931657552719116e-02
116 5.0977289676666260e-02 5.3133881092071533e-01 5.5931657552719116e-02
117 1.0990979522466660e-01 1.7983938753604889e-01 5.5931657552719116e-02
118 1.0990979522466660e-01 1.5582275390625000e-01 5.5931657552719116e-02
119 -1.1496636271476746e-01 3.1537443399429321e-01 -5.5931657552719116e-02
120 -8.3275079727172852e-02 3.1537443399429321e-01 -5.5931657552719116e-02
121 -8.3275079727172852e-02 3.1537443399429321e-01 5.5931657552719116e-02
122 -1.1496636271476746e-01 3.1537443399429321e-01 5.5931657552719116e-02
123 1.0990979522466660e-01 1.5582275390625000e-01 -5.5931657552719116e-02
124 1.0990979522466660e-01 1.7983938753604889e-01 -5.5931657552719116e-02
125 -5.5931657552719116e-02 -6.7842736840248108e-01 5.5931657552719116e-02
126 5.5931657552719116e-02 -6.7842736840248108e-01 5.5931657552719116e-02
127 5.5931657552719116e-02 -6.7842736840248108e-01 -5.5931657552719116e-02
128 -5.5931657552719116e-02 -6.7842736840248108e-01 -5.5931657552719116e-02
129 3.7755969166755676e-01 -1.0000000000000000e+00 0.0000000000000000e+00
130 0.0000000000000000e+00 -1.0000000000000000e+00 -3.7755969166755676e-01
131 -1.1604979634284973e-01 5.0069570541381836e-02 -5.5931657552719116e-02
132 -1.5863315761089325e-01 5.0069570541381836e-02 -5.5931657552719116e-02
133 -1.1604979634284973e-01 -1.6143679618835449e-01 -5.5931657552719116e-02
134 -1.5863315761089325e-01 -1.6143679618835449e-01 -5.5931657552719116e-02
135 -1.1604979634284973e-01 -1.6143679618835449e-01 5.5931657552719116e-02
136 -1.5863315761089325e-01 -1.6143679618835449e-01 5.5931657552719116e-02
137 -1.5863315761089325e-01 5.0069570541381836e-02 5.5931657552719116e-02
138 -1.1604979634284973e-01 5.0069570541381836e-02 5.5931657552719116e-02
139 -1.5863315761089325e-01 1.7983938753604889e-01 0.0000000000000000e+00
140 2.3024478554725647e-01 1.5582275390625000e-01 0.0000000000000000e+00
141 -1.1496636271476746e-01 5.3133881092071533e-01 0.0000000000000000e+00
142 -8.3275079727172852e-02 2.1710336208343506e-01 0.0000000000000000e+00
143 -1.1496636271476746e-01 2.1710336208343506e-01 0.0000000000000000e+00
144 -8.3275079727172852e-02 1.7983938753604889e-01 0.0000000000000000e+00
145 2.3024478554725647e-01 2.5748327001929283e-01 -5.5931657552719116e-02
146 1.8522965908050537e-01 2.5748327001929283e-01 -5.5931657552719116e-02
147 2.3024478554725647e-01 4.1277103498578072e-01 -5.5931657552719116e-02
148 1.8522965908050537e-01 4.1277103498578072e-01 -5.5931657552719116e-02
149 1.8522965908050537e-01 4.1277103498578072e-01 5.5931657552719116e-02
150 2.3024478554725647e-01 4.1277103498578072e-01 5.5931657552719116e-02
151 1.8522965908050537e-01 2.5748327001929283e-01 5.5931657552719116e-02
152 2.3024478554725647e-01 2.5748327001929283e-01 5.5931657552719116e-02
153 1.0000000000000000e+00 -1.0000000000000000e+00 3.3918598294258118e-01
154 -1.6148895025253296e-02 4.9041491746902466e-01 5.5931657552719116e-02
155 -1.6148895025253296e-02 5.3133881092071533e-01 5.5931657552719116e-02
156 -1.6148895025253296e-02 5.3133881092071533e-01 -5.5931657552719116e-02
157 -1.6148895025253296e-02 4.9041491746902466e-01 -5.5931657552719116e-02
158 1.1810347437858582e-01 4.9041491746902466e-01 5.5931657552719116e-02
159 1.1810347437858582e-01 5.3133881092071533e-01 5.5931657552719116e-02
160 1.1810347437858582e-01 4.9041491746902466e-01 -5.5931657552719116e-02
161 1.1810347437858582e-01 5.3133881092071533e-01 -5.5931657552719116e-02
162 -3.0700005590915680e-03 1.7983938753604889e-01 5.5931657552719116e-02
163 -3.0700005590915680e-03 1.5582275390625000e-01 5.5931657552719116e-02
164 -3.0700005590915680e-03 1.7983938753604889e-01 -5.5931657552719116e-02
165 -3.0700005590915680e-03 1.5582275390625000e-01 -5.5931657552719116e-02
166 7.2249863296747208e-02 1.7983938753604889e-01 5.5931657552719116e-02
167 7.2249863296747208e-02 1.5582275390625000e-01 5.5931657552719116e-02
168 1.4756972715258598e-01 1.7983938753604889e-01 5.5931657552719116e-02
169 1.4756972715258598e-01 1.5582275390625000e-01 5.5931657552719116e-02
170 1.4756972715258598e-01 1.5582275390625000e-01 -5.5931657552719116e-02
171 1.4756972715258598e-01 1.7983938753604889e-01 -5.5931657552719116e-02
172 7.2249863296747208e-02 1.5582275390625000e-01 -5.5931657552719116e-02
173 7.2249863296747208e-02 1.7983938753604889e-01 -5.5931657552719116e-02
174 -1.1496636271476746e-01 3.6450996994972229e-01 -5.5931657552719116e-02
175 -8.3275079727172852e-02 3.6450996994972229e-01 -5.5931657552719116e-02
176 -1.1496636271476746e-01 2.6623889803886414e-01 -5.5931657552719116e-02
177 -8.3275079727172852e-02 2.6623889803886414e-01 -5.5931657552719116e-02
178 -8.3275079727172852e-02 3.6450996994972229e-01 5.5931657552719116e-02
179 -1.1496636271476746e-01 3.6450996994972229e-01 5.5931657552719116e-02
180 -8.3275079727172852e-02 2.6623889803886414e-01 5.5931657552719116e-02
181 -1.1496636271476746e-01 2.6623889803886414e-01 5.5931657552719116e-02
182 -1.1604979634284973e-01 1.5582275390625000e-01 0.0000000000000000e+00
183 1.5759965404868126e-02 1.7983938753604889e-01 0.0000000000000000e+00
184 -2.1899966523051262e-02 1.5582275390625000e-01 0.0000000000000000e+00
185 1.8522965908050537e-01 1.7983938753604889e-01 0.0000000000000000e+00
186 1.2873976118862629e-01 1.5582275390625000e-01 0.0000000000000000e+00
187 5.3419897332787514e-02 1.5582275390625000e-01 0.0000000000000000e+00
188 9.1079829260706902e-02 1.7983938753604889e-01 0.0000000000000000e+00
189 -5.5931657552719116e-02 -8.3921368420124054e-01 5.5931657552719116e-02
190 5.5931657552719116e-02 -8.3921368420124054e-01 5.5931657552719116e-02
191 5.5931657552719116e-02 -8.3921368420124054e-01 -5.5931657552719116e-02
192 -5.5931657552719116e-02 -8.3921368420124054e-01 -5.5931657552719116e-02
193 -5.5931657552719116e-02 -5.1764105260372162e-01 5.5931657552719116e-02
194 5.5931657552719116e-02 -5.1764105260372162e-01 5.5931657552719116e-02
195 5.5931657552719116e-02 -5.1764105260372162e-01 -5.5931657552719116e-02
196 -5.5931657552719116e-02 -5.1764105260372162e-01 -5.5931657552719116e-02
197 -2.6103692116792371e-01 2.8516597150983275e-01 2.1603611951483335e-02
198 2.5697578967827245e-01 1.0000000000000000e+00 -8.5269262513128191e-02
199 4.6797804377240355e-02 7.9472447011150327e-01 -8.6728244787163261e-03
200 -9.8328868989429913e-02 1.2883539653285328e-01 5.4368041837615833e-01
201 1.0000000000000000e+00 -4.6835238424912784e-01 8.7789744138717651e-03
202 -1.0000000000000000e+00 -1.0000000000000000e+00 3.3918598294258118e-01
203 -3.3918598294258118e-01 -1.0000000000000000e+00 1.0000000000000000e+00
204 0.0000000000000000e+00 -1.0000000000000000e+00 6.6081401705741882e-01
205 0.0000000000000000e+00 -1.0000000000000000e+00 3.5578692099635378e-01
206 8.0308040040025438e-02 3.8646228550835166e-01 -4.6428399956488457e-03
207 -1.8180354269106172e-01 2.3913486589649541e-01 2.9674500910255339e-02
208 3.1711018137865293e-01 -7.4630908387181882e-01 1.7183450598012040e-01
209 -5.5931657552719116e-02 -4.3724789470434189e-01 5.5931657552719116e-02
210 2.2977598064548327e-02 6.5193074119253536e-01 1.7729517211056789e-03
211 6.3115897527792364e-01 1.0000000000000000e+00 -1.3825006661853928e-01
212 -5.0000000000000000e-01 5.0000000000000000e-01 -1.0000000000000000e+00
213 1.8565864113564037e-01 -6.8650093549034660e-02 3.0884570940047745e-01
214 -5.0000000000000000e-01 -3.8793057404107190e-01 1.0000000000000000e+00
215 1.7692058966197438e-01 6.7890160608853911e-01 -8.5538779637939193e-03
216 5.0000000000000000e-01 5.0000000000000000e-01 -1.0000000000000000e+00
217 -1.9742325064656865e-01 1.0000000000000000e+00 -4.8432006813090256e-01
218 0.0000000000000000e+00 5.0000000000000000e-01 -1.0000000000000000e+00
219 -3.3552313918027404e-01 5.1088491589714569e-01 -1.3839531076066749e-02
220 -5.0000000000000000e-01 0.0000000000000000e+00 -1.0000000000000000e+00
221 -2.2325377488276765e-01 2.8301564934734486e-01 1.8509433252940952e-01
222 1.3961487785828428e-02 3.9695941973586252e-01 8.8300100711950963e-02
223 5.0000000000000000e-01 5.0000000000000000e-01 1.0000000000000000e+00
224 1.7941616489020751e-02 6.1871695239746671e-01 -5.9436190379437359e-01
225 -2.9599548440287571e-01 1.8255621051176946e-01 1.2562635154143115e-01
226 3.5934300171750677e-01 3.9233854592238199e-01 5.2581195186813012e-01
227 -1.5832652411933734e-01 2.3681198089459871e-01 9.7033440172389934e-02
228 -1.6327023938364607e-01 2.3191636936313875e-01 -3.5278281988010432e-02
229 1.4984418705971322e-01 4.5235059131933175e-01 3.3032278321134073e-01
230 1.0000000000000000e+00 5.0000000000000000e-01 -1.0000000000000000e+00
231 -1.3262940145032184e-01 -4.2741299226150398e-01 -7.9237305918266644e-03
232 -1.6126489480291196e-02 3.3812080052489835e-01 2.4647666042750781e-03
233 -5.3191042898794505e-01 1.0000000000000000e+00 -1.3146239724308800e-01
234 2.0608052668797497e-01 2.1645333599907743e-01 2.7968399547180328e-01
235 2.2319016789130841e-01 4.6315607449149160e-01 1.8075337690776008e-01
236 9.4564225789229517e-02 1.0000000000000000e+00 5.1595164253183634e-01
237 -1.0000000000000000e+00 -3.6076197568486562e-01 -4.5556080596186310e-01
238 -2.7193517927087946e-01 1.8414840939326535e-01 -2.6605473332840576e-02
239 -7.5913074778069384e-03 1.0000000000000000e+00 -2.4224421589015260e-01
240 2.1863011757918241e-01 -5.9799354878496380e-01 -5.2277090408307534e-03
241 1.0000000000000000e+00 5.0000000000000000e-01 1.0000000000000000e+00
242 1.0000000000000000e+00 5.2382311547607818e-01 -4.0817742238958776e-01
243 -3.3489776178394343e-01 3.8159014117777457e-01 -2.2397024525691975e-01
244 6.3679815007460380e-02 -4.3469639369905902e-02 -1.5067844049383564e-02
245 -1.0000000000000000e+00 -3.2970170820520911e-01 4.1188312545918160e-01
246 -1.5207070683771873e-01 9.2618378636790635e-02 2.1644300270010566e-01
247 -3.5839513464530605e-02 1.5060323102423193e-01 -5.0953761081085069e-01
248 6.9337822947769445e-03 3.2086457209536040e-02 2.0610128991982814e-02
249 3.2346382743746152e-03 -1.3321519466461043e-01 -3.2393051149400909e-01
250 -1.0120128081401700e-01 2.0738406991777011e-01 -3.1387506859760972e-01
251 -9.5931465714917966e-02 1.9985978277340516e-01 -1.6145725170346942e-01
252 -1.4441195321015762e-01 -1.0081511168356430e-01 2.0837025867418052e-01
253 -4.9980053451521567e-02 6.9102738655588947e-01 -2.4085069853536845e-01
254 2.2663901744802099e-02 3.6127709414749554e-01 -2.0780388318471243e-01
255 6.5397052672261424e-01 2.2972727131161741e-01 2.2278549992664504e-01
256 -1.3233972841335848e-01 1.9174840721156511e-01 9.4449093048833963e-02
257 7.4604047306405200e-02 5.3891335036940058e-01 -2.4521415863714416e-01
258 -3.6177627541148907e-02 1.9401390582308289e-01 2.0852428039417031e-01
259 -2.7948067234117406e-02 6.5196663269518396e-02 -7.0664077267226608e-02
260 4.4644167494213606e-02 1.7423916238889042e-01 1.5361371636693719e-01
261 5.0274211958983150e-01 4.8421699450668143e-01 8.1080373864605183e-03
262 -2.6154378851552262e-01 1.0000000000000000e+00 -1.4801002993405712e-01
263 -3.9763864134123639e-01 -7.7955478111048956e-02 -3.8445004246870551e-01
264 3.0686320178024355e-02 -2.7568977820169654e-01 3.0045661463135664e-01
265 -1.6035966299110838e-01 4.7073489064741603e-01 -3.2967686564972193e-01
266 -9.1008545161654131e-02 3.9324108433924837e-01 1.9555110118197530e-01
267 8.7000966102923211e-03 2.7024263281996419e-01 -6.8411055320364567e-02
268 1.4599500048325881e-02 1.2810766549927691e-01 -1.8679099349999456e-01
269 7.1274511188552225e-03 6.7806540575281030e-02 1.0733490450585245e-01
270 4.0774891366615842e-02 2.5914868228641708e-01 1.8311826035088515e-02
271 -1.0000000000000000e+00 1.0000000000000000e+00 5.0000000000000000e-01
272 -1.1604979634284973e-01 8.8155353015731602e-02 0.0000000000000000e+00
273 -8.3062164859602022e-02 -2.5037699388623813e-01 2.0845802862782659e-01
274 -2.1764721803742851e-01 -5.8267715555909361e-01 4.0499213777962662e-01
275 -3.3918598294258118e-01 -1.0000000000000000e+00 -1.0000000000000000e+00
276 -4.3178872006790070e-01 -9.6564953683260901e-02 1.8098505493792635e-01
277 -1.2517430840963437e-01 7.8458667500629276e-01 -7.1248600465978029e-02
278 -2.5814795017948233e-01 -5.1979059929427684e-01 1.8259980725256181e-01
279 -2.1584747846298069e-01 1.6393695509631642e-01 1.1396859507549174e-01
280 -4.5206077216282159e-01 1.0000000000000000e+00 4.6288613806080281e-01
281 -3.5281369387011534e-02 5.0247612083663262e-01 -1.9098614520254875e-01
282 -9.4926557648127297e-02 5.1630898682431170e-01 -1.1675021259274523e-01
283 -4.7507459135433874e-02 6.4899769754019532e-01 -1.2291367768785674e-01
284 -4.4120995440022531e-01 -2.3573015893992855e-01 -8.7003622239087502e-02
285 4.5506596290095735e-01 -3.1046621408162500e-01 -3.0474057592366383e-01
286 1.3233502552580934e-01 4.4278764856241659e-02 8.6900351020713043e-02
287 -1.0827667846478586e-01 3.7624862172151874e-01 -1.6573855256559444e-01
288 1.6938359624072065e-02 5.0995915157648830e-01 2.4237800940705084e-01
289 8.5346203760080591e-02 6.5833605238819703e-01 1.7785249791867172e-01
290 3.2093438198384538e-01 7.4438539410166715e-01 -2.5736729311159678e-01
291 6.7591195893432566e-03 -4.6985198840001513e-01 2.0255532042957095e-01
292 -1.3880532136484675e-01 -2.9516362025413728e-01 -2.6003236253335427e-01
293 1.3820483218900073e-01 2.3204683410126917e-01 -2.2722037451029739e-01
294 2.2063953634482381e-02 -5.4462591013202810e-01 1.0000000000000000e+00
295 1.1011507057086084e-01 2.2435482074522217e-01 -3.0906788203209620e-02
296 -1.0000000000000000e+00 5.0000000000000000e-01 1.0000000000000000e+00
297 -2.7283702622014960e-01 3.9752727921785058e-01 -1.0173882918055792e-01
298 1.0000000000000000e+00 -5.0000000000000000e-01 1.0000000000000000e+00
299 2.4730862728509096e-03 -8.1406179238818877e-02 -1.9088283706154879e-01
300 3.6144040965436680e-01 -3.0655161781734491e-01 1.9381116444602406e-01
301 -2.9715815672069168e-01 9.6002890517849198e-03 9.5652001800675499e-02
302 -1.3765753997060071e-01 -4.3711703588086748e-01 1.8066440214141416e-01
303 -1.5303407454624646e-01 -2.1810269293344781e-01 1.2481505761923245e-01
304 4.9872220654773680e-01 -2.5255558690452645e-01 1.0000000000000000e+00
305 -2.6846384976694272e-02 1.8120377682759575e-01 1.3312135760159036e-01
306 -9.4893153269300382e-02 3.3293307720236598e-01 -1.1208686266022699e-01
307 1.0000000000000000e+00 -1.9036016773629594e-01 4.8368639580668182e-01
308 -1.2839901859115185e-01 -3.0915788237261710e-01 1.1618169637359699e-01
309 1.6789891495267731e-02 5.8080970846727553e-01 -1.4358814692059702e-01
310 2.0607358166262846e-01 -4.6765090982111990e-01 -1.4913506972441845e-01
311 2.0648743887442922e-01 2.2613745118101067e-01 1.5350168326287439e-01
312 -1.0008782660691716e-01 1.7015825655938407e-01 9.1017442204063187e-02
313 -2.1088203372726738e-01 5.1156116522120776e-01 2.9838399400336356e-02
314 1.6027796178221271e-01 8.6564006927076165e-02 1.5846127527065872e-02
315 -9.8981247918283707e-02 2.6238887426925700e-01 -1.2853394167448501e-01
316 -3.7500000000000000e-01 5.0000000000000000e-01 1.0000000000000000e+00
317 -1.0934120650298146e-01 5.0363536380787177e-01 1.6811017208233631e-01
318 4.9181239575619658e-02 8.8873352612606440e-02 6.5038792703337150e-02
319 8.5814260259916356e-02 1.6307632887358858e-01 -1.4994739598053572e-01
320 6.0277674495036078e-02 2.2583992884028867e-01 -1.1115027692220883e-01
321 -7.6207740265009580e-02 6.7369598748277137e-01 1.2522438283285492e-01
322 3.5929925861419781e-01 4.5893101827428495e-01 3.4828322092915415e-03
323 3.8464508571898620e-01 2.9091734078573039e-01 1.8850864777790685e-01
324 -2.0143261134732626e-01 3.4907943024473637e-01 9.7084958814288969e-02
325 -1.4705450299722317e-01 -4.3849388809623502e-01 9.4421447847974793e-02
326 9.8144719343233461e-02 1.1983316972262893e-01 1.1065184555067806e-01
327 -8.7789744138720930e-03 -5.5454586044656551e-01 -1.0000000000000000e+00
328 2.4932888617712431e-01 2.9575374570537417e-02 1.9261371164322605e-01
329 7.4597166159202533e-02 5.4542613842630761e-01 1.3599121372649062e-01
330 5.3132203636360162e-02 9.9609852375543248e-02 -3.1642641369196589e-02
331 4.6437917501048909e-01 5.0875497091961863e-01 2.1764952888242853e-01
332 -3.4593865428733489e-01 -3.1664104497945234e-01 7.1638608275513299e-02
333 -1.0302654902507336e-01 3.4201463242072205e-01 1.2950607318049592e-01
334 1.5706425542220689e-01 5.1680494477103178e-01 1.1710113240078403e-01
335 4.5893318005973782e-01 2.4124241233013224e-01 -2.4009935800519985e-01
336 2.0458775672497953e-01 -1.3532596205710004e-02 -1.5889903867057645e-01
337 -1.8779549035952955e-01 -1.1622865353376116e-01 1.2163092127280885e-01
338 2.3642579284685342e-01 -1.0000000000000000e+00 1.4113389882070335e-01
339 1.1714882500946082e-01 6.8829318055769617e-01 -1.5677605181216836e-01
340 1.4039711821316086e-02 6.0606721378180028e-01 8.1444285013101844e-02
341 6.6081401705741882e-01 -1.0000000000000000e+00 -2.1493572673436306e-01
342 -9.8250363685950845e-02 1.1046040659901021e-01 -1.2762441393125173e-01
343 -2.0295874801723937e-01 5.9815760027249820e-01 6.3429235313882137e-01
344 1.7452485992352815e-02 1.5845571324416088e-01 1.0388848944997513e-01
345 -1.7337775131406030e-01 3.8393798495755316e-01 -1.2372234684284958e-01
346 -1.0000000000000000e+00 2.5000000000000000e-01 4.9742911318536476e-01
347 -2.6735310168307125e-01 -2.1982111792454528e-01 2.0388812539245743e-01
348 2.6039020308650451e-01 2.9685274139709839e-01 1.3807085080620121e-01
349 -2.8092202505746394e-01 2.6084848171182284e-01 1.4006101435430895e-01
350 1.0000000000000000e+00 6.0548059113078712e-01 2.0805125683546066e-01
351 1.0000000000000000e+00 6.7509901401171846e-01 -1.1469861766974399e-01
352 2.8746751883417831e-01 -6.7297639425035538e-01 5.7611133692359118e-01
353 -1.4234108938024742e-01 9.7868032699514412e-02 1.1852133790635513e-01
354 -2.0114065969175693e-01 3.0819076797495336e-03 1.2503435419813830e-01
355 1.2650864228908926e-02 2.5376851248395937e-01 1.0357351540600347e-01
356 -8.0837638408859103e-02 2.3595505582697837e-01 9.5106717204169522e-02
357 -1.4082966857677631e-01 4.2320937266856823e-03 -1.6463761246427228e-01
358 -1.1664104143039646e-01 7.1262579440462237e-01 4.1032843423691512e-01
359 4.4122113186654000e-01 1.3682095097145288e-02 -4.1322307639053174e-02
360 1.8281214010121208e-01 -4.1772438798022177e-01 2.7418566870576491e-02
361 -1.0000000000000000e+00 -6.0161514010785888e-01 -1.2658611386048957e-02
362 1.8058699737166653e-01 -8.2790419385598080e-01 -1.5670325219127985e-02
363 -5.1676718789778475e-02 5.7924049149512735e-01 -9.3525710492479083e-02
364 1.3946707865696731e-01 2.8835520464688169e-01 -1.3281248923263811e-01
365 5.4439455153573145e-02 1.7093301745331091e-01 -1.0205174954035051e-01
366 -2.4184961967968366e-01 2.5299335195425315e-01 -1.6342352789144854e-01
367 8.7560466236291060e-02 1.2397486725079551e-01 2.9918254959948119e-02
368 -2.9690593309182495e-01 -8.1599800041232892e-03 2.7095164663354887e-01
369 -1.0000000000000000e+00 6.2585255596553591e-01 2.5000000000000000e-01
370 6.2023061979273188e-02 2.3635926079574288e-01 8.4896921560788971e-02
371 -1.2760056414364163e-01 -1.4962318128603636e-01 -2.1258570617202940e-01
372 -1.8311083329479735e-01 -2.8017809310129721e-01 1.0000000000000000e+00
373 -9.8270275275121749e-02 -2.0191102081528470e-01 -1.4702084743073912e-01
374 1.9833238491984226e-01 6.2462006470974796e-01 1.1839562552554767e-01
375 1.2787576472275616e-01 1.1159075923623506e-01 6.3681201705138801e-02
376 5.3257864799669249e-02 1.6806158913992830e-01 8.0861633206526562e-02
377 -7.6931587156003248e-02 6.3602952245771949e-01 2.5189696453750673e-02
378 2.1172917538577984e-01 5.2751223759438670e-01 -2.0400842930527299e-01
379 -4.4958847767951005e-01 3.0582260693022700e-01 -7.4285941635786931e-02
380 -3.2802971691092575e-01 -5.2929168483890821e-01 -1.9049867795724867e-01
381 6.0516679174262566e-01 -3.8969842174539984e-02 5.5099758808380306e-01
382 -2.6944617214550598e-01 -3.0625391967988852e-01 -1.4485136830586742e-01
383 1.7834561987549674e-01 1.0000000000000000e+00 2.0580669735485860e-01
384 -2.0414072559411273e-01 -5.9140264302966183e-01 -5.2268017646024713e-02
385 -1.3461278353646566e-01 1.5913842448140425e-01 -1.3317108722957027e-01
386 -1.1186262687337328e-01 5.9234947152178952e-01 1.2221629851345607e-01
387 -2.5412683294189198e-01 -3.0657247275077759e-01 -1.5142780106573236e-02
388 -4.6417866254410450e-01 2.2810777377043949e-02 -1.7672750953592553e-01
389 5.3990672623877092e-03 -1.3346863434592979e-01 1.6092679805911728e-01
390 -1.2871687427978415e-02 1.9486786560859579e-01 -1.3825761564699413e-01
391 -3.6105326496655835e-02 1.0435969211879824e-01 3.7677268080457973e-02
392 1.6425249504529715e-01 2.0814079304192848e-01 1.0938296035856904e-01
393 -7.9541376343332776e-02 -3.9503817229176630e-01 1.0595057895760032e-01
394 1.8487268039502014e-01 -3.1669487837386540e-01 1.1396808483980324e-01
395 -1.0261487310697825e-01 2.0073099904341674e-01 -9.4614409894987192e-02
396 -6.6913854821222196e-01 -1.0000000000000000e+00 8.7789744138717651e-03
397 -3.6004713351086615e-01 -1.0000000000000000e+00 0.0000000000000000e+00
398 -2.3946291551744983e-01 1.7264091723375918e-01 -1.3451716914009601e-01
399 -6.2294810753370081e-02 1.0296000835240432e-01 9.7018577675791084e-02
400 -2.7715519463643534e-01 5.8173834501750465e-01 -1.4035069398295780e-01
401 2.1092850774306449e-02 4.7738021531012809e-01 1.3635623032876748e-01
402 -2.1858810258400566e-01 4.2630480202901994e-01 -2.2633557764983112e-01
403 -1.3408480942261323e-02 3.9067442704931571e-01 -8.5321805437467063e-02
404 3.6776375020046581e-01 2.2903994065170394e-01 3.4421429666457962e-02
405 4.6863195108878077e-02 -3.0862465226832136e-01 1.6329736879939169e-01
406 -1.0100044610796556e-01 5.8470914390304329e-01 6.0140962799250443e-02
407 -1.1094737389016869e-01 2.3718314239940178e-01 -8.6027791996676289e-02
408 3.0618717120093120e-01 -6.5491894814472956e-02 4.8439736698194971e-02
409 -2.8363691472393887e-01 -1.2924959862135368e-01 -1.5425837538636081e-01
410 1.2502882221843264e-01 1.0813501875941564e-01 -3.6578344902137093e-02
411 -1.5863315761089325e-01 -2.8070211410522461e-03 -5.5931657552719116e-02
412 -1.1604979634284973e-01 -2.8070211410522461e-03 -5.5931657552719116e-02
413 6.4436747781065462e-01 -6.4260798923174844e-01 1.4138820604677405e-02
414 -2.5000000000000000e-01 -2.7338468839987073e-01 -1.0000000000000000e+00
415 -2.9309135260813732e-02 3.0192438156121305e-02 -1.9036375403070965e-01
416 -3.1460081616330252e-02 2.2911071478467845e-01 -1.5006748330111884e-02
417 2.0137759951939474e-01 8.9263780582991198e-02 9.6855378617584059e-02
418 -1.8050344967974605e-01 5.6429675600331297e-01 8.7389923966361041e-02
419 5.0000000000000000e-01 1.0000000000000000e+00 1.0000000000000000e+00
420 5.0759994182861930e-02 1.1712181108647313e-01 -9.2795589444188711e-02
421 -3.8667506806524105e-01 1.0000000000000000e+00 1.5156358975951362e-01
422 1.5925918906985856e-01 -7.3971131508012350e-02 1.8944868900013212e-01
423 -1.4559495225090971e-01 2.9415068221067847e-01 -2.0335227595642760e-01
424 -5.0899958060637990e-02 -6.1837252601266057e-01 -3.7955842075080387e-01
425 -1.4096522110065976e-01 -1.3962796988098214e-01 -1.3472647135687632e-01
426 -1.0000000000000000e+00 -6.9003530645207256e-02 6.5220900099094981e-01
427 4.0342225690970768e-01 6.1721802451802210e-01 8.0132923849580331e-02
428 2.6567397939290159e-02 -2.9975969777383266e-01 -2.4245389774564791e-01
429 1.0979864612858486e-01 1.9695898266101391e-01 1.1352638053834059e-01
430 -6.7238474151421523e-01 1.8885691274843314e-01 2.5244680533630137e-01
431 -9.7673448013940924e-03 1.1492373353677421e-01 -3.6258798957423129e-02
432 -6.8926375585786945e-02 -9.2435280802415348e-03 1.5644638877293121e-01
433 1.1016607237038170e-01 4.3132417485393604e-01 2.1099226746625474e-01
434 2.0742109864327396e-01 1.3596143194959620e-01 1.4504822767211056e-01
435 -2.6031582984264384e-01 -8.8375364523094416e-03 -2.6851557564299537e-03
436 1.5531018357598153e-01 1.6607929616858316e-01 9.9002895191843021e-02
437 1.4586707723923513e-04 1.6729923575175376e-01 -9.1102823619010814e-02
438 9.3217596076121317e-02 2.6966777417656695e-01 2.1465059462293062e-01
439 -2.5067250047528241e-02 5.9261107945185587e-01 2.8988956871092340e-02
440 2.9951321296258626e-01 3.5276632905942717e-01 -1.9694738992940314e-01
441 3.0936781112970280e-01 4.4432004613487291e-01 3.0578769546256257e-01
442 -1.1604979634284973e-01 2.3631274700164795e-02 0.0000000000000000e+00
443 8.9897378284473847e-02 9.1413534031101182e-02 2.9662176874588064e-01
444 -1.3635958659277364e-01 -5.6900201936632464e-02 9.9648914158120300e-02
445 3.2996212657000623e-01 1.0000000000000000e+00 9.0605402967452911e-02
446 3.5204020484258136e-01 5.2104099638520174e-01 -1.1963908565009582e-01
447 2.2832678834227144e-01 4.4882699799078757e-01 -1.1507502218795136e-01
448 2.2187774924044855e-02 8.7035679923668785e-02 -3.1077840690801117e-01
449 1.1549812473247278e-01 -1.9379156926590319e-01 2.0025441483739392e-01
450 2.8820396301435397e-01 5.2799319004270850e-01 6.3619775681813236e-03
451 -2.5400116865685490e-01 -1.4859675322160626e-01 6.1146973087740197e-01
452 -1.1915611675316995e-01 -1.4875626825511221e-01 1.0833399953640509e-01
453 -1.8455370508838004e-01 1.6643084903332431e-01 -9.5630686327246597e-02
454 8.6723271810576014e-02 4.9755094869068822e-01 -1.3221824448513900e-01
455 -6.6888887474982714e-02 1.1086880122016278e-01 -8.6595138026128560e-02
456 -1.3891894389779380e-01 -6.3082549482740682e-02 -1.2414083579080940e-01
457 2.6295280185472621e-02 1.1585592390520059e-01 2.4912869424174377e-02
458 3.2756570679763358e-01 1.0000000000000000e+00 4.1250512146866786e-01
459 -1.2813101871078611e-01 2.9002673839961541e-02 1.0332190508181079e-01
460 7.0882177449600003e-01 4.6294477127714206e-01 -3.1820781717743207e-01
461 -2.6817075936162064e-02 2.4162640676971858e-01 4.9327786727162135e-02
462 -2.0284603624246603e-01 -1.0000000000000000e+00 0.0000000000000000e+00
463 -3.9458587218918062e-01 3.6631123087626183e-01 5.9244112979570621e-02
464 9.1079829260706902e-02 1.5582275390625000e-01 -1.8456877127563574e-02
465 2.5096450916809554e-01 7.9655720639068228e-01 3.2788372089380885e-01
466 -6.1982755518375801e-02 1.6802827001846607e-01 -9.8919150805325692e-02
467 -1.1496636271476746e-01 2.9080666601657867e-01 0.0000000000000000e+00
468 -2.2037740390948801e-01 1.2223324279710644e-01 -3.6956315809425787e-02
469 -2.7942598852147754e-01 7.6635780687552524e-01 8.8706412480666172e-02
470 1.0475760547201121e-01 2.9855467730904550e-01 -5.1466773008902245e-01
471 -2.1840938329788018e-01 -4.9904078357225445e-01 2.8344959311835938e-02
472 8.5319801947568608e-02 5.8677989348326430e-02 2.1590902038792097e-02
473 -5.9125739881470150e-02 -4.7055271319432335e-01 1.3055625763529513e-01
474 -1.7294035271366606e-01 2.2498276337879008e-01 -1.1939885221052995e-01
475 -1.1792985007737358e-01 4.2126314631053541e-01 1.1554660707795342e-01
476 1.0000000000000000e+00 1.0000000000000000e+00 2.0805125683546066e-01
477 -1.9087763693191345e-01 4.6060806308508989e-01 -3.8660808677206657e-02
478 1.8692434101692229e-01 5.6319584651735821e-01 2.2261932413530341e-01
479 -3.6948325549099664e-01 -4.4196070382832714e-01 -4.9999293492790184e-02
480 6.4206014310796394e-02 6.4214035434133776e-01 -7.6515540321124037e-02
481 -1.0000000000000000e+00 -5.0000000000000000e-01 -1.0000000000000000e+00
482 -3.3065816436977019e-01 4.7828297510993800e-01 2.6664716619465828e-01
483 2.7204094316013983e-01 5.0190428730749292e-01 -7.5819392405060082e-02
484 -5.5927789427968144e-01 -6.0420447496546648e-01 -1.0000000000000000e+00
485 -2.5520022347963212e-01 9.8921490324620914e-02 3.4348042401705588e-02
486 -5.9549317760596310e-01 -3.2214627828357284e-01 4.5481682055654971e-01
487 -1.1447208142234833e-01 -5.8147846461648878e-01 2.6928156404013692e-01
488 8.0260473829767642e-02 -7.6818101597151334e-01 2.8455172061437761e-01
489 -9.7803931019637358e-02 2.9389915249856680e-01 9.4830720576352653e-02
490 -3.6419188540681480e-01 -3.6791261679265989e-02 -2.0474279070031125e-02
491 -8.9718177988480377e-02 2.8748466093398717e-01 -8.6393784392043579e-02
492 -1.0000000000000000e+00 -2.1857407003660614e-01 4.1357958654845317e-02
493 3.2590761871159712e-01 3.8929704243604946e-01 -7.5383431872197593e-02
494 1.7585846281880180e-01 3.6940078495358791e-01 -2.2090573414389031e-01
495 3.1256365037889272e-01 3.3956670115979981e-01 -8.6504394579137653e-03
496 3.1703437540755014e-01 1.8598938361090983e-01 -4.6948920763089222e-02
497 2.8003800559644726e-01 4.9168628908398959e-01 -4.2482350856851969e-01
498 -1.0000000000000000e+00 1.0000000000000000e+00 -5.0000000000000000e-01
499 1.4926957569309185e-01 7.0851747848204116e-01 -3.7281251050150838e-01
500 1.6609787090090089e-01 -7.3808365679569854e-01 -2.7094637285969791e-01
501 -3.4380966315098499e-01 -3.7661394873524223e-01 -4.3399145842294123e-01
502 2.1713594749850199e-01 6.1705614131546649e-01 -1.2721935381771401e-01
503 -1.5863315761089325e-01 -2.1431338787078857e-01 -5.5931657552719116e-02
504 -1.1604979634284973e-01 -2.1431338787078857e-01 -5.5931657552719116e-02
505 -1.1496636271476746e-01 4.5203021168708801e-01 5.5931657552719116e-02
506 -8.3275079727172852e-02 4.5203021168708801e-01 5.5931657552719116e-02
507 -1.1496636271476746e-01 4.7122256457805634e-01 0.0000000000000000e+00
508 -8.3275079727172852e-02 4.3283785879611969e-01 0.0000000000000000e+00
509 1.3972021775966237e-01 2.1771373839149469e-01 1.7393334557425058e-01
510 3.2612179299969563e-01 1.6281235069836419e-01 1.4106948971352573e-01
511 -4.6654448954570832e-01 -2.2632046672979925e-01 -7.3693398416121991e-01
512 1.3936848480457309e-01 1.6123003294735488e-01 1.4816762722615834e-01
513 8.9073905203419859e-02 4.5757346546687383e-01 1.0404138562339314e-01
514 6.4645880730960237e-01 1.0000000000000000e+00 6.3796036768902398e-01
515 -6.4602551415241316e-01 -5.5443590333869452e-01 -2.2078402203731554e-01
516 4.0086144825765674e-01 -3.9766791828043752e-01 -4.1876094030665778e-02
517 -9.5101479067041944e-02 3.8339834914940873e-01 9.1772932845028590e-02
518 -4.4703921035143888e-02 6.2367752164091006e-01 7.6260217641582265e-02
519 6.4517766178047165e-02 -3.3166873278484799e-01 7.0275667599097869e-01
520 1.1959090989529521e-01 1.7249731564871038e-01 9.0988750071576016e-02
521 8.4179463024825013e-02 3.1743891465879404e-01 7.5228749600838793e-02
522 -2.2479791482784359e-01 2.2616403206282967e-01 -7.4988251259820254e-02
523 -2.8687212747873347e-01 -8.0098575893415525e-01 7.1799745833733164e-02
524 1.8173400845071661e-01 1.0352490291734100e-01 5.4810847068777679e-01
525 1.9873056204492340e-01 1.5815812407506480e-01 -1.5333588705992368e-01
526 5.0000000000000000e-01 1.0000000000000000e+00 -1.0000000000000000e+00
527 -1.0076921023775549e-01 4.8921140111707107e-01 8.9375541903534708e-02
528 1.3655715549070468e-01 7.4225443702342325e-02 -1.2337158474888221e-01
529 -1.0000000000000000e+00 6.3751649213471973e-01 6.3751649213471973e-01
530 -1.4192698952879068e-01 2.5283744887540532e-01 2.2130309715899066e-01
531 0.0000000000000000e+00 -1.0000000000000000e+00 2.0064285538461960e-01
532 -5.5647856892877767e-02 2.8930360841779329e-01 1.5513239662913433e-01
533 -7.3419157561620929e-01 1.0000000000000000e+00 2.4110383768220087e-01
534 -4.9746251523841156e-01 7.3791124451739146e-02 1.1264168811250536e-01
535 1.0000000000000000e+00 1.0000000000000000e+00 -5.2796582877635956e-01
536 -2.3261393968129593e-01 1.6252190975830397e-01 3.2650117994776330e-02
537 2.7930611739663203e-01 2.2459587896529065e-01 1.1361933149150084e-01
538 1.9531958072267544e-01 5.7867850132124488e-01 -4.6849623063414999e-03
539 -3.3757557161152356e-02 1.7983938753604889e-01 6.4809387467160001e-03
540 3.1421136281137357e-01 4.0698730844203501e-01 1.4512270983257297e-01
541 -1.7669786061626891e-01 1.0151851761238816e-01 -1.3505610937343571e-01
542 -4.8890986547931552e-02 -3.5925701504565072e-01 1.6800789991258366e-01
543 7.9078744364199982e-02 1.2470809678287504e-02 -2.4820805428162304e-01
544 -2.2001470080038815e-01 4.7870788537547143e-01 1.6089725567699992e-01
545 3.2950017814086535e-01 1.0000000000000000e+00 7.3099017814751166e-01
546 8.6768544491549235e-02 1.7809666187264617e-01 -8.4965086511642030e-02
547 1.0000000000000000e+00 -5.0000000000000000e-01 -1.0000000000000000e+00
548 -1.6622253129038927e-01 1.0000000000000000e+00 3.6039187535088107e-01
549 1.2394501472047158e-01 2.2298589107352212e-01 -9.4864576554114094e-02
550 -6.8750000000000000e-01 2.5000000000000000e-01 1.0000000000000000e+00
551 -2.7599382165189207e-01 -1.9206625502771651e-01 -4.8801443992410994e-02
552 -5.4250564023953167e-02 1.7349288606589741e-01 8.7381293291089054e-02
553 5.0000000000000000e-01 -2.5000000000000000e-01 -1.0000000000000000e+00
554 -1.0000000000000000e+00 5.9262243353199806e-01 -2.5000000000000000e-01
555 -1.1214044777033656e-02 3.3121507280105794e-01 3.0877560924578540e-01
556 -2.3513761801119154e-01 -1.0251333156845509e-01 -2.1688866718848048e-02
557 3.2975608933019451e-01 6.3792381166888323e-01 -4.2085082218646444e-02
558 -2.5414266856032035e-02 9.8690448888845067e-02 1.9884320129095229e-01
559 2.0214430559512633e-01 4.4862121673400857e-01 1.0602848320917138e-01
560 1.8477080965433940e-01 7.9036937794733608e-01 1.0779257691159004e-01
561 -5.0000000000000000e-01 1.0000000000000000e+00 -1.0000000000000000e+00
562 1.3413807212437193e-01 3.6467245273627874e-01 1.5589033937085756e-01
563 4.3085116522254231e-03 -5.6988379695960667e-01 1.5906642237007584e-01
564 8.7275105227536579e-02 2.6217928606279650e-01 1.4121961371119010e-01
565 -5.1895600448636676e-02 -1.6680470940530746e-02 -1.0498759344063314e-02
566 -2.4442961604136487e-02 2.9134604861936453e-01 -1.3066372030407461e-01
567 1.6176769617137990e-01 1.0585873254342448e-01 -9.1431887227928832e-02
568 -6.4065297559592782e-01 -4.1119078065700210e-01 1.4150358027642854e-01
569 1.8125288226249550e-01 -5.0202585518765375e-01 1.9639624539938097e-01
570 -9.1719238974126566e-02 3.8961588315128681e-01 -9.6444359047026418e-02
571 -6.9681715822315948e-01 7.2711085733660724e-02 -6.4181485813374101e-02
572 -1.6162304592719473e-01 4.2370064983810207e-01 2.3665291675952924e-02
573 2.4259118516835779e-01 -2.0510653913105772e-01 3.3961253693933208e-01
574 2.2369123463974810e-01 3.6475191271768009e-01 1.1784360896415776e-01
575 -1.2298266686681378e-01 1.6343074633105187e-01 1.5375998892689030e-01
576 2.6244431556444686e-01 1.7440773440146443e-02 -6.8052560346266777e-02
577 1.0000000000000000e+00 -6.2427671132799101e-01 5.7446540229585941e-01
578 -5.9666981896861992e-01 1.0000000000000000e+00 -5.9666981896861992e-01
579 -1.8814891015122218e-01 3.5407884827851283e-01 -2.8793031699864965e-02
580 3.9688551636370806e-01 1.6528370844290066e-01 3.1615644367559448e-01
581 -2.8480671927431450e-01 5.3544925036137736e-01 -7.1335518262419051e-01
582 -1.9371010579771253e-01 6.1610886351818805e-01 2.0554490750605045e-01
583 -3.8008962291879375e-02 -9.1743890683868394e-03 -1.2039398635986759e-01
584 -1.6599456738756505e-01 4.9619793960943165e-01 9.8426521589013577e-02
585 -1.8162743608488352e-01 3.8237412260656786e-02 -3.3315517535219685e-01
586 -2.1033970716681019e-01 6.8510078833173560e-01 -4.6530751119511354e-01
587 3.3333013422170804e-01 8.0579817235531162e-02 -3.9501388223157430e-01
588 3.2123951363118847e-01 9.3097539306363442e-02 -1.7062662321894354e-01
589 -1.2762640179617099e-01 4.5869321929457690e-01 -1.0846127528289051e-01
590 -2.8093969051922751e-01 2.5139236000514809e-01 -4.6183571532924111e-01
591 2.0649366914017481e-01 1.7349370874307368e-01 -9.6750015127149230e-02
592 -2.7834280408951773e-01 -3.8135731346695972e-01 1.5491620267559986e-01
593 -4.7287990420987892e-02 5.1096046779441651e-01 1.0319273499483864e-01
594 -2.1554970999078069e-01 4.9567560291494572e-01 -1.4453235241485693e-01
595 -2.3682910796740919e-01 5.2351790108515950e-01 -6.7477300365390555e-02
596 -1.1644057873435559e-01 -1.4290533189839233e-01 -7.8078694893380707e-01
597 3.7363858975888192e-01 -6.1615859460018529e-01 -1.0000000000000000e+00
598 2.0111843583513209e-01 1.6435111601809771e-01 9.5755263399768933e-02
599 6.1469357894760590e-01 -1.0000000000000000e+00 -6.6081401705741882e-01
600 -1.6776613833211584e-01 1.6375604974240190e-01 9.2806492838928584e-02
601 5.8483176407025372e-01 7.1033953657124882e-01 -7.9366126287262612e-02
602 4.5101222312465328e-01 1.0000000000000000e+00 -6.2710907369931054e-02
603 -1.5911002266949220e-01 -4.5887632281860535e-01 -1.2428040592919422e-01
604 1.6614501087274147e-01 2.8105385875842470e-01 1.3929841202358312e-01
605 1.7819071736738151e-01 1.1693649025198902e-01 2.2379218603333445e-01
606 2.3946961901707023e-01 9.1948743814119951e-02 2.5046310362000099e-02
607 1.0648086792413108e-02 1.1995750045485234e-01 8.4325721015110849e-02
608 1.4195524050741146e-01 1.2733994954768543e-01 -1.2619152735789457e-01
609 -2.4917376438715585e-01 4.0229850602479011e-01 4.2035366540679207e-02
610 -3.4942862519446158e-02 5.1960359616263507e-01 -1.0722453709370590e-01
611 2.1975664725015925e-01 2.8841549188528776e-01 -1.2228225526807356e-01
612 -1.0000000000000000e+00 1.9875012504762554e-01 -5.4791081121042540e-01
613 5.3891771433960889e-01 -1.1177672800346686e-01 2.9730558373658167e-01
614 4.7659461751065696e-01 -2.9042645875359907e-01 4.6391214979286227e-01
615 3.1118759388828643e-01 2.1427656454953406e-01 -1.5654967154754615e-01
616 6.2500000000000000e-02 4.3750000000000000e-01 1.0000000000000000e+00
617 3.7597691749454126e-01 8.3145488923644029e-01 2.2230629946132702e-02
618 -4.3313311533387777e-01 2.4175434683170963e-01 3.6185128995501714e-01
619 2.3873392890254744e-01 1.0041528738627023e-01 -1.1085806378476663e-01
620 -2.4740519723769266e-01 1.6492556479908485e-01 3.5388398682211675e-01
621 -1.0571737590458034e-01 1.5346723932053344e-01 -8.4988329952804503e-02
622 -3.5148495834890980e-01 7.3343041171831558e-01 3.9396340487725950e-01
623 -8.3275079727172852e-02 2.9080666601657867e-01 0.0000000000000000e+00
624 -3.5507049817385677e-01 4.7684282342165818e-01 -1.4687952407739480e-01
625 1.7246366035301247e-01 -2.8007267929397506e-01 -1.0000000000000000e+00
626 1.6659616171283634e-01 1.6974767637084234e-01 -1.0144786066384416e-01
627 2.8456950851796703e-01 2.8255768224927214e-01 -8.6981355852559478e-02
628 -1.4663356562503277e-01 4.9016625699838390e-01 3.3446710047548794e-01
629 -6.6050142323062688e-01 4.3689925996588408e-01 4.2851492421468901e-01
630 4.2453402920917299e-01 7.9287603336974954e-01 5.3512169672428966e-01
631 1.0000000000000000e+00 -1.5909127993493422e-02 -4.5818917533864190e-01
632 -2.2527161326070827e-01 6.3546270318032394e-01 -6.5935494478173385e-03
633 -4.8839152525269290e-02 1.4243724097176760e-01 -1.4679096651577572e-01
634 4.8888136776982331e-02 1.0514704227582012e-02 -9.5087665052444717e-02
635 1.3142582275348677e-01 2.3706128574390736e-01 3.0502411753950898e-02
636 -1.3145018735608133e-02 1.6542772629559274e-01 8.2731159164199999e-02
637 -3.3479185235703944e-02 3.2527279656559005e-01 -7.3164217210998972e-02
638 1.9638225833961731e-01 5.7877922172685070e-01 6.8526769179984195e-02
639 7.3093514044004548e-02 6.8851595124590215e-01 3.5709690581576653e-01
640 5.5101507155230517e-02 7.1497491813021015e-04 2.0797467878270379e-01
641 -1.3398226077027556e-01 4.7857122957193027e-01 -1.9114285392065761e-01
642 9.1936244134598361e-02 -4.2372159849945878e-01 1.4230012787718907e-01
643 -7.6072821647743039e-02 1.7324497250123059e-02 -4.2577370182073707e-02
644 3.0410376969985253e-01 7.3815453566614941e-01 9.9811589690921146e-02
645 3.3346316041174795e-01 -1.1562921849036122e-01 5.2176402846235481e-01
646 -1.1604979634284973e-01 1.0294616222381592e-01 5.5931657552719116e-02
647 -1.5863315761089325e-01 1.0294616222381592e-01 5.5931657552719116e-02
648 7.7044765457074088e-02 5.9072641453575092e-01 -1.0510821671484641e-02
649 4.9588946258482751e-02 -1.6129181935855152e-01 -9.9053566014140601e-02
650 -1.0116923418017326e-01 9.9821528832979720e-02 -2.0988397705768605e-01
651 2.7724293924141707e-01 4.3864780475723203e-01 -2.0342919304537513e-04
652 -2.4817843815274396e-01 -2.3795676730016299e-02 -1.0995705277334715e-01
653 -4.7884341427837443e-02 2.5665818300557114e-01 -9.6513826077701204e-02
654 -7.0090426517956528e-01 5.1408282741340228e-01 -2.9574907212658752e-01
655 2.1908787256339407e-01 5.2468431259606985e-01 1.0750743358447586e-01
656 0.0000000000000000e+00 -1.0000000000000000e+00 -2.1188236982203967e-01
657 -6.6081401705741882e-01 -1.0000000000000000e+00 -6.5226226427308132e-01
658 1.3738828047595417e-01 3.8480514887670270e-01 5.9593202695629832e-01
659 2.8652044178187619e-01 1.5828921582471486e-01 -1.1419487738678286e-01
660 -1.6238347892088875e-01 5.6440976881195348e-01 -2.2053371507194431e-02
661 -5.0000000000000000e-01 1.0000000000000000e+00 1.0000000000000000e+00
662 -1.0000000000000000e+00 3.7894949399449440e-01 7.4674991135650148e-01
663 1.0490368233876214e-01 1.0725725907278201e-01 -8.5894688902730984e-02
664 1.8522965908050537e-01 2.1866132877767086e-01 5.5931657552719116e-02
665 1.8522965908050537e-01 2.3807229939848185e-01 1.0196736343029975e-03
666 1.6727463563883904e-01 -2.4892613150700960e-01 5.0502516996281654e-01
667 -1.4045800364877870e-01 6.0254545209630461e-01 -1.4308055294828162e-01
668 6.2500000000000000e-01 1.2500000000000000e-01 -1.0000000000000000e+00
669 5.0273888644490894e-01 8.2195694867786517e-01 1.8679398986339327e-01
670 -3.7721345649794950e-02 2.7783298194020645e-01 -4.4294593408133603e-02
671 -3.7317139130184779e-01 5.7618275441487829e-02 5.4633354957171854e-01
672 -2.2871830078162642e-01 2.9386390931686521e-02 -4.4947709402286026e-02
673 1.2618571182643420e-01 1.5756776558646768e-01 -8.7043251514691583e-02
674 -1.0000000000000000e+00 -1.7555883878003775e-02 3.0357443019672270e-01
675 1.3825820139123658e-02 5.9103618203227981e-01 -7.0083736820271650e-02
676 1.9650181098953268e-01 5.2174198663355364e-01 -1.0047811525879354e-01
677 2.8079135077991707e-01 -1.8601924022097827e-01 -1.3508639890721619e-01
678 -1.5950948782938359e-01 5.2165397067052022e-01 -8.7236555255080200e-02
679 -1.6394975282274771e-01 -6.0210066870551981e-01 1.0452123835078829e-01
680 -1.5863315761089325e-01 1.0294616222381592e-01 -5.5931657552719116e-02
681 -1.1604979634284973e-01 1.0294616222381592e-01 -5.5931657552719116e-02
682 1.5759965404868126e-02 1.5582275390625000e-01 -1.8456877127563574e-02
683 2.1346733867522963e-01 3.6884896935094902e-01 -1.1021212949169348e-01
684 -6.1516456204328308e-03 -5.6831050807880368e-01 -1.7544710919275169e-01
685 3.2313659724001970e-01 5.0849597467347629e-01 1.2203655914121282e-01
686 1.0000000000000000e+00 -1.6516117697866450e-01 1.5011930077614438e-01
687 -2.3040784141970172e-01 1.6607307911862057e-01 1.8940675451225378e-01
688 -6.2286740382331687e-02 4.4853744397307549e-01 -1.3625526666601118e-01
689 2.6443284857650506e-01 1.6632795270491266e-01 -5.5025466925517262e-02
690 1.0000000000000000e+00 8.0274029556539350e-01 8.1717532645512792e-02
691 -9.2576525794712927e-02 -7.6628999287208877e-01 1.4454796436207498e-01
692 -3.0922276778428209e-01 6.0109435776659370e-01 1.2472939090385263e-01
693 -1.7813715170060079e-01 4.3204056576598954e-01 8.8929079664582189e-02
694 -1.4380113010349560e-01 1.2351759625373758e-01 -8.9639538845721456e-02
695 -1.5742016889036350e-01 5.1076571330441489e-01 -2.6346217860986544e-02
696 -6.8974881432950497e-02 1.5582275390625000e-01 8.9479254787675905e-03
697 1.3517507358545316e-01 1.0180391460436085e-01 -2.3022060676178038e-01
698 4.7094186901362173e-01 3.1091823637588389e-01 -4.8094453870308841e-02
699 -1.8568874918942005e-01 -2.5183452015180652e-01 -1.6130905504862683e-01
700 -1.4152875370227258e-01 4.6952917479879275e-01 7.1551588451535725e-02
701 1.0981084535230201e-01 1.7100025679991043e-01 -1.2160961410352741e-01
702 -3.9976408946398340e-01 2.2947056391744117e-01 2.8689713373982184e-02
703 3.1335741384755250e-01 1.0376817481170565e-01 -6.1908118274211242e-02
704 -1.4036861134804193e-01 5.2642299694480352e-02 -1.0224681258718296e-01
705 -1.5954884948895798e-01 -3.7235197790345176e-01 1.1380385569046347e-01
706 -8.3240371462088361e-02 -3.2697499737261393e-01 -1.7810044393801133e-01
707 -9.0551548794971154e-02 -7.8565772399751688e-01 -2.1193328109829743e-01
708 -2.4863723235571275e-01 -4.1380756620583303e-01 -5.0891069709171316e-02
709 2.7786493453441766e-02 1.0000000000000000e+00 3.3152388736301752e-01
710 9.1934614871858777e-02 1.3678035466969812e-01 -1.0961752573586865e-01
711 -6.6949104710051233e-01 7.4967575871979419e-01 -3.4363266523962377e-02
712 -2.5000000000000000e-01 2.5000000000000000e-01 -1.0000000000000000e+00
713 -1.5863315761089325e-01 7.6507866382598877e-02 0.0000000000000000e+00
714 -2.2936437211782634e-01 2.6215933108335676e-01 -2.9647667439245264e-02
715 -4.6496085632474493e-01 -1.8868654486470549e-01 6.9692468945940764e-02
716 -8.7789744138717651e-03 -1.0000000000000000e+00 -1.0000000000000000e+00
717 1.5082553570165902e-01 5.8403907713164771e-01 -7.8454751290773173e-02
718 -1.1496636271476746e-01 3.8907773792743683e-01 0.0000000000000000e+00
719 -1.8671673282143084e-01 -1.0000000000000000e+00 -1.9084295884612593e-01
720 1.9838462697534748e-01 -5.4539724912504806e-01 -6.1136216931703591e-01
721 -5.1145685009931452e-01 4.2259970686137416e-01 -3.8685986761974198e-02
722 7.0392016520561906e-01 -3.3363890150557307e-01 1.9163773364354209e-01
723 -3.3390575888728169e-01 2.5294724019045955e-01 -3.9715310682370608e-02
724 -4.6973315302554365e-02 3.3863180868919979e-01 9.4110380975576960e-02
725 7.9905920255384288e-02 5.6189826211535077e-01 -9.0707378507867364e-02
726 7.3992333229921592e-01 1.0000000000000000e+00 1.1548097979691596e-01
727 -3.6335806459718289e-03 -2.5681529771992440e-01 -1.3183264860895508e-01
728 2.1169551636238550e-02 1.3182751830402245e-01 1.4311142292718304e-01
729 -1.4401477236688626e-01 -2.4325177358867925e-01 -1.0727314743074105e-01
730 1.4180384224952555e-01 2.0171181503123187e-01 -1.5709180130352196e-01
731 1.0000000000000000e+00 -5.2415930517921783e-01 -4.9435615457330384e-01
732 -2.7553854254978322e-01 3.1792776092350783e-01 -5.5308152180731970e-02
733 6.6081401705741882e-01 -1.0000000000000000e+00 1.0000000000000000e+00
734 -2.1829371984199092e-01 -2.3588548496737397e-01 -8.6677662484500068e-02
735 -4.3916665473628191e-01 -4.5635750822635718e-01 2.7543261384793022e-01
736 6.0362294227804802e-01 3.4248636159343898e-01 -5.9661170169110067e-01
737 -3.3640721962569042e-01 -1.9437747071439399e-01 1.1482276869883207e-01
738 3.0933178390204996e-01 1.6853563232168939e-01 5.3915014371525391e-02
739 -1.8436367652975422e-01 -2.7387302153199067e-01 -1.0184481687508314e-01
740 -1.0000000000000000e+00 -9.7581503341617026e-02 -2.6206489426173618e-01
741 -4.7177834188063822e-01 6.7593576909189179e-01 -1.8507395533521331e-01
742 -2.4318470981241019e-01 7.9811764476139435e-01 -2.7043984446194480e-01
743 -2.1659570740404152e-01 -3.9072880926008330e-01 -1.6353964462974335e-01
744 -3.4562203214817738e-01 -1.1382033557518138e-01 4.8995958641166473e-02
745 -2.3153590597380222e-01 -3.2088364471241815e-01 -8.2388149849569978e-02
746 -7.7699877262777800e-02 -4.0343011127002276e-01 3.1657283272475945e-01
747 -4.4801848900141933e-01 -2.6648393170451312e-01 2.1655206856823370e-01
748 2.8658891408039422e-01 8.6542723560125920e-02 9.4220467829049498e-02
749 -1.6494918899886829e-01 3.0705837600029573e-01 -1.1229246957409282e-01
750 -1.8744816600898301e-01 -1.8898239024102928e-01 -1.0503093395632668e-01
751 -1.5863315761089325e-01 -3.1202235817909241e-01 -5.5931657552719116e-02
752 1.9078413596706123e-01 -2.8979981406129340e-01 2.0897576809078065e-03
753 -2.9798043889855897e-02 5.7369352569426568e-01 1.4084784919440510e-01
754 -4.7880921373037766e-01 5.6522657729871451e-01 4.7906475218118166e-02
755 2.5000000000000000e-01 7.5000000000000000e-01 -1.0000000000000000e+00
756 2.5000000000000000e-01 1.0000000000000000e+00 -1.0000000000000000e+00
757 1.0000000000000000e+00 2.5000000000000000e-01 -7.2152029792032046e-01
758 -1.0000000000000000e+00 4.4697595861652323e-01 1.0783941423856719e-02
759 -6.5247802053617698e-01 -1.0000000000000000e+00 6.5247802053617698e-01
760 -8.0750810154395170e-02 6.7385668372982224e-05 3.6295306409955969e-01
761 -1.7046027816291107e-01 2.1796574982527014e-01 1.4639235477762289e-01
762 -1.0497974598980789e-02 -1.9499322221551371e-01 -2.2303819698699162e-01
763 3.0853671120762827e-01 6.4598599497338272e-01 -7.0548784545458354e-01
764 -2.3134479959993307e-01 -4.2341444203978978e-02 -6.3201679002243966e-02
765 1.0535928298376293e-01 1.0000000000000000e+00 2.9932031874277495e-02
766 -1.0000000000000000e+00 -1.0000000000000000e+00 6.6959299147129059e-01
767 -1.6980456607879330e-01 4.0757856307418466e-01 1.4965744251647209e-01
768 4.8569194490780299e-01 4.2272540131219249e-01 -1.2239714159816388e-01
769 -1.0042177394346075e-01 4.3582762915188211e-01 8.1222148153494253e-02
770 1.2962891307566948e-01 8.9073961252794404e-02 1.6998336621376950e-01
771 -6.8750000000000000e-01 6.8750000000000000e-01 1.0000000000000000e+00
772 -6.9920576809737933e-01 -2.1116683474082332e-01 -1.4280531125297180e-01
773 2.2416320989032248e-02 5.0181866849758106e-01 4.5525453200149130e-01
774 4.3928079132752895e-01 4.8847539767997988e-01 -2.8755158039933526e-01
775 -2.2473590636871857e-01 -4.8124309679649135e-01 -3.0866661980665316e-01
776 -3.7654151801830696e-02 -5.0906631578228034e-01 5.2696993286760929e-01
777 -1.0228546718212668e-01 2.1484621811309645e-01 1.3953804511454240e-01
778 -5.0710217202340910e-02 5.6663633111343481e-01 7.2570325616590103e-02
779 -1.4012840486466929e-01 4.2804874310216101e-01 6.9448866328977385e-02
780 2.4218750000000000e-01 7.4218750000000000e-01 1.0000000000000000e+00
781 -1.9397804432979643e-01 -1.1154774719828126e-01 -1.0210807393035834e-01
782 -4.6668832499500434e-01 6.8884838708607787e-01 -5.3231211504500653e-01
783 -1.9517268891636103e-01 1.7933979040680878e-01 6.0374774637840550e-02
784 1.5076814180817175e-01 1.7999459971035314e-02 -7.0914538130828722e-02
785 -4.5570644622955614e-01 1.3939216431521262e-01 -4.0921123368318893e-02
786 -2.0990091879767685e-02 5.0261200941154682e-01 1.6719648598540604e-01
787 2.3024478554725647e-01 3.7394909374415874e-01 0.0000000000000000e+00
788 -1.8982263595067059e-01 1.8009231181097052e-01 -2.3228883615826076e-01
789 1.5356735627631637e-02 5.2926007274787168e-01 -9.9393866305716269e-02
790 2.8758658385181457e-01 3.9362635505652621e-01 6.8476481687071378e-02
791 -4.0319107010728203e-02 -1.1439488384237768e-01 -1.0980581346390067e-01
792 2.3024478554725647e-01 2.1866132877767086e-01 -6.1396977717321014e-03
793 -1.2776766850488105e-01 2.7718636835684357e-01 1.3924848018642186e-01
794 -2.4210647291420370e-01 3.2763679287950831e-01 -1.9045372422895451e-01
795 -1.4341375657706668e-01 1.8023372493139359e-01 -8.2654630183048167e-02
796 5.1181003877770904e-03 5.9736436533451065e-02 -1.3467151473040401e-01
797 -7.4803882005235667e-01 1.0000000000000000e+00 -3.3848729549068890e-01
798 1.0000000000000000e+00 3.7690504637307853e-01 -1.4671981512999946e-01
799 -2.3006788775025072e-01 -2.7624317051694203e-01 9.4842506555036177e-02
800 -3.4837828461058884e-01 3.6292992184489087e-01 -2.3987997440863752e-02
801 -2.6934407382815970e-02 2.9215033035263654e-01 7.4855935071415358e-02
802 1.2893704436502076e-01 2.0722325353681076e-01 7.7401328296642730e-02
803 3.6880833506951327e-01 -5.8285109203879817e-02 3.5508758408938429e-01
804 1.1161928220099478e-01 7.4027718321247837e-01 6.5317138402862729e-01
805 -3.3221857905823615e-01 -8.1368557880024495e-01 -1.3024680995106633e-01
806 -2.1545313491490170e-01 -1.0000000000000000e+00 -6.6378930839014438e-01
807 -5.3426393044208445e-02 6.1611025517141460e-01 2.4334495678650128e-01
808 -8.3275079727172852e-02 2.1710336208343506e-01 2.7965828776359558e-02
809 -2.0528929860130271e-01 8.7804421738407926e-02 1.0697400964301705e-01
810 6.7956442342406653e-01 1.0000000000000000e+00 -4.6183750019203107e-01
811 9.4038266376715862e-02 1.0000000000000000e+00 -6.6836753637553192e-01
812 -4.5318933626539639e-04 4.2935868062249671e-01 2.7134001108249789e-03
813 -1.2212473535760535e-01 -3.7373899001070343e-01 -1.1727288738379910e-01
814 -3.9720937738586654e-01 -2.3384105106417399e-01 4.1723483139577922e-01
815 8.0818460527815716e-01 1.0000000000000000e+00 -6.3956888547857180e-02
816 -1.5953622541942772e-01 5.4108404123955145e-01 -1.4727822169815266e-01
817 -1.0852915157080330e-01 7.3743598515712994e-02 -8.8529886370755692e-02
818 -2.5000000000000000e-01 7.5000000000000000e-01 -1.0000000000000000e+00
819 1.2493905242642806e-02 4.6256729442748790e-01 -1.1923330563445568e-01
820 -7.1264684618633778e-01 -6.6451964728066748e-02 1.6094992222980886e-01
821 -1.4006740381691726e-01 -3.0501828015970928e-01 -1.3904748027879729e-01
822 6.2066553131854751e-01 -1.2056987339344769e-01 -6.0846950958028612e-01
823 -1.1298659682128634e-01 5.6188137687371831e-01 -9.7095468222500272e-02
824 -4.9711987376213074e-02 5.3133881092071533e-01 0.0000000000000000e+00
825 -2.5000000000000000e-01 1.0000000000000000e+00 1.0000000000000000e+00
826 2.6927769172254307e-01 4.8688385497798459e-01 8.1209640964957461e-02
827 1.1789272634693809e-01 -1.0000000000000000e+00 -6.9050452916435678e-01
828 -6.7770176636299806e-01 -1.0000000000000000e+00 3.3106574268443495e-01
829 -7.0594249856882271e-02 2.9444756620871509e-01 -1.9341567522280279e-01
830 -1.3822840359284466e-01 -3.0706647520483821e-01 -9.0971657474168285e-02
831 -8.0006113762664074e-02 5.6441162942159306e-01 -1.9304374519600159e-01
832 -6.2332099019740593e-02 3.4051251783592851e-01 -3.7399834526396619e-01
833 -3.6633397368685615e-02 4.2314696818675140e-01 4.9500566144748764e-02
834 1.0982449925592068e-01 3.9830762524171975e-01 -1.0160541977545789e-01
835 -3.7500000000000000e-01 7.6562500000000000e-01 1.0000000000000000e+00
836 3.1692643713128316e-01 -1.1654349499748891e-01 2.0286866781564206e-01
837 -1.0627636912714984e-01 5.4304212737869662e-01 9.1977258446342580e-02
838 -2.1307726129895266e-01 1.0000000000000000e+00 6.7954547916895580e-01
839 -7.2943805347351720e-01 4.7891384536715759e-01 1.1200188821281039e-01
840 -5.0000000000000000e-01 7.5000000000000000e-01 -1.0000000000000000e+00
841 7.8834399227667967e-02 1.1026543902470140e-01 -1.5034477967361937e-01
842 -2.2553847217685455e-01 2.0820352235501458e-01 7.6937705092601338e-02
843 -1.7882584188950826e-01 -1.0000000000000000e+00 5.0830046902688630e-01
844 -1.2054377571627447e-02 -1.3411368535906890e-01 5.8104632687374780e-01
845 -2.0034061660739949e-01 5.7212385358644291e-01 -2.5056433888444285e-01
846 1.0638689337351877e-02 5.2897787042622424e-01 1.0067985705062657e-01
847 -1.0325914177921316e-01 -4.0326779650557909e-01 -5.1787453416478824e-01
848 6.3311439620068202e-02 -2.9607234819051592e-01 -7.5726233535665877e-01
849 -2.4756320955504562e-03 2.2787095837831531e-01 -1.0027292040444186e-01
850 2.3642579284685344e-01 -1.0000000000000000e+00 -1.4113389882070332e-01
851 7.7863483680207413e-01 5.1608523712960208e-01 -6.7992290334692757e-02
852 -4.8914617005647823e-02 4.4278724275421111e-01 1.1812185794018366e-01
853 -1.5863315761089325e-01 1.7983938753604889e-01 2.7965828776359558e-02
854 -1.5863315761089325e-01 1.3526665760630402e-01 1.3982914388179779e-02
855 -5.6441065509340527e-01 6.9976692537519192e-01 2.2198202460128325e-01
856 -2.2234144757943397e-01 2.3041673451070502e-01 1.2498295943689090e-01
857 -1.7253135203506956e-01 3.8311513743291914e-01 6.0652063431059236e-02
858 1.8522965908050537e-01 2.9630521126091480e-01 -1.0916177498828596e-02
859 -5.7595705812774872e-02 -2.9600672645383852e-02 -6.6967998244496618e-02
860 3.2291666666666663e-01 1.7708333333333334e-01 1.0000000000000000e+00
861 -8.3061741298303474e-02 -2.7312092089168966e-01 -1.1268778031108174e-01
862 -2.7708559545978777e-02 -1.5423474018619249e-01 -2.0689175052775559e-03
863 2.1269500340028527e-01 3.1747845118080611e-03 3.3664354527927071e-02
864 1.0000000000000000e+00 8.0274029556539350e-01 3.4004271402955055e-01
865 1.0000000000000000e+00 4.8899451321848958e-01 5.9553525216285086e-01
866 -1.8447393379811608e-01 -3.3792390681207690e-01 -1.1920388578790866e-01
867 9.7936064817160787e-02 1.6499422619018267e-01 -2.2646653736024283e-01
868 2.7193878403819743e-01 1.6862827669692620e-01 1.9380998063543931e-02
869 6.2180718095749828e-02 3.1218267463902905e-01 -9.1293929088509085e-02
870 3.2629521909185825e-02 1.2807830523633273e-01 -1.3608016652011759e-01
871 -7.8817701588902028e-02 -3.3498311476333403e-01 -9.7004329416770563e-02
872 -5.0929151857879655e-02 3.9462551225464648e-01 8.0874283513665712e-02
873 6.5437366169213806e-01 -1.0000000000000000e+00 5.7923769900441391e-01
874 2.3619337016737837e-02 2.1467741335359680e-01 6.4678938008877640e-02
875 -1.7515985759161465e-01 2.1088103520786089e-01 -7.6265907419453050e-02
876 -2.9769445581402310e-01 -6.6193788561627498e-01 1.0000000000000000e+00
877 -1.0000000000000000e+00 5.0000000000000000e-01 -1.0000000000000000e+00
878 -6.4738898021432956e-01 -6.9880507043242557e-01 4.9869974748279444e-01
879 -2.5312691803078230e-01 -7.3937513505715280e-01 -4.8029659396085517e-01
880 -2.3138011159484759e-01 -1.8091021491099865e-01 -3.9181583167077416e-01
881 6.5566720445584781e-01 -7.1755317975454302e-01 6.5563607602769713e-01
882 -1.4221389530315370e-01 2.6058311428860759e-01 -7.9044455532799152e-02
883 -3.3863294600280869e-01 1.0000000000000000e+00 -7.4807372943752426e-01
884 -1.7133909410129547e-01 -7.4813786386588688e-01 -5.2623535156663924e-02
885 2.8550444925634022e-01 2.3611482159608133e-01 -5.6306688631036503e-03
886 -1.3698564544925976e-01 3.8979246747923069e-01 8.4410220718682899e-02
887 6.8115123353954338e-02 2.5534840389988939e-01 -3.2934144620746569e-01
888 2.2785141877570303e-01 5.8706768034196166e-01 5.4528876781604474e-01
889 -1.9883732762105449e-01 -1.7359924208555833e-01 -2.5353723445731904e-02
890 -1.8790299775852831e-01 3.1800941500696167e-01 3.5437262950554001e-02
891 -2.1416346564899408e-01 -2.8322604293959858e-02 -5.9641856888115174e-01
892 5.5931657552719116e-02 -4.3724789470434189e-01 5.5931657552719116e-02
893 4.1706820345900852e-01 1.5765282539696887e-01 -8.2584802210769692e-02
894 1.2442098904346069e-01 -1.7262425143278881e-01 -2.3234556988789259e-01
895 1.4074688513480113e-01 -3.3694383258202634e-02 -4.0296370547260402e-01
896 -1.0000000000000000e+00 2.4807899033282027e-01 2.1012127852389872e-01
897 1.9534231922657586e-03 7.1026971570892938e-01 6.3196872630711831e-02
898 -1.6299131804367697e-01 2.9738564455884409e-01 -3.6996056078559394e-02
899 -2.9785710292306128e-01 2.0408215226810533e-01 5.6501161394075801e-02
900 -1.2628873346200742e-02 -4.1246465157727152e-01 -1.4842592135457522e-01
901 2.2427567911423763e-03 2.2799153738107261e-01 -2.2728985479335079e-01
902 2.8125000000000000e-01 2.1875000000000000e-01 -1.0000000000000000e+00
903 4.4181895311333058e-01 -5.5338746260306060e-01 3.6269642286470855e-01
904 2.3186339454614624e-01 9.4943185829465364e-03 -7.4757809153303345e-01
905 3.3128044765064141e-01 -1.0000000000000000e+00 6.5286326822430030e-01
906 -3.1254699047805468e-01 4.6952672068813878e-01 -4.0746948244882103e-01
907 2.7312123698804175e-01 1.1704923129748435e-01 -2.3640414867902901e-02
908 -1.0000000000000000e+00 7.2429366575111420e-01 -7.6466612982841187e-03
909 5.6425457869036064e-02 2.1873515034733432e-01 -1.5953115406188823e-01
910 4.5465727323890875e-01 -5.3910287117550126e-01 1.3068945767036341e-01
911 2.5898822977334712e-01 1.0000000000000000e+00 5.7217006288827132e-01
912 -2.6959008352420433e-02 2.0442883937721654e-01 -8.5515701241554623e-02
913 1.8522965908050537e-01 2.1866132877767086e-01 -5.5931657552719116e-02
914 -7.1051456354199050e-01 1.0000000000000000e+00 7.1051456354199050e-01
915 -3.6397705585811468e-01 7.5296350234915066e-01 -5.6792186121192148e-02
916 -5.1501890567012532e-01 1.2659603421222440e-01 -6.7804824812637421e-01
917 -1.7631955016925435e-01 -8.9706589642955270e-01 8.5397836119454288e-03
918 2.7394525339271880e-01 2.1100049841821375e-01 5.4749794190562244e-02
919 1.1185685282401064e-01 -3.1101121817441074e-01 -1.2555056807595749e-01
920 -8.8241747359693173e-02 1.0000000000000000e+00 2.1810778652442739e-01
921 -5.4895985839208059e-03 -1.1985916149594450e-01 2.8891691026650845e-01
922 -1.2796948366259187e-01 6.3507743305998821e-01 -5.4289350947755492e-02
923 -2.0126654959344328e-01 1.7380049020952487e-01 -5.5414039138242790e-02
924 -8.3275079727172852e-02 2.5395501405000687e-01 1.3982914388179779e-02
925 -1.1249687573441361e-01 -4.2993422763157529e-01 -2.3026762868665837e-01
926 -5.5931657552719116e-02 -4.3724789470434189e-01 -5.5931657552719116e-02
927 -1.0000000000000000e+00 1.0000000000000000e+00 -2.5000000000000000e-01
928 -7.6310811416753332e-02 6.0716872789533839e-02 -5.8841489004513345e-02
929 1.9985540015191097e-01 2.2616441924453221e-01 -1.1103667026983925e-01
930 -7.5256710199997645e-01 2.9242537400617846e-01 -5.5388283137908501e-03
931 1.6135534320256761e-01 -3.2034507638028309e-01 2.4985679377245290e-01
932 1.3390108014947560e-01 -2.5112050340338538e-01 3.6871190541774723e-01
933 0.0000000000000000e+00 -3.9705131575465202e-01 5.5931657552719116e-02
934 1.0000000000000000e+00 -6.8478631300983239e-01 2.5345419324777135e-01
935 2.2346196681438484e-02 3.8433376363546806e-01 1.8580192078095281e-01
936 -1.9660865089127361e-01 2.8524187731873429e-01 8.1082076985531021e-02
937 -7.0997432938827446e-02 1.0933141968694357e-01 -2.5140248204981508e-02
938 -1.4380863707354144e-01 -5.9721257413440199e-01 -1.7755683084649299e-01
939 8.7395973337049127e-02 2.1513474002278341e-01 6.2256846122501611e-02
940 -6.2882001072615726e-02 2.2353407286710150e-01 -1.0137930014678689e-01
941 2.6340174487629658e-01 5.7792728726392384e-01 1.2052347412840175e-01
942 2.4612568830633470e-02 3.1783137412487916e-01 1.3941133371690623e-01
943 -1.8161844724976203e-01 1.7511248091618495e-01 -7.1105707504356908e-02
944 2.6728799925100567e-02 8.2775958664268334e-01 1.7913250819297005e-01
945 -6.0892654909884582e-02 5.5778296950771988e-01 -1.3186279526637140e-01
946 1.0000000000000000e+00 -2.8498132135061555e-01 -2.6622281269825432e-01
947 2.1366801514553755e-02 -7.4711738653087598e-02 -5.7502684287714600e-01
948 -2.6419079322858957e-01 1.6669933789790914e-01 7.8821309341366316e-02
949 -3.2354029871608470e-01 1.9202252776922107e-01 -2.5895730238298476e-01
950 -5.3233996540262485e-01 -8.1597559171925585e-02 1.7985665969692633e-02
951 -1.6230726622034114e-01 -3.2907487128330010e-01 2.0104079889350235e-01
952 -3.8397839505421402e-02 2.3521695925994796e-01 -6.4208548545721097e-02
953 -1.8758050352830144e-01 -1.0000000000000000e+00 1.8997918813925532e-01
954 1.4863013486180293e-01 1.5329345245816564e-01 -3.5040294680679573e-01
955 -1.0000000000000000e+00 3.1331572599668028e-01 -2.9005207361507312e-01
956 -2.8144658487666607e-01 -1.0000000000000000e+00 1.0191876091123644e-01
957 -4.8561650089741282e-01 -1.0000000000000000e+00 1.7810814261842356e-01
958 3.7991893800472465e-01 1.0000000000000000e+00 -7.3270350864841893e-01
959 1.2535483563851416e-01 2.9572312065361073e-01 -3.2706014595422973e-02
960 -1.1604979634284973e-01 1.2198905346099080e-01 2.0974371582269665e-02
961 -3.4862083980903158e-01 1.0703361670400499e-01 5.8932937999195037e-02
962 1.5063036557573278e-01 2.4008500749172587e-02 2.4389817301639760e-01
963 4.9492101831065083e-01 -3.8900877531604275e-02 -2.4548552553147479e-01
964 7.2363230601775411e-03 -4.1790022671012794e-01 1.1914697194498375e-01
965 -2.3581941686922481e-01 -4.0262044230589794e-01 5.6636858605092891e-02
966 2.6547755584215715e-01 2.1910487096587172e-01 -9.5997177749450630e-02
967 -3.5130506610935940e-02 2.4801985785045838e-01 -1.6209531814904679e-01
968 1.7809396017773882e-01 2.5755699467502319e-01 2.2141178134942566e-01
969 -1.9119094429021311e-01 2.4951702557512850e-01 -6.6124988258563319e-02
970 -2.2287108407676193e-01 2.9672079878000440e-01 -8.8056305789400130e-02
971 5.5030386845763474e-02 -3.9563478171808614e-01 2.5164681904775466e-01
972 -4.5736535362920598e-02 -1.9011609624697801e-01 -6.5956009585102227e-02
973 -1.8100078712658657e-01 2.7862758086890538e-01 1.4413483740524483e-01
974 2.2118631874138397e-01 2.0467283852659557e-01 9.4819810993970202e-02
975 -2.2233763241351176e-01 3.1758317260211527e-01 -2.9522620144947298e-01
976 1.4877945963795497e-01 5.2150092793290437e-01 -1.0091529617626056e-01
977 -1.5045390530120289e-01 -2.3292974937603889e-01 3.7221963442971562e-01
978 -1.2964932448450886e-01 -1.8326872752614184e-01 -9.4621318000443488e-02
979 2.3645498774112422e-01 1.8526378631178952e-01 1.4595025248281274e-01
980 -2.0194302931775945e-02 2.0978754641081998e-01 7.7856736205795390e-02
981 1.0221352814098542e-01 -5.2740817268441909e-01 3.4421544289599110e-01
982 -6.8879782943218804e-01 1.0114038045576408e-01 -3.6211771021082567e-01
983 3.0408419611410609e-01 3.0012942421402505e-01 7.2440964985660744e-02
984 6.6378930839014438e-01 -1.0000000000000000e+00 2.1545313491490170e-01
985 -7.0304913392613355e-02 4.4342715672798946e-02 2.1492034382518864e-02
986 -6.8680737772416234e-02 1.8089242884298862e-02 -7.8339598510854161e-02
987 -8.3275079727172852e-02 2.1710336208343506e-01 -2.7965828776359558e-02
988 -5.0913265418884593e-02 5.2057318993565554e-02 -1.0800478191585179e-01
989 -9.4580838246866694e-02 3.5179338907812302e-02 -1.3642979199235714e-01
990 -2.6881675363204899e-01 3.1833439893928317e-01 -1.3422124554921683e-01
991 1.4144915373817776e-01 3.1440665183303124e-01 3.0134591700897551e-01
992 3.0763820544129428e-01 6.3753659051616340e-01 2.2181108146647008e-01
993 -1.4947038069103599e-01 -2.0316045774596703e-01 -1.5389770770362615e-01
994 2.9524031619501984e-01 -2.5689375149326710e-01 -5.2395794304171750e-01
995 5.0816265778936731e-01 -2.0652526045440778e-01 -9.9241910229520863e-02
996 3.2944165381736384e-01 -3.3595932253085664e-01 -7.8950953950721015e-01
997 0.0000000000000000e+00 -2.6718997955322266e-01 -5.5931657552719116e-02
998 2.9424973616568750e-01 2.8452109615747234e-01 -6.9070526407996280e-01
999 -7.7012578484681016e-01 2.7653641857212979e-01 -2.6056638586271413e-01
1000 -2.2898714768705894e-01 1.4843398829405546e-01 8.0193590982290772e-02
1001 2.3024478554725647e-01 2.9630521126091480e-01 0.0000000000000000e+00
1002 -1.8589777230051058e-01 1.3461497909442183e-01 -6.4267190608072650e-02
1003 -1.9364490438211315e-01 5.8300229548546922e-01 -9.8519070370602965e-02
1004 -9.2310342347096147e-02 -3.3612211396964875e-01 5.2358293295305069e-01
1005 -6.5718502183685717e-02 2.0014361903405681e-01 -2.2102040030347420e-01
1006 -3.8765406338242181e-01 2.6271754931440205e-01 -1.6492482584359128e-01
1007 -1.9993041082291479e-01 -1.8226992154763091e-01 -1.7939979679512258e-01
1008 -4.3144448849562110e-02 2.7281904502704735e-01 2.1307787595515937e-02
1009 1.0381810704112057e-01 2.4099969354864895e-01 9.0174556932109684e-02
1010 6.0752618079922827e-01 -5.6291687709811311e-01 -6.4174588102896679e-01
1011 -2.7965828776359558e-02 -3.1202235817909241e-01 -5.5931657552719116e-02
1012 -1.1038299893748676e-01 -3.7787564030803472e-01 1.3107217696646706e-01
1013 -8.7668539951353930e-02 5.7424896025100558e-01 -3.9427795814166854e-02
1014 1.1034255540703213e-01 6.3070499138254343e-01 6.7108406095548578e-02
1015 -1.4912276975695191e-01 3.2695258846206221e-01 1.6629506256026011e-01
1016 1.6668281540462965e-01 4.5852436951146436e-01 -1.1235596733138141e-01
1017 -1.9740054670479251e-01 1.2057090373760498e-01 6.4232636371469448e-02
1018 1.0000000000000000e+00 -1.0000000000000000e+00 -6.6081401705741882e-01
1019 2.3191687557775434e-01 3.3971010402038693e-01 2.3930714109471965e-01
1020 -2.5139194130780851e-01 -1.6465218263074954e-01 5.1612361400295327e-02
1021 -4.2289095502240831e-02 8.9296836589795883e-02 -1.4767075620179243e-01
1022 4.9596099152043752e-03 2.0762211435768577e-01 2.8706495089115786e-02
1023 -3.6419234874891258e-02 3.9739319778134391e-01 -1.5316595192037107e-02
1024 2.8053482210728281e-01 1.5363153419027464e-01 2.1841572660543368e-01
1025 4.6966070982194401e-02 2.1383978524036179e-01 -1.4275300394524607e-02
1026 5.7347552411200847e-02 2.1612643669414150e-01 -6.8141140339830542e-02
1027 7.0164334570836595e-01 1.4688043296383724e-01 -9.8651332952321064e-02
1028 1.2583659984010054e-01 5.7164109057260970e-01 -1.3685932213926955e-01
1029 -5.2908514211945069e-02 2.1774101302638726e-01 3.0700569059825794e-02
1030 -1.6677458764056914e-02 1.1026430208541207e-02 -6.3325262181831418e-02
1031 -1.9245716894239895e-01 1.5752184507069319e-01 6.5619990416631126e-04
1032 -1.5292933999947853e-01 3.0996662373449324e-01 1.0999912135814072e-01
1033 2.4922941337950675e-02 1.9555779650661306e-01 -8.0475371264820517e-02
1034 -8.5990726947784424e-02 -3.1202235817909241e-01 5.5931657552719116e-02
1035 2.0751588067738155e-01 2.6393822796279592e-01 9.9618366877746459e-02
1036 -1.4264350125249042e-01 -2.2867445381820059e-01 -2.2377946070716978e-01
1037 -6.3800686793942643e-02 4.5009954145585807e-01 7.8823855796005440e-02
1038 -1.7614031320868404e-01 -3.7461888645010244e-01 7.8482194558292795e-01
1039 -5.6620566838268382e-01 3.5621527776740514e-01 -1.5658043097931049e-01
1040 -2.0384302395913323e-01 -1.1131169438144087e-01 -2.8283619860405429e-01
1041 -3.7769690012687041e-01 5.5173199303231402e-01 -2.7288589732629498e-01
1042 1.0000000000000000e+00 2.4996107664245931e-01 -3.9005892962497635e-01
1043 -2.5992591397572806e-01 1.0297164060299102e-01 1.2779083310560757e-01
1044 6.7296212600693106e-01 3.2126176884051977e-01 -1.2323368917348500e-01
1045 4.0165114896193532e-01 5.6828893775050038e-01 4.3674073169742428e-01
1046 -1.0926238657702370e-02 1.3278100269033874e-01 1.1121175824585774e-01
1047 6.8811195106434753e-01 4.6022314636209105e-01 4.5381520482343785e-01
1048 -1.3048673984513623e-01 -1.8551215753470504e-01 -3.1134051680577285e-01
1049 4.2650000832536922e-02 2.0098318120564523e-01 1.1249886763760465e-01
1050 -1.0000000000000000e+00 4.3795414693258955e-01 -1.6531806354740400e-01
1051 5.3419897332787514e-02 1.7983938753604889e-01 1.8456877127563574e-02
1052 2.3100184682944114e-02 -2.0407569879761683e-01 4.2573476453284981e-01
1053 -2.3901982942417926e-01 -2.4152538716018584e-01 -2.7535645884500848e-01
1054 -1.8536678971268608e-01 3.7725880925560334e-01 2.3203892156324490e-01
1055 -4.1556002228740635e-01 -3.3678733126236543e-01 -2.8131863553460013e-01
1056 5.4569735162442380e-02 2.7435069265495282e-01 -5.0166658717103366e-02
1057 2.6975556114909466e-01 5.9634851781781406e-01 5.6309614990909133e-02
1058 1.2005363455450389e-02 2.2737809153387079e-01 -4.6099332019447839e-02
1059 4.1358428500621314e-01 3.6226531655226762e-01 5.4321226448986036e-02
1060 -9.1679359472182295e-03 -3.3235934407347661e-01 -1.0853396303420200e-01
1061 6.2759052617658601e-02 1.9668782028092346e-01 7.6903341155683480e-02
1062 -1.8321132457919467e-01 7.5475716367558032e-01 -7.4737937132272991e-01
1063 4.9122102558612785e-01 -6.4548023482277339e-01 1.0000000000000000e+00
1064 -1.1604979634284973e-01 5.5893313857948199e-02 -1.8964457920757703e-02
1065 -6.8945087723693815e-02 2.9087233607820995e-01 -2.7149075823495428e-01
1066 2.7142683545196189e-01 1.2369887941084910e-01 4.1715805920381967e-02
1067 -5.1932022766079100e-01 5.1734734652428382e-01 -1.3234852803528568e-01
1068 7.3119905868593224e-02 2.1054223332226341e-01 1.7386905370364625e-01
1069 -7.3060105441079348e-01 5.2985894648084320e-01 -1.0336484918268783e-01
1070 9.1651745358155998e-02 4.3999782900778117e-01 -6.8997593951511393e-01
1071 -1.5863315761089325e-01 1.1173095081182519e-01 -1.7564803515524748e-02
1072 -2.0924449381630678e-01 2.6995378730892916e-01 4.6186483806725570e-01
1073 -4.0726113099046424e-01 -1.8044359561264104e-02 1.3541551861653156e-01
1074 -5.8061692390355479e-01 2.1197635546787769e-01 -1.4031479073711475e-01
1075 -2.6586027768066339e-01 -4.0869661382781919e-01 3.1923448393764242e-01
1076 5.5931657552719116e-02 -3.1202235817909241e-01 -5.5931657552719116e-02
1077 -3.0885527081873837e-01 -4.1031852422967374e-01 5.6778041671714741e-01
1078 7.2111715253208120e-01 1.0913002654803827e-01 -3.5221746488042099e-01
1079 -1.9569949650095897e-01 8.4928295115150376e-02 -7.1453472497326240e-02
1080 9.4509080561713560e-02 1.9428394616522882e-01 8.4345351271871885e-02
1081 3.1250000000000000e-02 2.5000000000000000e-01 -1.0000000000000000e+00
1082 -1.9746163164254041e-01 3.1535878059318206e-02 -1.1190609823057530e-01
1083 -3.4128767966715517e-01 -5.6932316130909588e-01 -7.0861182401164691e-01
1084 -8.9895277175168861e-02 4.1401238123687678e-01 -5.4944509447002743e-01
1085 -4.8140089661428354e-01 3.4444807286580259e-01 -3.5269096524212540e-01
1086 -2.2612305003967878e-01 6.7445252081037932e-01 -1.4991606320209347e-01
1087 -5.6878410339835275e-02 2.0619178188101950e-01 -6.5459616122432673e-02
1088 3.9561186434575446e-01 -7.3349689160511344e-01 -1.1295941385093411e-01
1089 -6.5241353840475347e-01 -1.0000000000000000e+00 -3.2158344155345725e-01
1090 -1.0000000000000000e+00 5.6875466504412253e-01 -6.2777168906182579e-01
1091 2.0223509942777970e-01 2.5589116306210385e-01 -1.7591620459088661e-01
1092 5.5931657552719116e-02 -2.6718997955322266e-01 0.0000000000000000e+00
1093 -1.7493383567146439e-01 -1.9479384984094508e-01 -2.5725848767676252e-01
1094 -2.7889326043032647e-01 4.9506925890338743e-01 -2.4430002694345776e-01
1095 2.3992372791676972e-01 -3.6876943397518891e-01 4.0776966838229356e-01
1096 -1.4045767943499379e-01 5.1517585441568092e-01 6.6759283967492700e-02
1097 -2.8976109792332155e-01 1.0536416139165897e-01 -9.1000556194524851e-02
1098 4.9349546147614415e-02 -2.0447961953594063e-01 -1.4326303680004263e-02
1099 1.6513234967480897e-01 -1.3046004503443803e-01 -4.3369826299849513e-02
1100 1.1067822827853847e-01 -2.6956739565930909e-01 -2.9837309506101740e-02
1101 7.5000000000000000e-01 1.0000000000000000e+00 -1.0000000000000000e+00
1102 -2.3545572053643771e-01 2.8994107092969851e-01 3.0478905698783110e-01
1103 -1.2234288957697920e-01 5.7649754928453578e-01 4.3837974281153609e-03
1104 -1.0301551358245726e-02 1.1316768931607601e-01 -9.5007566064081062e-02
1105 2.4209607712920642e-01 8.5187913397751919e-02 3.4744397619260137e-01
1106 -3.3984375000000000e-01 1.3574218750000003e-01 1.0000000000000000e+00
1107 1.0000000000000000e+00 1.0000000000000000e+00 7.3601708561182022e-01
1108 1.0000000000000000e+00 7.5000000000000000e-01 1.0000000000000000e+00
1109 1.1080100368629860e-01 -3.9530652270850136e-01 5.0257441322334584e-01
1110 -4.4189999912200689e-01 1.0000000000000000e+00 -3.8110347564387070e-01
1111 1.3298578576138104e-01 -2.0792925758159767e-01 4.7334328316949087e-02
1112 1.0000000000000000e+00 1.6892783654534493e-01 4.2049832980223883e-01
1113 -1.2749735314756325e-01 -2.5968058125369525e-01 -1.6433865484250340e-01
1114 7.5000000000000000e-01 6.8750000000000000e-01 -1.0000000000000000e+00
1115 -6.3947175220630126e-01 -5.0709053876896404e-01 -5.4373209060715655e-01
1116 -3.3930312517609351e-01 9.2566590934020712e-02 1.5887174186729047e-01
1117 1.8489934191535806e-01 1.8509743423133729e-01 1.4013273327561490e-01
1118 7.8254284333132307e-02 -5.8652313165499508e-02 2.8685637090325417e-01
1119 -8.0550847371667095e-02 1.9715202183954628e-01 3.4574998895721953e-01
1120 7.5562308377256387e-02 1.9186950043736076e-01 4.0951393139075976e-01
1121 -7.4966552812593137e-02 4.1366794142312108e-01 9.6220452306202534e-02
1122 -3.3892563643458617e-01 3.2332549795076410e-01 -1.0948594071751902e-01
1123 3.3609247374674839e-01 1.2683530802777432e-01 8.0103290195669627e-03
1124 2.5612999726627489e-01 1.5993069454332801e-01 8.7307848704608976e-02
1125 1.3832021111253720e-01 -1.2332982294979591e-01 9.9236965904596866e-02
1126 -4.7207699199745667e-01 3.9897765086942411e-01 -1.9859081336020931e-01
1127 1.8948631311495989e-01 1.8557576940659906e-01 1.9916570030348030e-01
1128 -1.5651667802227839e-01 3.4480537966462327e-01 7.6919871058885037e-02
1129 1.5946323473288623e-01 1.5692254427591054e-01 -2.0084551948802137e-01
1130 -1.5713434364085749e-01 3.6498359287074111e-01 3.7463944350743089e-01
1131 3.6081359776537775e-01 -1.0000000000000000e+00 -5.8397181661325814e-01
1132 -2.1384612578444298e-01 1.4285523581107204e-01 -8.4189195141241360e-02
1133 7.2478952431569255e-01 -2.6574802558693378e-01 -3.3070488159741518e-01
1134 -6.6959299147129059e-01 -1.0000000000000000e+00 -1.0000000000000000e+00
1135 1.7592275611929925e-01 1.1311079559881214e-01 -1.7598740456854639e-01
1136 7.2465378460701585e-02 -1.8281617204773143e-02 4.3516635419854294e-01
1137 5.0541732455311117e-01 3.0951809195986502e-01 3.3551615427727088e-01
1138 1.0000000000000000e+00 5.4790531969769662e-01 -7.0553759736443888e-01
1139 1.6469658885147842e-01 4.2858721136614299e-02 -2.0257271437413779e-01
1140 -1.1604979634284973e-01 -2.6718997955322266e-01 0.0000000000000000e+00
1141 1.6208432567911174e-01 -5.8365653172660306e-02 -2.5310331109122591e-01
1142 1.0000000000000000e+00 -6.9414394703808324e-01 -2.2083916726436437e-01
1143 0.0000000000000000e+00 7.5000000000000000e-01 -1.0000000000000000e+00
1144 -2.1590731720156647e-01 -1.7055026137911583e-01 9.9131957109669336e-02
1145 -3.1009592169659456e-01 4.4797392940112563e-01 4.3090348774223353e-01
1146 7.1216599946279158e-01 5.6146198342580300e-01 1.8593968812434702e-01
1147 1.7802045164997452e-02 8.8797383692922630e-02 -6.4227784230817084e-02
1148 2.9879728013685325e-01 -1.5001804329155977e-01 -3.4846618454938200e-01
1149 1.0537244767977319e-01 -1.5834471718231952e-01 3.6513560334610579e-01
1150 2.5770778492486618e-01 1.4638504650823789e-01 -2.2102378802607717e-01
1151 -1.5863315761089325e-01 1.7983938753604889e-01 -2.7965828776359558e-02
1152 -2.0478113647350532e-01 1.6724708544655201e-01 -8.4717958583128458e-02
1153 -1.7446184203612386e-01 -7.6223750264402965e-02 -1.9146076453838692e-01
1154 -7.6771483918317923e-02 -2.6055584575659030e-01 -2.0963831742735553e-01
1155 1.9372401619657029e-01 1.2839311315491367e-01 -1.2397324479331406e-01
1156 -5.1190617101982383e-01 -2.7712667337451761e-02 3.2295747379106121e-01
1157 -2.3564014954264534e-01 -7.1071391744602797e-01 -2.4564240189413461e-01
1158 2.3490881211870410e-01 1.4880312357020203e-01 -1.1778758976884565e-01
1159 -8.2471109550605104e-02 -4.8929489856941254e-02 -2.6142656372663020e-01
1160 -6.7272451253422039e-01 7.8412145245379128e-01 5.3064796235378286e-01
1161 2.5823686215497405e-01 1.7673781450662496e-01 -1.5947589708114251e-01
1162 -5.1066857934764742e-01 2.0347049882386270e-01 -2.9851994258641434e-01
1163 -1.1226567160232381e-01 3.3972490259431232e-01 8.9447268243448730e-02
1164 1.6595005599968896e-01 -1.0179655855528444e-01 4.6734246274033125e-01
1165 3.6667109644165030e-01 2.7646131805520474e-01 -9.8359745444828284e-02
1166 4.0705659483725987e-01 1.2567975592434402e-01 7.3037930841777482e-02
1167 1.9009144238317249e-01 6.3445405902027505e-02 -1.3547971630756753e-01
1168 -1.6233473814395823e-02 1.3991829523403621e-01 8.0605624814233834e-02
1169 -1.0000000000000000e+00 4.0583344899744955e-01 -4.8553721304310882e-01
1170 -2.2100688077905836e-01 1.9615671951950445e-01 -9.2850697205236657e-02
1171 -1.5628077343361074e-01 4.0292083732154610e-01 5.3591337602590750e-01
1172 5.3281455125717259e-01 -1.0000000000000000e+00 7.9152877098472252e-01
1173 -2.0148728778972980e-01 2.0353767703652170e-01 -1.7019327655478995e-02
1174 1.6661160755827542e-01 -1.2847608539999480e-01 6.9934570024477904e-01
1175 2.9938171706308508e-03 -5.8516296378183244e-02 -9.5403537025832208e-02
1176 3.6148799958577005e-02 -1.7253284105315306e-01 6.1734432462284286e-02
1177 -3.2677901689765687e-01 3.1187218350277607e-01 5.7256455891456592e-01
1178 -5.1208264492939595e-02 3.7666242936168248e-01 1.2946720248350707e-01
1179 -6.9554523111194005e-02 -2.6064076394615482e-01 -3.2106353350426670e-01
1180 -2.8548430868680219e-01 -9.6592345703192806e-02 1.4025260548910035e-01
1181 2.7554209475445907e-01 2.1602719044685709e-03 -2.3264598257537103e-01
1182 -5.2859640416406582e-02 -9.9784294382793168e-02 -4.8965533235700513e-02
1183 1.8731484459964737e-01 7.5140343062103571e-02 -3.0135158289728831e-01
1184 -4.0746222165921281e-01 3.8407830395298953e-01 -1.2842120417098885e-01
1185 -5.5741609612554355e-01 2.6705171137325528e-01 3.2412589219008657e-02
1186 2.7067665842284166e-01 -1.9714430947086076e-01 6.4691311105433982e-02
1187 8.8191361857415079e-02 4.4386067284243647e-01 -3.8976263149362600e-01
1188 2.0094026881010482e-01 1.5509395554180233e-01 -2.6329351380672300e-01
1189 -6.3425589490327672e-01 3.6406092033079107e-01 -6.4337304477831703e-01
1190 -5.0523276142777473e-01 5.2914108886409994e-01 7.1662753761419073e-01
1191 -2.4374025577229566e-01 3.2329343008891898e-02 -2.0329867988247208e-01
1192 2.4466072165867558e-01 8.2972517234806575e-01 -6.8213530595145955e-02
1193 -1.4251387556359312e-02 4.5999637302174379e-01 7.1037509125462295e-01
1194 -2.1258638334665222e-02 2.0663764417597069e-01 -5.0816041914756686e-02
1195 3.7381737888537359e-01 1.0000000000000000e+00 -2.4450147512225903e-01
1196 -7.3293440250796660e-01 -1.2691390575065489e-01 -6.1377926271483507e-01
1197 -7.3550928829528017e-02 -3.7148236375118876e-01 -2.9476119151493435e-01
1198 -4.1191329183695446e-03 -3.8804221424923124e-02 -3.0129770730130487e-02
1199 1.0000000000000000e+00 -2.5693168045351955e-01 -4.8882562278175445e-02
1200 0.0000000000000000e+00 -2.6718997955322266e-01 5.5931657552719116e-02
1201 2.6484040688316968e-01 2.7999883012552562e-01 -3.8570192347386972e-01
1202 5.3473666863801994e-01 2.0430053044551000e-01 4.0463906056708326e-02
1203 -8.5657274625112939e-02 -6.2943995028557423e-02 -4.0837903121283076e-01
1204 -5.0088849513905753e-01 3.9656522042058706e-01 1.9121087392142694e-01
1205 8.3893565248860311e-02 -1.2549386774108934e-01 1.3571891544216463e-02
1206 1.0740070504754172e-02 -1.1757666740837798e-01 -4.2664441429054137e-02
1207 7.2745214691558735e-01 -3.8101044817843488e-01 -1.2403721673414358e-01
1208 -4.4633853653566341e-01 -6.3871626904830670e-01 -3.5566317588699470e-01
1209 9.2424032015927735e-02 -3.1066584559606381e-01 4.2638635499490779e-01
1210 5.2004052720005600e-01 7.2981576138583837e-01 3.7537355606625322e-01
1211 -3.8541078944303184e-02 5.5577203762182936e-01 -3.5591526519356209e-01
1212 2.1138402863534488e-02 1.4392426691191323e-01 8.0024306578588444e-02
1213 -2.7794275736491703e-01 2.4527065372539675e-01 -9.6547945781210676e-02
1214 -6.1458970601571095e-01 -2.3542919356439962e-01 -3.7424262170722322e-01
1215 1.7885101921250768e-01 -2.6551424883205105e-01 1.0000000000000000e+00
1216 7.4380920455691568e-01 1.0000000000000000e+00 3.8577557625231107e-01
1217 5.5363786821294791e-01 1.0000000000000000e+00 -3.1526065254943697e-01
1218 -1.9358213676720640e-01 9.3039203587357663e-02 -2.9624744459110191e-03
1219 6.0857512256380719e-01 4.7764147638249099e-02 1.2162342167305201e-01
1220 5.5705200351139565e-02 1.3200790349501190e-01 6.9669002632517074e-02
1221 2.4242015681757489e-01 2.2831742756828544e-01 -2.6056943450822917e-01
1222 7.3897565020857786e-02 -2.7045279574549203e-01 -4.3271391920001429e-01
1223 1.0000000000000000e+00 -3.2562888318142885e-02 3.2787166887517261e-01
1224 -4.5846636162903870e-01 1.0000000000000000e+00 7.4851054223305125e-01
1225 1.0000000000000000e+00 7.6029604130181361e-01 6.0830777269563086e-01
1226 1.0000000000000000e+00 -4.9379250543239474e-03 -1.7611165497473913e-01
1227 1.1437819480145103e-01 -3.7204431706857194e-01 3.4641095321489240e-01
1228 -1.1237253033248516e-02 -2.5470819492235774e-01 1.1657004405845466e-01
1229 8.1074466715782534e-01 -1.6780662058688881e-01 4.4491809695196255e-02
1230 1.8657776681641602e-01 -1.2942284355381245e-01 4.2928536506267191e-02
1231 -1.9882585258335952e-01 1.9229425542408399e-01 -8.0042988142178806e-02
1232 -4.5592903036373769e-02 1.2600365203113920e-01 -8.1144955199279467e-01
1233 0.0000000000000000e+00 -2.6718997955322266e-01 0.0000000000000000e+00
1234 2.0539106849564687e-01 1.3367404100542826e-01 -8.8570702670664664e-02
1235 2.1950513451867409e-01 8.8176435387486291e-02 -4.3236607960599388e-02
1236 8.9979109304179003e-03 -3.5358456495867202e-01 4.0634039600129751e-01
1237 -1.5359702705737188e-01 4.9301329273594818e-01 1.6653237323175619e-02
1238 -2.0418514068466693e-02 5.9689892451200453e-02 -2.6633193063633230e-02
1239 1.0000000000000000e+00 3.9367485247380518e-01 9.3495596305081516e-02
1240 3.6781267232993009e-01 -3.7547516878976706e-01 6.9766770019179603e-01
1241 4.3650656976071306e-01 8.6280342874713667e-01 -1.5266470294515935e-01
1242 7.9293813003535751e-01 1.2005827249243595e-01 3.7834716277534725e-01
1243 5.3189952833444498e-01 -1.5179206189432945e-01 9.4066767303175217e-02
1244 -1.8858220818653459e-01 2.0243992812205402e-01 -5.5323552577245382e-02
1245 1.6540849670481139e-01 1.2815977733800504e-01 -5.0284616941276872e-01
1246 -2.4671664728482888e-02 8.0461981539370675e-01 -4.1529521946192849e-01
1247 5.3621771036352635e-02 1.1574182918958066e-01 1.0580596192280366e-01
1248 -1.6910103134893087e-01 -3.0227038789260102e-01 -1.9543822127071742e-01
1249 7.8967887088795152e-01 -8.7311637109030754e-02 2.2113032181858747e-01
1250 -9.8673213511726962e-02 2.7597945230508066e-02 -8.8421120233066419e-02
1251 2.1037155760861134e-01 1.9766277991460920e-01 -1.8992203125246745e-01
1252 -1.0937500000000000e-01 3.5937500000000000e-01 -1.0000000000000000e+00
1253 -1.4361470950960786e-01 3.6135865541565648e-01 1.2353717392049332e-01
1254 1.0000000000000000e+00 1.9995393659973421e-01 7.4391512298526952e-01
1255 6.2271207816261345e-02 -4.4827315291285569e-01 -3.0254161969765869e-01
1256 4.1677227543378348e-01 4.4791313114438305e-02 1.8041775899084292e-01
1257 -2.3237005185145401e-01 -7.1923948865052975e-02 6.9841774735690837e-02
1258 -2.3027756877422484e-01 2.0858228456160180e-01 3.1057411629823551e-02
1259 2.2906631098854233e-01 -3.7008455812259311e-01 -3.1180480228592589e-01
1260 7.7580697341329496e-01 -2.1655789672418668e-01 4.1930592366910691e-01
1261 -2.2892780902798568e-01 -3.6426527394016989e-01 -2.6272274952803559e-01
1262 -4.8209816630668284e-02 -1.8872292851388953e-01 5.2006137705848852e-02
1263 -7.8822424621133036e-02 4.1238843125947638e-01 -2.6016738816442608e-01
1264 7.8772790122471098e-02 1.2910716824746718e-01 1.4721782748447432e-01
1265 -8.7201203477987613e-02 -2.3168981553931262e-01 1.0459017857752591e-01
1266 -4.8007517121576726e-01 -7.0409166272796564e-01 2.4375298097512166e-01
1267 8.0102527778987576e-02 6.1125540168171830e-02 1.2318227110697287e-01
1268 -7.5723064876948742e-02 5.7396020747865562e-01 1.0455951222936478e-02
1269 1.0000000000000000e+00 3.9854434316424459e-01 3.3757737228858947e-01
1270 -1.7484641846863566e-01 -3.1510217489597026e-01 -3.7133497111718061e-01
1271 -1.0000000000000000e+00 -6.5921652787749419e-01 3.2358369185104785e-01
1272 -2.5000000000000000e-01 0.0000000000000000e+00 -1.0000000000000000e+00
1273 2.2104012073019813e-01 -1.9587908654454461e-01 1.8508451087299052e-01
1274 2.1020669557328772e-02 1.7743815520404738e-01 7.6123492333866671e-02
1275 5.3632409916287827e-01 1.0000000000000000e+00 4.0905442368399880e-01
1276 1.0000000000000000e+00 2.3197746948463094e-01 2.3571300346566279e-01
1277 -1.1496636271476746e-01 5.3133881092071533e-01 2.7965828776359558e-02
1278 2.7415951990973117e-02 2.4459591864399544e-01 1.8065090948640825e-01
1279 2.8037641038917449e-01 2.2719779435745943e-01 2.1432914349349530e-01
1280 -8.1348254080697846e-02 2.4157353345454526e-03 -1.0659868387072732e-01
1281 4.3761122571023847e-01 1.6633785828436143e-01 2.1216047480129152e-01
1282 1.0000000000000000e+00 -2.5000000000000000e-01 1.0000000000000000e+00
1283 -9.6727467995437716e-02 -3.4464418320359597e-02 -1.0594961607826851e-01
1284 7.0891494770258717e-02 -4.2628096083301481e-02 9.4857508218847655e-02
1285 -7.1665648950043501e-02 -7.1339232014335008e-02 -8.3281787869412954e-02
1286 1.0000000000000000e+00 -2.0095095475882654e-01 3.1515096172764734e-01
1287 9.3764157457433772e-02 1.6421910754978933e-01 1.3005356805621632e-01
1288 -5.4354816223069258e-01 -7.2936817963546496e-01 2.6060141598360669e-03
1289 1.3757909354909703e-01 -3.1534412420210808e-02 4.0313064079662744e-02
1290 6.4356355821726080e-02 2.6396137210558310e-02 7.0491040106241770e-02
1291 7.4999185702953541e-01 -3.7499999999999994e-01 1.0000000000000000e+00
1292 -4.9711987376213074e-02 5.3133881092071533e-01 -5.5931657552719116e-02
1293 -1.3635123983457575e-01 7.9756515235346015e-01 2.4045344981072514e-01
1294 -1.9674931901084419e-02 5.7152977862337540e-01 -2.4551838205894540e-02
1295 9.6254640736373465e-04 -3.4918019078181362e-01 1.0000000000000000e+00
1296 4.6342607777926859e-01 -6.0645174819750980e-01 -3.3354381104661834e-01
1297 -1.4736685256348317e-02 -1.9377063593701019e-02 6.7283420214460404e-02
1298 5.1094384616964646e-02 1.5204188701711643e-01 2.0115869265407252e-01
1299 -1.1062177518427362e-01 8.2217830228464495e-01 1.0308652092363327e-01
1300 -3.3021591449906085e-01 -6.2914941221053922e-01 5.0657907289492474e-02
1301 -2.3616760927786659e-01 -2.5691953022843594e-01 -5.7538477975287527e-01
1302 4.8201632161768745e-02 2.0011875996261683e-01 2.6790551291728915e-01
1303 -8.4580426392492969e-02 -2.3838301252596242e-02 8.6012427967435939e-02
1304 -1.0578084972014853e-01 -2.0073096592810427e-01 -4.6408465065245819e-01
1305 5.4027045522860728e-01 9.0848707802593645e-02 3.3963749361801143e-01
1306 6.5055548313096578e-01 7.5271938262828175e-01 -3.8417110659699866e-01
1307 -7.2099362473364348e-02 -2.5920261032921173e-02 3.6317728632072860e-02
1308 8.8487032472450280e-02 1.3010641866587080e-01 7.3135345067823002e-02
1309 -1.4756184153518465e-01 5.4950158576034280e-01 4.3485510358688868e-02
1310 5.9711521319653904e-01 -3.2694458403389220e-01 2.3492153540147245e-02
1311 7.5951279845114184e-01 -6.6898986243035541e-01 -3.4269567141650348e-01
1312 2.1422276122654713e-01 -9.0830234493149906e-02 1.1694350748181491e-01
1313 5.9285911970798598e-02 7.6576371372591948e-02 1.7448718824583334e-01
1314 3.1092230536994564e-01 6.3125088767361101e-02 2.1050282523032756e-02
1315 1.0306115690087135e-01 1.6986979846366843e-01 1.9407005440404149e-01
1316 -2.7260565385162933e-01 -7.5499801128472122e-01 2.2224661201571888e-01
1317 1.8300259746409103e-01 1.0000000000000000e+00 -2.6203357499893948e-01
1318 1.0000000000000000e+00 -4.5459629179046784e-01 3.7627263855034870e-01
1319 -8.8721699219254435e-02 -5.5352121691808198e-02 -1.7094540849344561e-01
1320 2.6853096559426123e-02 1.2873930911013775e-02 1.3662562087480509e-01
1321 -3.3401645853050788e-01 -5.8778829310369318e-01 2.7049159310616550e-01
1322 -1.7224971881155543e-01 3.8326538519979292e-01 1.0725958682864169e-01
1323 -2.4985379865170323e-01 3.8336072530595772e-01 1.4266146477165156e-01
1324 -3.8600481409832431e-02 -1.7469782774082185e-01 1.0000000000000000e+00
1325 1.2321110640654601e-01 1.0222446212103174e-01 -1.8203496515342502e-01
1326 7.6808319517053225e-01 -6.5133243138631014e-01 1.0000000000000000e+00
1327 -3.3056997058914245e-01 4.5276471412545899e-01 1.2117135295873729e-01
1328 -6.3219881257418814e-02 5.4425767379943202e-01 -7.8573829314023014e-02
1329 -3.2597914166301067e-01 3.2712739610216501e-01 1.8233360868544957e-01
1330 -4.3762944299389439e-01 -5.3499217518427511e-01 4.5493343772093547e-01
1331 8.9343257858955208e-02 9.0604111016397149e-02 7.8663270586086673e-02
1332 -3.4205199544051969e-02 -9.1481568317363218e-02 2.2278518218794098e-02
1333 -3.7419515942211307e-01 -1.0000000000000000e+00 7.1658305632001829e-01
1334 -2.1160018344417059e-01 4.0009519689542306e-01 1.1244224528999908e-01
1335 -2.5912435802402861e-01 -6.7610323622583368e-01 6.8631078731711559e-01
1336 -1.4909485617609033e-01 5.2787787695714006e-01 1.2868127818004792e-02
1337 1.8927447057274568e-01 -9.4387449508217935e-03 1.0905899387528559e-01
1338 -1.0000000000000000e+00 -5.0000000000000000e-01 1.0000000000000000e+00
1339 8.7029450632730487e-02 1.5352374527179757e-01 9.1137144626586716e-02
1340 -1.3976331073697765e-01 5.1723048792586768e-01 4.1448866487294338e-02
1341 1.2330583846310716e-01 1.4231421528768029e-01 8.5170797037003407e-02
1342 -1.1496636271476746e-01 5.0128068774938583e-01 -2.0944529576913146e-02
1343 1.7900546470553308e-01 4.9031503651440761e-01 8.0650422437169433e-01
1344 8.0892420346031357e-01 6.6299007866858356e-02 1.0580322267744116e-01
1345 7.3385300480702853e-01 -1.0696327747319827e-01 -1.2140086557684590e-01
1346 -4.2108364093707544e-02 6.4851871531637673e-01 -3.6360375775163933e-02
1347 2.4761413062999077e-01 2.4789862662400747e-01 -1.7967630774680521e-01
1348 6.4987336306119980e-01 -3.0952160366607066e-03 2.6653178652579085e-01
1349 -3.5594043261480174e-01 -8.0793834816272136e-01 4.2625898911226512e-01
1350 -2.3220468872635786e-01 -6.1187039788339836e-02 1.0000000000000000e+00
1351 -7.3211675364748055e-02 -3.1178180584954585e-01 1.0260314516162784e-01
1352 0.0000000000000000e+00 -3.2946706227733469e-01 5.5931657552719116e-02
1353 2.1829742093935145e-01 5.7469044737637121e-01 3.7505604213157440e-01
1354 2.2180132267617592e-01 4.4813067304013143e-01 4.5364820636607628e-01
1355 1.4484298676335622e-01 1.1000837106660831e-01 1.1007200379628557e-01
1356 8.0517386507574951e-02 1.8131697202511385e-01 9.6945004382506500e-02
1357 8.0458963287304772e-03 7.3921399098127538e-01 -9.4791438770676889e-02
1358 -3.7798837376019256e-01 -4.9036316904922006e-01 1.1119819010834636e-01
1359 1.0000000000000000e+00 1.1148436775742177e-02 1.5693075546995361e-01
1360 1.1994982060451131e-01 8.5800789117323051e-01 -1.2777726332921557e-01
1361 -1.5081745092764615e-01 6.2407340401015654e-01 4.9975283267743781e-02
1362 -2.3229474521570700e-01 -1.9229725198854955e-01 8.5178851865843452e-01
1363 -3.2704384808424103e-01 -1.8968461411979819e-03 8.3219996623868742e-01
1364 1.2343847650031484e-01 1.3862310472083650e-01 1.2188478256225531e-01
1365 -1.1496636271476746e-01 3.3994220197200775e-01 -1.1778880727182535e-02
1366 -1.0738606909332545e-01 7.1473218626772006e-01 2.5973539646635770e-02
1367 -6.6959299147129059e-01 -1.0000000000000000e+00 1.0000000000000000e+00
1368 7.9821723357219793e-02 8.3370827780028323e-01 -2.8281487480519013e-01
1369 -1.4523983911849456e-01 3.5370428141799271e-01 2.2850335330137542e-02
1370 4.6590333646704829e-01 2.0791461598533881e-01 1.3416394445220436e-01
1371 -6.3476425114168964e-03 1.0000000000000000e+00 -8.3235483388489157e-02
1372 -1.6530177694108333e-01 5.1118182324725447e-01 5.1299978274389084e-02
1373 -7.0119412502824741e-01 -6.6171368072444992e-01 1.0000000000000000e+00
1374 7.8285220633876673e-01 2.7469662618162255e-01 8.4690591759483486e-02
1375 -1.4131705077385889e-01 4.8912378474175910e-01 4.3526509802843928e-02
1376 -1.5863315761089325e-01 -2.1431338787078857e-01 5.5931657552719116e-02
1377 -1.1604979634284973e-01 -2.1431338787078857e-01 5.5931657552719116e-02
1378 -2.1376166537733382e-01 -2.2945961032195220e-01 1.3285711908777819e-02
1379 5.6973555365244410e-01 3.5057933558709109e-01 9.3011087681525106e-02
1380 -5.6850231487488800e-01 -5.4084709123423669e-01 7.3936197263175718e-01
1381 1.9647571687110496e-01 2.0275800229931323e-01 -1.3544288034290378e-01
1382 9.1079829260706902e-02 1.7983938753604889e-01 5.5931657552719116e-02
1383 1.0049481224268675e-01 1.7983938753604889e-01 2.7965828776359558e-02
1384 -4.7328073138505589e-01 -2.8519887796635157e-01 7.6318489273785217e-01
1385 -1.7637269227944938e-01 6.7873683473256863e-01 1.1276993460885384e-01
1386 -1.9009715040972189e-01 3.4507346510700859e-01 1.4464747356834884e-01
1387 -1.4742863860955990e-01 -3.6050760043316116e-01 -1.9322088325452538e-01
1388 -3.2250029698169558e-01 -2.2282667240395795e-01 3.5956514782785304e-02
1389 -1.0479327125338633e-01 4.7643198125237693e-02 7.6009535790395577e-01
1390 7.5409107158314864e-02 1.7983938753604889e-01 3.0876091201391492e-02
1391 8.6270781323368712e-02 2.0683200330341903e-01 1.8218044877058175e-02
1392 -3.2182916927258387e-02 8.5458107669819083e-01 -1.7757303828273646e-01
1393 -5.7335626757973357e-01 -1.0061335007879761e-01 6.1444893381324550e-01
1394 -1.4420613602414181e-01 4.4929174116501203e-01 4.3999825889962915e-02
1395 -1.1604979634284973e-01 -3.5747248005773183e-02 0.0000000000000000e+00
1396 2.3206502694675554e-01 1.8885813752632130e-01 -1.3211448641349433e-01
1397 5.9553108025670841e-02 2.0617778563615585e-01 4.3478572183308258e-02
1398 1.3512746633422759e-01 1.8529568636759011e-01 2.7186084257330723e-01
1399 2.3086934713526736e-01 1.9091297512933486e-01 -9.0198732877042595e-02
1400 1.3649410897578854e-01 3.1540568577721195e-02 1.6050396205068040e-01
1401 -6.5834534321478555e-01 1.8122343259392790e-01 6.6653192821138585e-01
1402 -4.2169262840307573e-02 -7.6116071095667193e-01 5.0642431995967629e-01
1403 -4.7636320153061229e-01 3.0639150191326536e-01 1.0000000000000000e+00
1404 -6.3153544253912799e-02 -2.1888543079299735e-01 7.5272805012277322e-01
1405 -1.8744154221039852e-01 4.7206974527085643e-01 5.1927999694240452e-02
1406 -2.2361374912377199e-01 3.0070150408494706e-01 1.2438201788224786e-01
1407 -1.3373584880107917e-01 -8.1908856134844066e-01 3.3389652520367918e-01
1408 3.6365048354816132e-02 -2.9300969257156051e-01 5.5059108033123727e-01
1409 -8.7893748795057167e-02 4.8118488838309015e-01 -8.2031295481733968e-01
1410 8.2535510266546500e-02 1.9266967420922632e-01 6.8760355191705369e-02
1411 9.8896665515454812e-02 1.6722927588926609e-01 7.4586726221703495e-02
1412 -2.7566468786591758e-01 3.3813755794540679e-01 8.5217519694373731e-02
1413 8.2365037922068091e-02 1.7593205870443090e-01 7.2850220237602334e-02
1414 2.3915262182232550e-01 2.2611537596227199e-01 -1.4687464326664512e-01
1415 1.0000000000000000e+00 1.0000000000000000e+00 -2.9194874316453934e-01
1416 -2.7159926470588236e-01 5.2159926470588236e-01 -1.0000000000000000e+00
1417 1.3815474417060614e-01 1.7983938753604889e-01 -8.9479254787675905e-03
1418 -1.3522630741230962e-01 -4.2068334758536184e-02 -8.8104168484468198e-02
1419 7.2893992110376538e-01 -5.2345646790132561e-01 3.3768449352523405e-01
1420 -1.0000000000000000e+00 -6.4600348161275478e-01 6.7742011493437526e-01
1421 -2.4440986370220369e-01 5.1990308051133094e-01 9.2016634745240578e-02
1422 -5.6027807124343736e-02 2.6447231667504182e-02 7.7929228828749891e-02
1423 -1.8878885782804042e-01 -4.8226507312842726e-02 -9.6478622791461369e-02
1424 1.0005424102421599e-01 1.8858629948291961e-01 6.9110012541319307e-02
1425 9.1079829260706902e-02 1.5582275390625000e-01 5.5931657552719116e-02
1426 8.1664846278727055e-02 1.5582275390625000e-01 2.1626527677162236e-02
1427 -9.2020042271908020e-02 -2.2346088016815291e-01 -6.1826559017000160e-01
1428 5.2276771705363677e-02 1.5582275390625000e-01 3.0750634363395968e-02
1429 -3.9722893702730341e-02 -3.3703620385330757e-01 -1.0000000000000000e+00
1430 -1.5804790998811602e-01 4.4706249536427024e-03 -1.0252984929589266e-01
1431 -2.5143778494852159e-01 2.5642671780027299e-01 8.0353385745401101e-02
1432 -1.0000000000000000e+00 -3.5588538613973891e-01 7.0184803282408537e-01
1433 1.0025522984883758e-01 1.9563983029589810e-01 4.6839272663097238e-02
1434 -1.8167064099966029e-01 -3.9464628204165281e-01 -8.0578427719536860e-01
1435 -2.3659868213007323e-01 4.5669171075823195e-01 9.6485674838945976e-02
1436 1.0252209526223032e-02 -1.1974447910785989e-01 8.4231975422793948e-01
1437 -3.2432912786871709e-01 2.7094613702137987e-01 7.4310584181485353e-02
1438 1.2156429548590281e-01 3.2338186188205970e-01 -8.4400958458034703e-01
1439 1.4062500000000000e-01 1.0937500000000001e-01 -1.0000000000000000e+00
1440 -1.8737854361536629e-01 -2.7928642951223701e-02 -1.2974250137328769e-01
1441 -6.0036370723274568e-01 -7.0909182103482626e-02 1.0000000000000000e+00
1442 7.7921588566514086e-02 1.9023190895519757e-01 1.3406228989985255e-01
1443 -7.3579176021877335e-01 2.4155827971129161e-02 4.5835194786324368e-01
1444 -7.7324714942588135e-01 -4.8276083407211540e-01 5.7089040526684354e-01
1445 5.7927968477346749e-02 1.5427675271866842e-01 1.1287550235082916e-01
1446 2.1056996397567412e-01 2.8383703994463438e-01 5.0064930254694873e-01
1447 -1.0000000000000000e+00 -2.5000000000000000e-01 1.0000000000000000e+00
1448 2.2514803564481642e-01 3.5389676071228948e-01 3.9005760306578718e-01
1449 -1.1604979634284973e-01 -1.8787509202957153e-01 0.0000000000000000e+00
1450 -7.5776418440783211e-01 -4.0932522198318327e-01 1.0000000000000000e+00
1451 -2.6759540673681481e-01 2.1824322576111721e-01 9.9466809441689744e-02
1452 -1.1604979634284973e-01 -1.1103677331874170e-01 0.0000000000000000e+00
1453 -1.2462672995577730e-01 -5.4856684676502223e-03 -1.0877008862861366e-01
1454 -2.0970777570533897e-01 -7.2229613657600986e-02 -8.4421764423580237e-02
1455 9.0811643947924306e-02 1.9210730169817605e-01 -6.8979759746407310e-01
1456 7.9083489065728763e-02 2.0775753223633794e-01 9.8814958189100757e-02
1457 -4.1052948633636049e-01 2.1889725093802415e-01 1.4887633301985703e-01
1458 -1.3600657111732686e-01 8.8599857982512957e-04 -7.9172290910294332e-02
1459 -4.3905101099907348e-02 -6.0460764195824679e-01 -7.6576336817830126e-01
1460 1.5150874038417411e-01 -7.7727293022328259e-01 -1.0000000000000000e+00
1461 -2.9639626787594803e-01 4.5311986193979437e-01 7.2753199292111992e-02
1462 -2.5398423143215144e-02 2.9572266442494860e-01 -7.0311874145503217e-01
1463 1.1346395619112712e-01 3.4027105118014356e-01 4.4176893185672739e-01
1464 -2.2967462971428634e-01 2.8421911421090129e-01 -7.8080017021737458e-01
1465 -1.7398247867822647e-01 -7.7727293022328281e-01 -1.0000000000000000e+00
1466 1.7705207749188925e-01 -1.0000000000000000e+00 4.9159932890578362e-01
1467 2.9132646247484867e-01 2.5936798584668136e-01 3.5367493382488280e-01
1468 -1.5863315761089325e-01 -2.9245316982269287e-02 -5.5931657552719116e-02
1469 -1.5863315761089325e-01 -4.2464464902877808e-02 0.0000000000000000e+00
1470 7.5831523673019263e-02 2.2656009434897936e-01 1.2801202456080718e-01
1471 -1.8209067334531456e-01 -1.2989065382493645e-02 -8.4718035296364985e-02
1472 -1.1604979634284973e-01 -2.8070211410522461e-03 5.5931657552719116e-02
1473 -1.5863315761089325e-01 -2.8070211410522461e-03 5.5931657552719116e-02
1474 1.1474556013852269e-01 1.2820234821922030e-01 -1.4878739485496753e-01
1475 -1.5863315761089325e-01 1.7129343676660899e-02 0.0000000000000000e+00
1476 -3.1910720092261041e-01 1.9380816193965281e-01 2.2846569012801460e-01
1477 1.3902956290775309e-01 2.3503271006487209e-01 1.2278539393740864e-01
1478 -1.5778111952231594e-01 -2.4801896429887366e-02 -1.1053995768898532e-01
1479 -4.3495155304857830e-01 -3.6145625384902974e-01 1.0266791420515967e-01
1480 -2.1159969874228685e-01 2.8821351965607464e-02 3.7382982931279451e-02
1481 -1.9748630804490652e-01 -1.1977439642525050e-02 -2.2000062739335201e-02
1482 1.3345175511896279e-01 1.5109922397591330e-01 -1.6105972073236716e-01
1483 -4.2195528131198518e-01 9.2367505244425899e-02 2.6147977635254505e-01
1484 1.1259233003183229e-01 1.0211868084500890e-01 -1.2317329114480684e-01
1485 9.3094002838353146e-02 5.1434303159230595e-02 -1.2116848794276844e-01
1486 9.0448987116890436e-02 1.3716192692536672e-01 -1.8111413511291957e-01
1487 -1.9715196352024222e-01 3.6732733857149438e-02 -1.4361765936701673e-02
1488 1.0475637925103440e-01 -3.2328549029790959e-02 -1.5109737941989093e-01
1489 -7.4739146064434353e-02 2.9605594812019487e-01 -8.9048997439553679e-01
1490 1.0731220625951345e-01 2.1062323438344635e-01 1.5125240490606859e-01
1491 1.2310084452318966e-01 9.3716802915427014e-02 -1.4777537518675510e-01
1492 1.4287925858499059e-01 3.2293737188738791e-02 -1.4614170081260966e-01
1493 2.3064864033118992e-01 -3.7628893152954146e-02 1.0000000000000000e+00
1494 1.5393571143051774e-01 7.7016382520724236e-02 -1.7090240915173538e-01
1495 -1.8470277405655347e-01 -4.4996682697606191e-02 -7.0289398812701798e-02
1496 1.9722816207126284e-01 -4.9350188650737487e-01 -1.0000000000000000e+00
1497 -1.5190577270565833e-01 -1.7081887420435454e-02 -9.1200689706973870e-02
1498 -1.0937500000000000e-01 1.4062500000000000e-01 -1.0000000000000000e+00
1499 1.0446315519787804e-01 5.8807836615185516e-02 -1.6975297751279500e-01
1500 -1.5863315761089325e-01 -1.0856020450592041e-01 -5.5931657552719116e-02
1501 -1.1604979634284973e-01 -1.0856020450592041e-01 -5.5931657552719116e-02
1502 -1.9725644390875291e-01 -3.6474486604314502e-02 2.7516163511644424e-02
1503 -1.7013118913787054e-01 -7.0140933628954086e-02 -8.2020435203152733e-02
1504 4.0935178938328709e-02 1.3551166853367025e-02 -1.6157626057941402e-01
1505 -1.8975068140463142e-01 -1.0075823695906493e-02 -5.4222811091530647e-02
1506 6.1704207513171440e-02 8.1086276899194523e-02 -1.9874435220188816e-01
1507 -1.5863315761089325e-01 -1.0856020450592041e-01 5.5931657552719116e-02
1508 -1.1604979634284973e-01 -1.0856020450592041e-01 5.5931657552719116e-02
1509 9.5052083333333287e-02 2.0963541666666666e-01 1.0000000000000000e+00
1510 1.1943990049797783e-01 2.4457824803564854e-01 3.0672728719906195e-01
1511 -1.9265187857853572e-01 -5.6455055160540613e-02 -3.5097941803126462e-02
1512 1.7455925714223133e-01 9.7297750985894563e-02 -1.3785621873977502e-01
1513 -1.1604979634284973e-01 -2.9245316982269287e-02 -5.5931657552719116e-02
1514 2.1204389243820179e-01 1.0938040363986520e-01 -1.4946107712272111e-01
1515 4.7025744410190135e-01 -1.3414468516658479e-02 1.0000000000000000e+00
1516 -9.9238277016856044e-02 -1.3198799349655637e-02 -7.7937640425106092e-02
1517 3.8732733644824835e-01 6.7321297389429061e-02 7.7942757495239179e-01
1518 -6.3309841144977647e-02 -8.7611005980750126e-02 8.0821057727261295e-02
1519 -1.3922928247765420e-01 -9.4825926344443312e-02 -8.9085158681450005e-02
1520 5.8331212562427126e-01 2.2457457104569620e-01 6.4552843033937524e-01
1521 2.4553263069109826e-01 1.2792556255124449e-01 -1.6299189016111329e-01
1522 2.1769498503521628e-01 8.2804868171793916e-02 -1.9795887612627341e-01
1523 1.0348906196818965e-01 4.8350760397588136e-02 -5.1287809447708790e-02
1524 2.7085836226767573e-01 2.8659380596676520e-01 7.5890047352240686e-01
1525 7.6440982717020733e-01 3.8945734138800031e-01 7.0646278051349432e-01
1526 -1.1604979634284973e-01 -8.2121908664703369e-02 2.6740351855311501e-02
1527 -1.1604979634284973e-01 -7.3392010662257451e-02 -1.8100746551622325e-02
1528 1.7740371008742820e-01 2.2388171441936516e-01 3.7986913883961670e-01
1529 3.7199158057518181e-02 3.2279395258370765e-02 -4.1380305603360708e-02
1530 -1.6178271246454087e-01 -3.9714032905408959e-02 -8.7084677344221678e-02
1531 3.0475617159913919e-03 2.9728015344359343e-01 8.0204261156115542e-01
1532 -1.4459680023185750e-01 -1.3937105505792227e-01 -8.6601474246378776e-02
1533 7.1579261842845705e-03 4.4556442485933226e-02 -8.1844790325580660e-02
1534 -1.3460562635113588e-01 2.7619288332351827e-01 6.5909710041175229e-01
1535 -3.6833218784034866e-02 3.1587220084460865e-01 5.0363804179425664e-01
1536 3.1918664336086894e-02 7.2081616279532149e-02 -1.0506140933141758e-01
1537 -9.4672568179480332e-02 -1.3483181950292059e-01 -1.0113471571886250e-01
1538 -9.0564599599665452e-02 -1.1472439943968424e-01 -1.5883912900176489e-01
1539 -6.5351733182479319e-02 -7.0980213148628651e-02 -1.2976789303332517e-01
1540 -1.7529296875000000e-01 3.3544921875000000e-01 1.0000000000000000e+00
1541 -1.0000000000000000e+00 -5.1113903839710106e-01 8.1071026469681506e-01
1542 6.8750000000000000e-01 7.5000000000000000e-01 1.0000000000000000e+00
1543 1.2870919493205829e-01 9.0596474960760051e-02 8.0785758080169368e-01
1544 5.7447204375548781e-02 2.3553163436378793e-01 6.2311425680201771e-01
1545 -1.0222079840627982e-01 -8.7352307943205865e-02 -1.0905046431674384e-01
1546 5.1842249414262936e-02 6.9989367430732488e-02 -1.4715106443933521e-01
1547 -6.5911579517920454e-02 -1.3339741267476823e-01 -2.3277078141353499e-01
1548 8.1075652687741112e-02 3.1188024989192722e-02 6.5639695911574247e-01
1549 -5.1381071472382987e-02 -1.6842612665706724e-01 -1.6725908086980693e-01
1550 5.8366081657961102e-02 6.5010676742844761e-02 -8.1773407578230650e-02
1551 3.7975839367679165e-01 1.4661399255928348e-01 4.9819706505091149e-01
1552 7.6347813091136793e-02 9.0311181795445894e-02 -1.2347585006760199e-01
1553 -8.2015205317004347e-02 -6.4572262142606016e-02 -2.4743787010927370e-02
1554 -7.9441913019438637e-01 -6.1906236810301818e-01 7.9920290438539365e-01
1555 -8.5032161915373250e-01 -4.5797785693145732e-01 8.0986759415460285e-01
1556 -7.4978676190104732e-01 -2.8512565933770240e-01 6.5132199589787132e-01
1557 -8.8128259251599797e-02 -1.9752895010280294e-01 -2.4428187299563536e-01
1558 -1.9363254440426803e-01 1.8452046571911834e-01 8.7247202835572257e-01
1559 -1.0000000000000000e+00 -7.5000000000000000e-01 1.0000000000000000e+00
1560 -8.1848485049143960e-01 -1.0000000000000000e+00 8.1848485049143960e-01
1561 -2.3187155783427979e-01 4.2678868017622551e-01 8.0868698006256978e-01
1562 -7.7414772727272735e-02 7.0667613636363635e-01 1.0000000000000000e+00
1563 7.8433110448108312e-01 6.6874227690161470e-01 7.4083071858297767e-01
1564 -3.3264755140604785e-01 1.9913556882760233e-01 7.5070010708654999e-01
1565 -5.1219688796419793e-01 5.8317854975919736e-02 8.3411324605031179e-01
1566 -1.1259973140097167e-01 5.1743624239724018e-01 1.0000000000000000e+00
1567 7.4686326568007744e-01 7.4273287370141017e-01 4.4050646273662175e-01
1568 -8.3939351767867443e-01 -5.6015553047709576e-01 1.0000000000000000e+00
1569 -7.2041338701911095e-01 -1.1253365445154692e-01 8.0386798271859028e-01
1570 4.3282516689479067e-01 -1.4369864823108702e-01 7.9166028927663779e-01
1571 4.6798539113712928e-01 5.5591867482351776e-01 7.4461775084922577e-01
1572 -9.1591631416704192e-02 -3.5667027153526251e-02 -5.0120525687249860e-02
1573 5.7662568015260485e-01 6.7100219790231097e-01 6.6587979900797545e-01
1574 8.2685132635302072e-01 1.0000000000000000e+00 5.6271454917369201e-01
1575 -4.1311585938903705e-01 -1.8602706084906059e-01 1.0000000000000000e+00
1576 -3.4059430306938182e-01 -3.3688087156075580e-01 1.0000000000000000e+00
1577 -4.3502073020494081e-01 -1.1811712499540439e-02 1.0000000000000000e+00
1578 7.3162802333478050e-01 -2.2557539531396342e-01 7.5069956372000235e-01
1579 -4.6703506278184453e-01 -1.0639132779969301e-01 8.2228155449201468e-01
1580 7.2915604623845931e-01 2.2915604623845931e-01 1.0000000000000000e+00
1581 7.2380109424491257e-01 -5.1220234359995132e-01 8.2160186615605946e-01
1582 7.3590845087998780e-01 -3.7499027633418683e-02 1.0000000000000000e+00
1583 -3.2767069773612639e-01 -4.3367328985106735e-01 8.4402391563534895e-01
1584 -1.7963345355976498e-01 -4.8929761065535304e-01 1.0000000000000000e+00
1585 5.1602823987478197e-01 2.8119687920845288e-01 1.0000000000000000e+00
1586 7.5000000000000000e-01 4.7915604623845931e-01 1.0000000000000000e+00
1587 1.0000000000000000e+00 -3.6633774729242996e-01 7.2496039942605084e-01
1588 6.3378731017172885e-01 5.9497201737120331e-01 1.0000000000000000e+00
1589 4.6494557535060432e-01 7.4028970501555558e-01 1.0000000000000000e+00
1590 6.2647734881801431e-01 -7.9860145453617348e-01 1.0000000000000000e+00
1591 1.0000000000000000e+00 -1.0000000000000000e+00 6.6959299147129059e-01
1592 -6.4055187737581709e-01 -2.5802952662556700e-01 1.0000000000000000e+00
1593 6.7450244932292891e-01 -4.7457679867909552e-01 5.5783224293577915e-01
1594 1.0000000000000000e+00 -1.0000000000000000e+00 5.0438948720693588e-01
1595 7.8650874269284943e-01 -1.0000000000000000e+00 4.0064355040505895e-01
1596 6.2379544252768104e-01 -7.5894731622421241e-01 3.9280024931026453e-01
1597 -7.3365286075330749e-01 -3.6254637870715856e-01 8.2569081638840303e-01
1598 1.0000000000000000e+00 -8.2100944918235708e-01 5.8699123933911324e-01
1599 1.0000000000000000e+00 -7.5000000000000000e-01 1.0000000000000000e+00
1600 1.0000000000000000e+00 -6.2499999999999989e-01 8.0559134570679136e-01
1601 7.8450637660508449e-01 -1.0000000000000000e+00 7.8767627565911646e-01
$EndNodes
$Elements
8295
1 4 2 0 0 1261 1197 1270 292
2 4 2 0 0 134 1376 889 503
3 4 2 0 0 784 528 1167 1492
4 4 2 0 0 208 190 338 488
5 4 2 0 0 802 429 1009 1080
6 4 2 0 0 701 608 710 1474
7 4 2 0 0 7 27 19 231
8 4 2 0 0 441 235 685 540
9 4 2 0 0 806 1083 1465 275
10 4 2 0 0 867 319 909 1486
11 4 2 0 0 699 382 734 1007
12 4 2 0 0 1285 105 1553 1572
13 4 2 0 0 274 776 1004 1077
14 4 2 0 0 83 86 84 466
15 4 2 0 0 417 770 328 434
16 4 2 0 0 833 222 852 872
17 4 2 0 0 254 364 834 869
18 4 2 0 0 291 563 569 981
19 4 2 0 0 1268 1346 1294 1013
20 4 2 0 0 407 176 491 882
21 4 2 0 0 69 70 517 769
22 4 2 0 0 7 926 209 231
23 4 2 0 0 161 160 454 976
24 4 2 0 0 460 601 768 851
25 4 2 0 0 739 699 821 866
26 4 2 0 0 157 610 789 819
27 4 2 0 0 289 288 329 478
28 4 2 0 0 1041 1067 654 1126
29 4 2 0 0 370 1049 1456 1470
30 4 2 0 0 159 55 538 638
31 4 2 0 0 456 1418 1503 1519
32 4 2 0 0 106 1500 1503 1519
33 4 2 0 0 541 357 704 1082
34 4 2 0 0 404 496 893 1123
35 4 2 0 0 210 199 897 1014
36 4 2 0 0 440 446 493 768
37 4 2 0 0 1563 1542 1573 1588
38 4 2 0 0 706 871 900 1060
39 4 2 0 0 587 954 1201 1245
40 4 2 0 0 33 923 943 1002
41 4 2 0 0 391 184 431 937
42 4 2 0 0 635 1383 1433 1391
43 4 2 0 0 126 191 127 362
44 4 2 0 0 1048 880 1053 1093
45 4 2 0 0 114 157 789 819
46 4 2 0 0 543 299 1488 1504
47 4 2 0 0 325 209 393 473
48 4 2 0 0 760 443 1120 1136
49 4 2 0 0 1432 1569 1556 426
50 4 2 0 0 220 93 511 1196
51 4 2 0 0 65 61 477 507
52 4 2 0 0 149 110 111 206
53 4 2 0 0 347 592 799 951
54 4 2 0 0 952 849 1058 1194
55 4 2 0 0 137 138 353 459
56 4 2 0 0 489 1032 333 1163
57 4 2 0 0 407 474 875 882
58 4 2 0 0 66 570 589 688
59 4 2 0 0 438 935 942 1278
60 4 2 0 0 615 440 627 1165
61 4 2 0 0 132 411 1430 1458
62 4 2 0 0 86 85 455 466
63 4 2 0 0 176 177 407 491
64 4 2 0 0 26 28 503 729
65 4 2 0 0 816 1003 823 667
66 4 2 0 0 297 477 594 595
67 4 2 0 0 554 498 797 1090
68 4 2 0 0 220 93 481 511
69 4 2 0 0 465 560 644 992
70 4 2 0 0 378 440 494 497
71 4 2 0 0 33 35 694 795
72 4 2 0 0 1547 762 1549 1557
73 4 2 0 0 1499 841 1546 1552
74 4 2 0 0 44 140 792 868
75 4 2 0 0 1313 1400 640 1267
76 4 2 0 0 528 1167 1494 1512
77 4 2 0 0 216 736 763 998
78 4 2 0 0 1130 530 1102 1054
79 4 2 0 0 1215 1174 1493 1570
80 4 2 0 0 246 353 354 809
81 4 2 0 0 1130 773 628 1171
82 4 2 0 0 60 660 678 695
83 4 2 0 0 666 645 1164 1174
84 4 2 0 0 870 1021 1104 633
85 4 2 0 0 161 115 648 725
86 4 2 0 0 50 49 447 676
87 4 2 0 0 317 288 786 807
88 4 2 0 0 317 386 582 807
89 4 2 0 0 425 456 781 1519
90 4 2 0 0 133 978 1532 1537
91 4 2 0 0 273 405 542 1228
92 4 2 0 0 706 292 1197 1387
93 4 2 0 0 1049 1442 1356 1456
94 4 2 0 0 302 473 487 679
95 4 2 0 0 1279 979 1127 311
96 4 2 0 0 844 666 1164 1174
97 4 2 0 0 335 440 1201 1221
98 4 2 0 0 148 158 160 206
99 4 2 0 0 794 243 949 1006
100 4 2 0 0 429 436 512 520
101 4 2 0 0 423 306 315 829
102 4 2 0 0 1536 1485 1546 1552
103 4 2 0 0 124 171 295 1417
104 4 2 0 0 297 345 477 579
105 4 2 0 0 402 287 423 1263
106 4 2 0 0 509 512 1127 1315
107 4 2 0 0 247 832 590 250
108 4 2 0 0 610 363 309 945
109 4 2 0 0 281 789 309 610
110 4 2 0 0 652 490 672 1097
111 4 2 0 0 173 365 1026 546
112 4 2 0 0 244 1175 1488 649
113 4 2 0 0 183 416 539 1022
114 4 2 0 0 605 443 962 1105
115 4 2 0 0 1223 686 1249 1359
116 4 2 0 0 1015 767 1253 1386
117 4 2 0 0 1413 1061 376 1356
118 4 2 0 0 301 354 1180 1257
119 4 2 0 0 94 758 930 1050
120 4 2 0 0 532 935 942 1178
121 4 2 0 0 607 318 1220 1247
122 4 2 0 0 330 367 457 472
123 4 2 0 0 61 60 695 1342
124 4 2 0 0 252 337 444 452
125 4 2 0 0 29 751 830 866
126 4 2 0 0 529 271 914 1160
127 4 2 0 0 137 353 647 809
128 4 2 0 0 593 837 317 753
129 4 2 0 0 1038 451 1362 1404
130 4 2 0 0 7 964 542 393
131 4 2 0 0 427 322 450 557
132 4 2 0 0 246 258 530 1119
133 4 2 0 0 1273 1111 1230 1186
134 4 2 0 0 699 750 993 1007
135 4 2 0 0 1136 1052 1149 1164
136 4 2 0 0 71 39 75 312
137 4 2 0 0 309 339 480 1028
138 4 2 0 0 1208 1157 775 380
139 4 2 0 0 635 168 664 802
140 4 2 0 0 270 295 1025 1056
141 4 2 0 0 353 246 575 687
142 4 2 0 0 596 891 1301 1427
143 4 2 0 0 53 334 559 655
144 4 2 0 0 796 634 1546 1536
145 4 2 0 0 310 127 195 684
146 4 2 0 0 330 457 1238 248
147 4 2 0 0 844 200 1389 1548
148 4 2 0 0 254 454 819 834
149 4 2 0 0 59 66 589 688
150 4 2 0 0 585 448 1159 1203
151 4 2 0 0 1164 1105 1136 524
152 4 2 0 0 799 1376 1144 303
153 4 2 0 0 573 1149 932 1164
154 4 2 0 0 446 378 483 502
155 4 2 0 0 34 353 600 647
156 4 2 0 0 511 481 1115 1196
157 4 2 0 0 175 403 1023 637
158 4 2 0 0 71 181 72 356
159 4 2 0 0 33 453 943 795
160 4 2 0 0 485 672 1218 1487
161 4 2 0 0 367 167 1220 1308
162 4 2 0 0 659 966 1161 1396
163 4 2 0 0 1535 1119 1130 555
164 4 2 0 0 596 414 1429 1434
165 4 2 0 0 1596 1593 1419 903
166 4 2 0 0 848 847 1427 1434
167 4 2 0 0 477 507 695 1237
168 4 2 0 0 936 856 1406 1431
169 4 2 0 0 446 322 483 493
170 4 2 0 0 334 374 478 655
171 4 2 0 0 486 245 1444 1556
172 4 2 0 0 389 264 405 449
173 4 2 0 0 1164 1052 844 1136
174 4 2 0 0 1348 1256 1219 613
175 4 2 0 0 30 25 31 308
176 4 2 0 0 115 161 454 725
177 4 2 0 0 809 485 1017 1480
178 4 2 0 0 362 129 850 1088
179 4 2 0 0 652 672 1082 1097
180 4 2 0 0 326 1308 1339 1341
181 4 2 0 0 359 1181 576 588
182 4 2 0 0 924 416 1008 1029
183 4 2 0 0 211 602 1217 1241
184 4 2 0 0 74 79 78 552
185 4 2 0 0 59 66 157 508
186 4 2 0 0 470 832 247 887
187 4 2 0 0 514 1107 1542 1563
188 4 2 0 0 1279 510 979 537
189 4 2 0 0 454 309 725 1028
190 4 2 0 0 293 254 364 494
191 4 2 0 0 351 242 1306 1415
192 4 2 0 0 290 378 446 502
193 4 2 0 0 347 332 737 799
194 4 2 0 0 91 545 780 804
195 4 2 0 0 782 578 840 1090
196 4 2 0 0 497 494 1187 1201
197 4 2 0 0 73 167 166 376
198 4 2 0 0 405 1351 542 1228
199 4 2 0 0 724 1163 489 333
200 4 2 0 0 620 200 760 1119
201 4 2 0 0 729 699 739 750
202 4 2 0 0 703 359 1123 1314
203 4 2 0 0 511 484 1083 1115
204 4 2 0 0 491 315 566 653
205 4 2 0 0 402 243 624 1094
206 4 2 0 0 873 881 905 1172
207 4 2 0 0 191 127 362 500
208 4 2 0 0 151 392 664 1035
209 4 2 0 0 279 353 575 687
210 4 2 0 0 1083 511 1301 1434
211 4 2 0 0 162 74 636 980
212 4 2 0 0 438 509 564 604
213 4 2 0 0 912 849 952 1194
214 4 2 0 0 1059 1202 404 698
215 4 2 0 0 373 504 729 861
216 4 2 0 0 614 573 645 803
217 4 2 0 0 1543 1558 1509 1531
218 4 2 0 0 713 1480 1218 1487
219 4 2 0 0 553 625 904 1439
220 4 2 0 0 435 490 556 744
221 4 2 0 0 215 199 339 480
222 4 2 0 0 13 397 805 1089
223 4 2 0 0 332 347 592 799
224 4 2 0 0 41 591 626 913
225 4 2 0 0 792 868 885 918
226 4 2 0 0 837 593 317 527
227 4 2 0 0 428 706 1154 1197
228 4 2 0 0 132 131 704 817
229 4 2 0 0 758 839 896 930
230 4 2 0 0 89 9 481 657
231 4 2 0 0 1432 1569 1447 1597
232 4 2 0 0 1002 33 1031 1071
233 4 2 0 0 836 408 1186 1312
234 4 2 0 0 142 416 924 1029
235 4 2 0 0 562 438 564 604
236 4 2 0 0 753 593 778 846
237 4 2 0 0 1481 672 1487 1505
238 4 2 0 0 1508 108 1518 1526
239 4 2 0 0 1129 697 1135 1325
240 4 2 0 0 1330 878 1380 1444
241 4 2 0 0 721 754 839 1204
242 4 2 0 0 352 294 519 776
243 4 2 0 0 335 460 768 1044
244 4 2 0 0 736 497 998 1201
245 4 2 0 0 776 519 1109 1408
246 4 2 0 0 651 495 147 493
247 4 2 0 0 660 1103 1309 1336
248 4 2 0 0 129 15 208 338
249 4 2 0 0 595 632 660 1003
250 4 2 0 0 468 485 672 1218
251 4 2 0 0 232 222 812 833
252 4 2 0 0 990 732 1122 1213
253 4 2 0 0 1243 613 1249 1348
254 4 2 0 0 257 281 309 831
255 4 2 0 0 791 649 1175 1206
256 4 2 0 0 312 353 399 575
257 4 2 0 0 289 329 374 478
258 4 2 0 0 143 72 181 207
259 4 2 0 0 387 382 551 745
260 4 2 0 0 764 1471 1495 1423
261 4 2 0 0 592 278 735 1358
262 4 2 0 0 152 112 983 1001
263 4 2 0 0 669 445 465 103
264 4 2 0 0 745 739 751 866
265 4 2 0 0 1249 1242 1344 1348
266 4 2 0 0 1524 1446 1544 658
267 4 2 0 0 80 1033 82 365
268 4 2 0 0 446 378 447 483
269 4 2 0 0 497 763 998 1070
270 4 2 0 0 930 999 1039 1074
271 4 2 0 0 779 693 857 886
272 4 2 0 0 247 585 590 891
273 4 2 0 0 1022 183 1025 1051
274 4 2 0 0 289 321 753 807
275 4 2 0 0 724 222 872 1178
276 4 2 0 0 212 782 840 1189
277 4 2 0 0 399 138 646 985
278 4 2 0 0 1202 1059 404 1370
279 4 2 0 0 775 1197 1261 925
280 4 2 0 0 437 390 466 912
281 4 2 0 0 1332 1182 1452 1553
282 4 2 0 0 34 38 39 256
283 4 2 0 0 497 224 1070 1187
284 4 2 0 0 1007 371 1036 1093
285 4 2 0 0 438 433 562 935
286 4 2 0 0 187 330 367 457
287 4 2 0 0 176 119 882 898
288 4 2 0 0 6 5 189 531
289 4 2 0 0 687 221 761 856
290 4 2 0 0 168 117 520 802
291 4 2 0 0 645 614 666 1095
292 4 2 0 0 187 80 330 682
293 4 2 0 0 150 147 651 787
294 4 2 0 0 313 1237 1336 1372
295 4 2 0 0 37 67 228 1151
296 4 2 0 0 53 159 158 334
297 4 2 0 0 465 644 669 992
298 4 2 0 0 314 367 410 472
299 4 2 0 0 114 206 403 834
300 4 2 0 0 906 586 1084 581
301 4 2 0 0 198 617 1192 1241
302 4 2 0 0 282 589 641 688
303 4 2 0 0 265 832 1084 1211
304 4 2 0 0 590 250 832 975
305 4 2 0 0 355 305 1049 1278
306 4 2 0 0 317 386 418 582
307 4 2 0 0 513 113 206 222
308 4 2 0 0 162 73 874 1274
309 4 2 0 0 389 1176 1262 1518
310 4 2 0 0 246 252 354 432
311 4 2 0 0 238 468 485 1097
312 4 2 0 0 1515 304 1570 1582
313 4 2 0 0 462 719 805 917
314 4 2 0 0 573 645 666 1095
315 4 2 0 0 1186 1099 408 677
316 4 2 0 0 868 738 885 918
317 4 2 0 0 188 295 1025 1391
318 4 2 0 0 505 70 779 1394
319 4 2 0 0 199 339 480 1357
320 4 2 0 0 743 1055 380 382
321 4 2 0 0 139 143 144 1151
322 4 2 0 0 321 386 406 518
323 4 2 0 0 1090 212 1189 877
324 4 2 0 0 1068 1049 1278 1470
325 4 2 0 0 1507 889 134 136
326 4 2 0 0 405 389 449 1228
327 4 2 0 0 588 335 615 893
328 4 2 0 0 923 1002 1132 1152
329 4 2 0 0 408 863 1099 1230
330 4 2 0 0 990 243 1006 1122
331 4 2 0 0 542 273 1228 1351
332 4 2 0 0 619 1522 336 1167
333 4 2 0 0 697 448 867 954
334 4 2 0 0 337 303 347 1144
335 4 2 0 0 609 693 1405 1435
336 4 2 0 0 175 306 570 637
337 4 2 0 0 1176 1200 1228 1262
338 4 2 0 0 257 253 339 499
339 4 2 0 0 137 354 459 809
340 4 2 0 0 1478 1418 1497 1530
341 4 2 0 0 1291 298 1581 1587
342 4 2 0 0 40 72 227 256
343 4 2 0 0 429 1009 1456 1470
344 4 2 0 0 634 784 1485 1523
345 4 2 0 0 186 123 410 464
346 4 2 0 0 1402 981 487 776
347 4 2 0 0 1249 613 1260 1348
348 4 2 0 0 178 175 232 623
349 4 2 0 0 391 399 607 1168
350 4 2 0 0 1160 533 369 271
351 4 2 0 0 591 47 1158 1399
352 4 2 0 0 439 340 518 778
353 4 2 0 0 84 36 395 621
354 4 2 0 0 1162 1189 916 982
355 4 2 0 0 124 123 546 673
356 4 2 0 0 534 1073 1116 1483
357 4 2 0 0 314 43 375 417
358 4 2 0 0 189 691 917 953
359 4 2 0 0 1080 520 1411 1424
360 4 2 0 0 49 147 483 651
361 4 2 0 0 844 666 1174 1408
362 4 2 0 0 439 155 824 1294
363 4 2 0 0 238 468 923 1031
364 4 2 0 0 314 43 417 606
365 4 2 0 0 1045 1047 1210 1573
366 4 2 0 0 706 428 727 1060
367 4 2 0 0 295 270 635 959
368 4 2 0 0 23 752 1100 1111
369 4 2 0 0 63 57 64 527
370 4 2 0 0 391 399 985 1422
371 4 2 0 0 750 425 978 993
372 4 2 0 0 79 78 391 696
373 4 2 0 0 67 143 176 228
374 4 2 0 0 681 342 455 817
375 4 2 0 0 174 65 579 718
376 4 2 0 0 670 1008 270 232
377 4 2 0 0 1541 1554 1555 1568
378 4 2 0 0 1247 326 1267 1331
379 4 2 0 0 72 40 39 256
380 4 2 0 0 72 181 207 227
381 4 2 0 0 529 346 629 662
382 4 2 0 0 465 289 639 944
383 4 2 0 0 194 563 569 642
384 4 2 0 0 1355 598 417 43
385 4 2 0 0 867 697 1129 1486
386 4 2 0 0 489 356 532 793
387 4 2 0 0 491 177 653 670
388 4 2 0 0 516 285 677 995
389 4 2 0 0 194 291 563 642
390 4 2 0 0 178 232 833 872
391 4 2 0 0 1074 982 571 999
392 4 2 0 0 1057 826 685 941
393 4 2 0 0 29 708 745 866
394 4 2 0 0 1411 1382 1413 1424
395 4 2 0 0 580 1256 1281 1305
396 4 2 0 0 42 974 44 664
397 4 2 0 0 1501 133 1532 1537
398 4 2 0 0 288 433 555 935
399 4 2 0 0 386 321 582 807
400 4 2 0 0 572 70 1369 718
401 4 2 0 0 522 238 923 1173
402 4 2 0 0 517 69 769 1121
403 4 2 0 0 193 209 231 325
404 4 2 0 0 7 30 27 231
405 4 2 0 0 563 291 569 642
406 4 2 0 0 515 772 1055 1214
407 4 2 0 0 159 53 55 334
408 4 2 0 0 392 151 802 1477
409 4 2 0 0 1061 166 1397 1410
410 4 2 0 0 339 378 1028 257
411 4 2 0 0 416 539 1022 1029
412 4 2 0 0 922 1361 1366 632
413 4 2 0 0 520 1287 1339 1364
414 4 2 0 0 927 711 797 90
415 4 2 0 0 783 227 207 842
416 4 2 0 0 1508 862 1332 135
417 4 2 0 0 399 305 558 1046
418 4 2 0 0 333 489 532 793
419 4 2 0 0 1096 1309 1340 1372
420 4 2 0 0 943 453 1152 1231
421 4 2 0 0 113 160 158 206
422 4 2 0 0 1339 326 1341 1364
423 4 2 0 0 173 80 82 365
424 4 2 0 0 322 427 450 685
425 4 2 0 0 72 181 227 356
426 4 2 0 0 473 393 542 964
427 4 2 0 0 137 353 646 647
428 4 2 0 0 202 766 878 1271
429 4 2 0 0 1068 1302 438 1278
430 4 2 0 0 1099 1098 1111 1205
431 4 2 0 0 732 723 1122 1213
432 4 2 0 0 295 549 1026 1056
433 4 2 0 0 549 869 959 364
434 4 2 0 0 269 399 432 558
435 4 2 0 0 714 1213 723 732
436 4 2 0 0 424 130 500 707
437 4 2 0 0 473 302 542 1012
438 4 2 0 0 1461 1323 1412 609
439 4 2 0 0 270 206 521 959
440 4 2 0 0 334 235 559 655
441 4 2 0 0 221 349 687 1476
442 4 2 0 0 378 339 499 257
443 4 2 0 0 705 951 592 302
444 4 2 0 0 26 28 729 830
445 4 2 0 0 357 541 704 989
446 4 2 0 0 110 109 611 683
447 4 2 0 0 41 47 46 591
448 4 2 0 0 354 301 809 1480
449 4 2 0 0 189 6 531 953
450 4 2 0 0 292 1048 1179 1270
451 4 2 0 0 849 653 912 952
452 4 2 0 0 131 132 704 1458
453 4 2 0 0 1439 1498 101 1232
454 4 2 0 0 154 222 812 113
455 4 2 0 0 583 299 1175 1539
456 4 2 0 0 364 293 494 1091
457 4 2 0 0 368 687 1116 1476
458 4 2 0 0 668 100 757 822
459 4 2 0 0 251 385 395 474
460 4 2 0 0 513 222 521 562
461 4 2 0 0 568 486 747 820
462 4 2 0 0 154 506 508 833
463 4 2 0 0 1262 1098 862 1176
464 4 2 0 0 436 1341 1355 1364
465 4 2 0 0 335 698 1027 1044
466 4 2 0 0 228 176 882 898
467 4 2 0 0 50 148 158 160
468 4 2 0 0 232 623 670 1008
469 4 2 0 0 30 31 231 325
470 4 2 0 0 459 246 354 432
471 4 2 0 0 452 389 1262 1518
472 4 2 0 0 401 329 433 513
473 4 2 0 0 477 65 507 572
474 4 2 0 0 804 630 1571 888
475 4 2 0 0 297 219 477 595
476 4 2 0 0 409 652 764 1454
477 4 2 0 0 822 668 998 736
478 4 2 0 0 254 566 829 967
479 4 2 0 0 881 873 905 1596
480 4 2 0 0 15 352 488 1466
481 4 2 0 0 39 72 256 312
482 4 2 0 0 378 440 447 494
483 4 2 0 0 32 31 308 799
484 4 2 0 0 437 849 912 1033
485 4 2 0 0 627 145 885 1001
486 4 2 0 0 1116 225 1457 1476
487 4 2 0 0 1404 451 1389 844
488 4 2 0 0 109 145 611 627
489 4 2 0 0 842 279 1451 948
490 4 2 0 0 602 1195 1217 1241
491 4 2 0 0 606 576 863 1235
492 4 2 0 0 163 74 78 636
493 4 2 0 0 416 461 1008 1029
494 4 2 0 0 190 126 208 362
495 4 2 0 0 516 300 910 1310
496 4 2 0 0 603 775 925 938
497 4 2 0 0 743 1055 1261 380
498 4 2 0 0 114 160 206 834
499 4 2 0 0 243 624 1041 1126
500 4 2 0 0 160 113 114 206
501 4 2 0 0 1213 970 366 990
502 4 2 0 0 410 170 567 663
503 4 2 0 0 253 283 309 339
504 4 2 0 0 148 149 158 206
505 4 2 0 0 340 116 439 648
506 4 2 0 0 29 27 813 830
507 4 2 0 0 208 240 569 910
508 4 2 0 0 671 451 1363 1579
509 4 2 0 0 147 447 493 683
510 4 2 0 0 24 1228 1265 1351
511 4 2 0 0 226 658 888 1354
512 4 2 0 0 363 922 1013 1346
513 4 2 0 0 49 147 447 483
514 4 2 0 0 196 231 384 471
515 4 2 0 0 257 253 309 339
516 4 2 0 0 550 1569 1441 92
517 4 2 0 0 878 568 1266 1271
518 4 2 0 0 294 1038 1335 1584
519 4 2 0 0 1303 459 1422 1472
520 4 2 0 0 342 455 817 988
521 4 2 0 0 1284 389 1297 1518
522 4 2 0 0 378 290 497 499
523 4 2 0 0 192 128 707 884
524 4 2 0 0 317 418 544 582
525 4 2 0 0 355 270 461 801
526 4 2 0 0 740 571 982 999
527 4 2 0 0 165 184 431 682
528 4 2 0 0 335 588 615 1150
529 4 2 0 0 541 704 1079 1082
530 4 2 0 0 138 353 399 646
531 4 2 0 0 438 509 604 968
532 4 2 0 0 1171 773 1193 1535
533 4 2 0 0 487 1321 278 1316
534 4 2 0 0 834 206 869 959
535 4 2 0 0 341 599 1296 1311
536 4 2 0 0 206 232 869 1056
537 4 2 0 0 84 395 466 621
538 4 2 0 0 589 345 594 641
539 4 2 0 0 252 444 1518 452
540 4 2 0 0 83 912 1087 1194
541 4 2 0 0 80 1033 365 437
542 4 2 0 0 796 870 1536 1546
543 4 2 0 0 29 231 603 813
544 4 2 0 0 303 273 308 1265
545 4 2 0 0 386 406 518 778
546 4 2 0 0 290 763 104 1306
547 4 2 0 0 333 266 532 1178
548 4 2 0 0 353 246 432 558
549 4 2 0 0 556 409 764 1454
550 4 2 0 0 297 243 794 990
551 4 2 0 0 693 700 1394 1405
552 4 2 0 0 492 568 772 820
553 4 2 0 0 590 788 250 975
554 4 2 0 0 770 605 962 1400
555 4 2 0 0 315 251 829 967
556 4 2 0 0 1026 365 1033 320
557 4 2 0 0 776 746 1004 1236
558 4 2 0 0 85 165 184 431
559 4 2 0 0 367 186 410 464
560 4 2 0 0 1219 255 1305 1348
561 4 2 0 0 415 583 796 988
562 4 2 0 0 1204 463 1327 1329
563 4 2 0 0 1089 1115 515 1208
564 4 2 0 0 613 722 1243 1249
565 4 2 0 0 68 395 407 940
566 4 2 0 0 823 283 922 363
567 4 2 0 0 368 620 687 1476
568 4 2 0 0 861 727 1011 1060
569 4 2 0 0 40 72 39 853
570 4 2 0 0 84 83 466 1087
571 4 2 0 0 378 290 499 502
572 4 2 0 0 290 378 497 774
573 4 2 0 0 353 246 687 809
574 4 2 0 0 294 519 1038 1295
575 4 2 0 0 697 1129 1135 1188
576 4 2 0 0 155 57 593 778
577 4 2 0 0 113 513 206 158
578 4 2 0 0 240 310 360 516
579 4 2 0 0 666 932 1149 1164
580 4 2 0 0 1379 768 1044 698
581 4 2 0 0 706 821 861 1113
582 4 2 0 0 1431 1258 197 207
583 4 2 0 0 123 171 170 673
584 4 2 0 0 692 482 754 1327
585 4 2 0 0 319 710 841 1474
586 4 2 0 0 443 213 962 1105
587 4 2 0 0 322 261 685 1059
588 4 2 0 0 1177 200 1534 1564
589 4 2 0 0 668 553 822 904
590 4 2 0 0 129 338 362 850
591 4 2 0 0 485 1218 1480 1487
592 4 2 0 0 893 359 963 1027
593 4 2 0 0 832 250 887 1065
594 4 2 0 0 530 532 777 793
595 4 2 0 0 1027 963 1078 1345
596 4 2 0 0 455 259 928 988
597 4 2 0 0 1104 420 1147 1536
598 4 2 0 0 517 724 872 1178
599 4 2 0 0 1015 532 333 266
600 4 2 0 0 279 353 687 809
601 4 2 0 0 750 409 781 1007
602 4 2 0 0 33 923 1002 1031
603 4 2 0 0 276 368 1073 1483
604 4 2 0 0 798 460 1042 1044
605 4 2 0 0 388 490 785 950
606 4 2 0 0 50 52 676 976
607 4 2 0 0 1288 479 1358 1300
608 4 2 0 0 378 454 976 1028
609 4 2 0 0 285 963 995 1133
610 4 2 0 0 389 422 1125 1284
611 4 2 0 0 406 57 778 837
612 4 2 0 0 1495 106 1503 1530
613 4 2 0 0 1214 515 237 1115
614 4 2 0 0 485 536 1000 1017
615 4 2 0 0 434 436 512 1117
616 4 2 0 0 219 1067 754 741
617 4 2 0 0 110 149 148 206
618 4 2 0 0 605 328 1024 1105
619 4 2 0 0 856 973 936 1406
620 4 2 0 0 131 817 928 1250
621 4 2 0 0 39 40 34 256
622 4 2 0 0 170 46 567 626
623 4 2 0 0 501 1055 1115 1208
624 4 2 0 0 185 635 664 665
625 4 2 0 0 1027 798 1044 1374
626 4 2 0 0 300 722 903 910
627 4 2 0 0 252 246 368 760
628 4 2 0 0 301 490 744 1073
629 4 2 0 0 1329 618 1457 1476
630 4 2 0 0 754 219 463 721
631 4 2 0 0 16 500 656 850
632 4 2 0 0 1098 649 1099 1100
633 4 2 0 0 448 247 895 1203
634 4 2 0 0 156 115 675 1294
635 4 2 0 0 372 1404 1295 1038
636 4 2 0 0 612 916 982 1196
637 4 2 0 0 358 236 548 838
638 4 2 0 0 445 560 617 644
639 4 2 0 0 73 77 376 1274
640 4 2 0 0 347 368 814 977
641 4 2 0 0 384 380 805 1300
642 4 2 0 0 711 654 554 797
643 4 2 0 0 364 320 869 909
644 4 2 0 0 799 965 705 592
645 4 2 0 0 1327 1412 1329 463
646 4 2 0 0 1036 373 1113 1154
647 4 2 0 0 40 72 207 227
648 4 2 0 0 50 149 53 158
649 4 2 0 0 149 50 148 158
650 4 2 0 0 622 482 629 855
651 4 2 0 0 751 739 830 866
652 4 2 0 0 243 624 1126 1184
653 4 2 0 0 329 334 374 478
654 4 2 0 0 109 147 493 683
655 4 2 0 0 1017 485 1218 1480
656 4 2 0 0 273 264 389 921
657 4 2 0 0 423 829 1065 1263
658 4 2 0 0 489 333 532 724
659 4 2 0 0 448 268 867 901
660 4 2 0 0 653 177 940 952
661 4 2 0 0 965 479 332 708
662 4 2 0 0 125 193 384 679
663 4 2 0 0 31 30 308 705
664 4 2 0 0 217 782 1110 883
665 4 2 0 0 1136 1120 1105 443
666 4 2 0 0 500 720 1255 1259
667 4 2 0 0 27 31 29 231
668 4 2 0 0 93 481 511 1196
669 4 2 0 0 773 658 888 1193
670 4 2 0 0 373 729 993 1113
671 4 2 0 0 1140 1262 24 22
672 4 2 0 0 315 251 395 474
673 4 2 0 0 86 83 85 466
674 4 2 0 0 784 1289 1099 863
675 4 2 0 0 285 677 963 1148
676 4 2 0 0 315 407 491 882
677 4 2 0 0 130 424 500 827
678 4 2 0 0 409 652 781 1153
679 4 2 0 0 875 228 969 1244
680 4 2 0 0 111 149 562 574
681 4 2 0 0 397 396 805 1089
682 4 2 0 0 292 1036 1048 1093
683 4 2 0 0 567 619 1155 1234
684 4 2 0 0 278 471 679 1300
685 4 2 0 0 754 482 1204 1327
686 4 2 0 0 400 219 595 632
687 4 2 0 0 849 1033 1058 1194
688 4 2 0 0 463 721 1185 1204
689 4 2 0 0 1277 64 1309 1340
690 4 2 0 0 654 711 1069 741
691 4 2 0 0 382 1248 866 743
692 4 2 0 0 614 381 645 1570
693 4 2 0 0 729 734 503 750
694 4 2 0 0 1070 224 1084 1187
695 4 2 0 0 1047 1563 1567 1573
696 4 2 0 0 985 248 1297 1307
697 4 2 0 0 1083 501 1115 1208
698 4 2 0 0 284 382 479 1055
699 4 2 0 0 49 51 450 483
700 4 2 0 0 389 640 921 1118
701 4 2 0 0 238 522 714 1173
702 4 2 0 0 236 358 639 804
703 4 2 0 0 715 276 737 744
704 4 2 0 0 266 288 317 628
705 4 2 0 0 822 285 994 1010
706 4 2 0 0 965 479 1358 332
707 4 2 0 0 429 392 802 1477
708 4 2 0 0 677 752 1099 1100
709 4 2 0 0 15 208 338 488
710 4 2 0 0 122 890 936 1128
711 4 2 0 0 175 403 637 570
712 4 2 0 0 1447 1450 1555 1597
713 4 2 0 0 397 462 805 917
714 4 2 0 0 90 233 711 797
715 4 2 0 0 264 932 1209 1227
716 4 2 0 0 1080 1411 1413 1424
717 4 2 0 0 191 17 192 656
718 4 2 0 0 473 291 487 563
719 4 2 0 0 465 236 804 911
720 4 2 0 0 760 200 844 1136
721 4 2 0 0 342 385 541 694
722 4 2 0 0 811 763 104 499
723 4 2 0 0 204 203 294 876
724 4 2 0 0 360 394 516 752
725 4 2 0 0 876 1335 1583 1584
726 4 2 0 0 367 314 375 472
727 4 2 0 0 219 400 595 624
728 4 2 0 0 70 505 507 1394
729 4 2 0 0 455 86 466 621
730 4 2 0 0 265 402 641 845
731 4 2 0 0 89 1115 237 515
732 4 2 0 0 571 534 820 950
733 4 2 0 0 314 784 1289 1523
734 4 2 0 0 904 822 994 996
735 4 2 0 0 427 617 644 669
736 4 2 0 0 329 289 340 753
737 4 2 0 0 1262 1098 1233 862
738 4 2 0 0 66 157 508 1023
739 4 2 0 0 840 818 883 1062
740 4 2 0 0 454 725 976 1028
741 4 2 0 0 672 1079 1082 1097
742 4 2 0 0 215 538 557 1057
743 4 2 0 0 1081 902 1438 1439
744 4 2 0 0 153 87 984 1142
745 4 2 0 0 657 13 879 1089
746 4 2 0 0 1103 141 1277 1336
747 4 2 0 0 444 252 1518 432
748 4 2 0 0 652 409 781 1454
749 4 2 0 0 919 21 1076 1100
750 4 2 0 0 519 1004 1038 1404
751 4 2 0 0 971 1236 981 1227
752 4 2 0 0 378 483 502 676
753 4 2 0 0 276 347 737 1180
754 4 2 0 0 65 66 570 589
755 4 2 0 0 1340 1096 1372 1375
756 4 2 0 0 127 192 128 707
757 4 2 0 0 208 15 352 488
758 4 2 0 0 542 302 951 1012
759 4 2 0 0 1040 880 1048 1093
760 4 2 0 0 890 467 898 1369
761 4 2 0 0 357 1082 1191 1440
762 4 2 0 0 289 321 340 753
763 4 2 0 0 573 449 931 932
764 4 2 0 0 516 413 1207 1310
765 4 2 0 0 602 601 617 1241
766 4 2 0 0 728 1264 1298 1313
767 4 2 0 0 443 558 1298 1313
768 4 2 0 0 47 619 689 907
769 4 2 0 0 458 383 465 709
770 4 2 0 0 724 121 232 801
771 4 2 0 0 482 622 692 855
772 4 2 0 0 191 18 656 850
773 4 2 0 0 137 1475 1480 1487
774 4 2 0 0 201 1199 1207 1229
775 4 2 0 0 927 711 90 908
776 4 2 0 0 1469 107 1502 1507
777 4 2 0 0 35 36 621 795
778 4 2 0 0 1439 1498 1232 1081
779 4 2 0 0 621 681 86 35
780 4 2 0 0 33 37 923 1151
781 4 2 0 0 711 927 554 908
782 4 2 0 0 1297 432 1518 389
783 4 2 0 0 83 84 987 1087
784 4 2 0 0 390 466 912 940
785 4 2 0 0 115 648 675 1294
786 4 2 0 0 195 126 127 240
787 4 2 0 0 923 1031 1151 1173
788 4 2 0 0 211 602 669 726
789 4 2 0 0 792 44 868 918
790 4 2 0 0 998 1070 1438 1455
791 4 2 0 0 551 734 750 889
792 4 2 0 0 85 83 437 466
793 4 2 0 0 431 85 455 937
794 4 2 0 0 882 228 898 969
795 4 2 0 0 119 175 120 306
796 4 2 0 0 1058 270 1022 1025
797 4 2 0 0 115 114 156 789
798 4 2 0 0 60 58 282 823
799 4 2 0 0 991 234 1467 1528
800 4 2 0 0 131 704 1250 1458
801 4 2 0 0 510 434 979 1124
802 4 2 0 0 1145 1072 1171 1177
803 4 2 0 0 503 28 734 739
804 4 2 0 0 1287 326 1339 1364
805 4 2 0 0 37 875 943 1244
806 4 2 0 0 72 256 312 356
807 4 2 0 0 229 288 433 555
808 4 2 0 0 556 551 889 1020
809 4 2 0 0 389 452 1262 1265
810 4 2 0 0 1341 326 1355 1364
811 4 2 0 0 482 1102 1130 1145
812 4 2 0 0 318 248 457 472
813 4 2 0 0 131 643 928 1064
814 4 2 0 0 347 276 737 747
815 4 2 0 0 261 322 768 1059
816 4 2 0 0 382 409 551 734
817 4 2 0 0 172 80 365 420
818 4 2 0 0 392 436 598 1117
819 4 2 0 0 303 25 1376 1377
820 4 2 0 0 23 8 394 405
821 4 2 0 0 699 729 739 821
822 4 2 0 0 309 283 363 675
823 4 2 0 0 253 339 499 1368
824 4 2 0 0 157 403 812 1023
825 4 2 0 0 33 923 1031 1151
826 4 2 0 0 300 360 516 910
827 4 2 0 0 75 38 79 312
828 4 2 0 0 119 177 176 491
829 4 2 0 0 1137 331 1146 1379
830 4 2 0 0 342 455 466 621
831 4 2 0 0 554 711 908 1069
832 4 2 0 0 181 227 356 489
833 4 2 0 0 440 494 1201 1221
834 4 2 0 0 237 1115 1196 1214
835 4 2 0 0 247 470 887 954
836 4 2 0 0 184 391 431 457
837 4 2 0 0 78 74 552 636
838 4 2 0 0 427 644 941 992
839 4 2 0 0 118 367 1425 1426
840 4 2 0 0 275 484 1083 1465
841 4 2 0 0 107 444 1472 1473
842 4 2 0 0 658 226 888 1343
843 4 2 0 0 847 720 848 1222
844 4 2 0 0 1516 1572 643 412
845 4 2 0 0 235 334 478 655
846 4 2 0 0 544 582 628 317
847 4 2 0 0 487 1402 1407 488
848 4 2 0 0 268 867 909 1486
849 4 2 0 0 759 1367 1373 1560
850 4 2 0 0 368 620 1476 1483
851 4 2 0 0 256 312 575 600
852 4 2 0 0 490 409 652 764
853 4 2 0 0 565 248 985 1307
854 4 2 0 0 232 222 833 872
855 4 2 0 0 425 373 978 993
856 4 2 0 0 829 254 901 1065
857 4 2 0 0 137 138 459 1472
858 4 2 0 0 1533 583 988 796
859 4 2 0 0 83 437 466 912
860 4 2 0 0 329 334 433 513
861 4 2 0 0 1256 1219 1281 1305
862 4 2 0 0 151 635 664 802
863 4 2 0 0 1376 1020 136 1378
864 4 2 0 0 400 816 845 667
865 4 2 0 0 654 554 955 1050
866 4 2 0 0 31 27 30 231
867 4 2 0 0 236 458 465 709
868 4 2 0 0 614 903 1419 1593
869 4 2 0 0 152 664 974 1035
870 4 2 0 0 899 1431 1437 1451
871 4 2 0 0 163 78 391 1168
872 4 2 0 0 1024 1256 510 1281
873 4 2 0 0 752 1099 1100 1111
874 4 2 0 0 352 903 981 1095
875 4 2 0 0 699 1036 1113 1248
876 4 2 0 0 167 73 77 376
877 4 2 0 0 78 79 391 399
878 4 2 0 0 1108 1542 1563 1586
879 4 2 0 0 57 64 527 837
880 4 2 0 0 21 727 919 1076
881 4 2 0 0 356 312 552 777
882 4 2 0 0 284 409 490 551
883 4 2 0 0 190 208 338 362
884 4 2 0 0 1119 1535 1130 1072
885 4 2 0 0 566 403 637 869
886 4 2 0 0 1515 1493 1517 1570
887 4 2 0 0 1518 252 452 389
888 4 2 0 0 368 451 814 977
889 4 2 0 0 101 625 848 1429
890 4 2 0 0 203 76 204 294
891 4 2 0 0 390 437 849 912
892 4 2 0 0 1020 737 1144 1180
893 4 2 0 0 39 72 143 853
894 4 2 0 0 634 244 784 1523
895 4 2 0 0 517 886 1163 1253
896 4 2 0 0 552 636 1046 1168
897 4 2 0 0 792 966 48 145
898 4 2 0 0 804 343 1193 1562
899 4 2 0 0 8 394 405 642
900 4 2 0 0 494 293 887 1221
901 4 2 0 0 857 779 70 572
902 4 2 0 0 1332 1452 1508 1526
903 4 2 0 0 377 406 1103 1268
904 4 2 0 0 387 332 799 1388
905 4 2 0 0 370 1049 1061 1456
906 4 2 0 0 232 206 403 1023
907 4 2 0 0 364 494 611 1091
908 4 2 0 0 169 186 314 375
909 4 2 0 0 306 491 566 637
910 4 2 0 0 116 329 340 846
911 4 2 0 0 2 296 529 771
912 4 2 0 0 523 957 1266 1288
913 4 2 0 0 1506 1504 796 415
914 4 2 0 0 400 632 1003 1086
915 4 2 0 0 139 854 1031 1151
916 4 2 0 0 1266 735 1321 1358
917 4 2 0 0 1194 912 1033 164
918 4 2 0 0 520 429 802 1080
919 4 2 0 0 308 542 1012 1351
920 4 2 0 0 219 313 1421 1461
921 4 2 0 0 300 613 722 1243
922 4 2 0 0 62 57 527 593
923 4 2 0 0 635 270 939 1009
924 4 2 0 0 249 299 762 894
925 4 2 0 0 189 531 691 953
926 4 2 0 0 118 1308 1411 1425
927 4 2 0 0 1158 659 1161 1396
928 4 2 0 0 691 679 884 523
929 4 2 0 0 1081 1232 1438 1489
930 4 2 0 0 907 703 1123 1314
931 4 2 0 0 76 204 294 352
932 4 2 0 0 1399 1381 929 1396
933 4 2 0 0 1120 1136 1105 524
934 4 2 0 0 472 330 1523 1529
935 4 2 0 0 601 351 851 1306
936 4 2 0 0 288 317 628 807
937 4 2 0 0 557 427 644 1057
938 4 2 0 0 475 700 769 779
939 4 2 0 0 1170 1213 522 366
940 4 2 0 0 495 322 790 1059
941 4 2 0 0 440 446 447 493
942 4 2 0 0 20 195 360 892
943 4 2 0 0 315 306 566 829
944 4 2 0 0 248 330 457 472
945 4 2 0 0 450 446 557 322
946 4 2 0 0 270 416 461 1008
947 4 2 0 0 581 224 1084 1409
948 4 2 0 0 182 272 937 960
949 4 2 0 0 287 306 403 570
950 4 2 0 0 25 308 1034 1351
951 4 2 0 0 286 314 375 417
952 4 2 0 0 1312 1273 836 422
953 4 2 0 0 474 875 882 969
954 4 2 0 0 1061 1049 1356 1456
955 4 2 0 0 1529 634 1533 1550
956 4 2 0 0 876 294 1335 1584
957 4 2 0 0 424 130 707 879
958 4 2 0 0 358 639 773 807
959 4 2 0 0 407 315 491 653
960 4 2 0 0 615 496 659 893
961 4 2 0 0 582 482 622 692
962 4 2 0 0 740 612 982 1196
963 4 2 0 0 264 405 931 971
964 4 2 0 0 1058 1022 416 183
965 4 2 0 0 193 926 196 231
966 4 2 0 0 1049 1442 1456 1470
967 4 2 0 0 167 376 1220 1339
968 4 2 0 0 30 7 209 231
969 4 2 0 0 141 660 695 1336
970 4 2 0 0 424 684 925 938
971 4 2 0 0 727 649 972 997
972 4 2 0 0 288 289 329 753
973 4 2 0 0 220 511 916 1196
974 4 2 0 0 785 1006 1074 379
975 4 2 0 0 38 39 256 312
976 4 2 0 0 398 1132 238 1097
977 4 2 0 0 421 533 711 855
978 4 2 0 0 409 781 1007 1153
979 4 2 0 0 593 401 786 852
980 4 2 0 0 143 139 207 228
981 4 2 0 0 1306 497 736 774
982 4 2 0 0 1139 336 1141 1181
983 4 2 0 0 609 1323 1334 1435
984 4 2 0 0 94 571 740 999
985 4 2 0 0 778 753 340 518
986 4 2 0 0 269 391 399 607
987 4 2 0 0 166 1382 1410 1413
988 4 2 0 0 600 809 279 1017
989 4 2 0 0 178 517 724 872
990 4 2 0 0 490 435 556 764
991 4 2 0 0 227 181 936 1032
992 4 2 0 0 319 268 870 909
993 4 2 0 0 710 319 870 365
994 4 2 0 0 338 205 488 531
995 4 2 0 0 618 430 1204 1457
996 4 2 0 0 437 633 870 1104
997 4 2 0 0 448 867 887 901
998 4 2 0 0 1363 1106 1564 1565
999 4 2 0 0 388 949 1097 1191
1000 4 2 0 0 364 110 611 683
1001 4 2 0 0 406 439 778 1268
1002 4 2 0 0 619 567 1167 1235
1003 4 2 0 0 363 156 675 1294
1004 4 2 0 0 434 510 979 1024
1005 4 2 0 0 935 222 942 1178
1006 4 2 0 0 260 1068 1315 1442
1007 4 2 0 0 666 1052 1209 1408
1008 4 2 0 0 190 5 338 531
1009 4 2 0 0 868 885 689 792
1010 4 2 0 0 497 224 763 1070
1011 4 2 0 0 523 397 805 917
1012 4 2 0 0 458 236 465 911
1013 4 2 0 0 380 708 479 384
1014 4 2 0 0 238 197 723 899
1015 4 2 0 0 287 402 423 794
1016 4 2 0 0 280 421 622 855
1017 4 2 0 0 313 219 609 1461
1018 4 2 0 0 287 254 403 566
1019 4 2 0 0 170 46 410 567
1020 4 2 0 0 36 68 84 395
1021 4 2 0 0 75 71 312 552
1022 4 2 0 0 446 290 502 557
1023 4 2 0 0 357 456 1153 1319
1024 4 2 0 0 208 129 338 362
1025 4 2 0 0 1036 373 1154 1557
1026 4 2 0 0 565 643 985 1238
1027 4 2 0 0 1421 632 219 692
1028 4 2 0 0 181 71 180 356
1029 4 2 0 0 694 33 453 1002
1030 4 2 0 0 1379 768 261 1044
1031 4 2 0 0 618 430 629 1204
1032 4 2 0 0 270 206 959 1056
1033 4 2 0 0 234 1398 968 1127
1034 4 2 0 0 1264 326 1287 1364
1035 4 2 0 0 643 859 986 1030
1036 4 2 0 0 252 303 337 452
1037 4 2 0 0 344 607 1212 1247
1038 4 2 0 0 394 23 449 1111
1039 4 2 0 0 105 1283 1516 1572
1040 4 2 0 0 89 1115 1089 657
1041 4 2 0 0 549 320 1026 1056
1042 4 2 0 0 370 939 1061 1397
1043 4 2 0 0 173 172 365 546
1044 4 2 0 0 44 45 140 868
1045 4 2 0 0 537 311 974 979
1046 4 2 0 0 1200 1098 1233 1176
1047 4 2 0 0 322 493 698 1059
1048 4 2 0 0 58 61 60 282
1049 4 2 0 0 1010 720 1131 1296
1050 4 2 0 0 318 367 1308 1331
1051 4 2 0 0 541 342 704 989
1052 4 2 0 0 711 754 839 1069
1053 4 2 0 0 815 351 1306 1415
1054 4 2 0 0 1355 1400 417 770
1055 4 2 0 0 359 408 677 995
1056 4 2 0 0 289 465 478 992
1057 4 2 0 0 1312 1273 1186 836
1058 4 2 0 0 669 331 1146 1210
1059 4 2 0 0 510 323 1279 1281
1060 4 2 0 0 1208 1157 13 879
1061 4 2 0 0 126 195 194 240
1062 4 2 0 0 40 34 256 600
1063 4 2 0 0 1032 973 1386 1406
1064 4 2 0 0 46 410 567 1235
1065 4 2 0 0 1109 1209 1227 1236
1066 4 2 0 0 579 890 898 1369
1067 4 2 0 0 429 392 520 802
1068 4 2 0 0 814 486 1384 1393
1069 4 2 0 0 451 368 760 977
1070 4 2 0 0 854 1017 34 1031
1071 4 2 0 0 1015 532 530 793
1072 4 2 0 0 376 77 1212 1274
1073 4 2 0 0 954 697 1183 1188
1074 4 2 0 0 65 507 572 718
1075 4 2 0 0 293 867 887 954
1076 4 2 0 0 544 628 482 1054
1077 4 2 0 0 193 209 325 473
1078 4 2 0 0 1450 1338 1555 1568
1079 4 2 0 0 1115 89 1089 515
1080 4 2 0 0 364 611 929 1091
1081 4 2 0 0 475 317 527 584
1082 4 2 0 0 29 745 751 866
1083 4 2 0 0 264 931 932 1227
1084 4 2 0 0 1039 1006 1074 1162
1085 4 2 0 0 71 72 312 356
1086 4 2 0 0 493 495 698 1059
1087 4 2 0 0 722 201 1207 1229
1088 4 2 0 0 197 579 609 890
1089 4 2 0 0 394 23 405 449
1090 4 2 0 0 1431 349 1437 1451
1091 4 2 0 0 13 397 719 805
1092 4 2 0 0 1329 1406 1323 221
1093 4 2 0 0 114 115 454 789
1094 4 2 0 0 1376 799 1144 1378
1095 4 2 0 0 156 363 610 1328
1096 4 2 0 0 297 345 402 594
1097 4 2 0 0 71 74 75 1029
1098 4 2 0 0 424 775 879 1157
1099 4 2 0 0 998 470 1070 1455
1100 4 2 0 0 568 486 735 747
1101 4 2 0 0 27 19 231 926
1102 4 2 0 0 306 423 315 749
1103 4 2 0 0 706 428 900 1197
1104 4 2 0 0 887 250 901 1065
1105 4 2 0 0 867 293 887 901
1106 4 2 0 0 637 653 267 670
1107 4 2 0 0 56 538 638 1057
1108 4 2 0 0 117 1382 1424 1433
1109 4 2 0 0 224 763 1070 1143
1110 4 2 0 0 1427 1222 1304 847
1111 4 2 0 0 25 303 1265 1377
1112 4 2 0 0 105 106 1418 1519
1113 4 2 0 0 199 215 560 1014
1114 4 2 0 0 1410 1080 1413 1424
1115 4 2 0 0 175 119 174 306
1116 4 2 0 0 18 17 191 656
1117 4 2 0 0 71 72 39 312
1118 4 2 0 0 219 313 477 595
1119 4 2 0 0 158 334 513 559
1120 4 2 0 0 720 597 996 1010
1121 4 2 0 0 660 418 313 1309
1122 4 2 0 0 385 251 395 466
1123 4 2 0 0 1301 596 1427 1434
1124 4 2 0 0 822 994 996 1010
1125 4 2 0 0 312 256 575 777
1126 4 2 0 0 859 583 1175 1285
1127 4 2 0 0 378 1016 494 447
1128 4 2 0 0 621 342 681 694
1129 4 2 0 0 723 1006 1122 1213
1130 4 2 0 0 608 567 626 673
1131 4 2 0 0 251 940 466 390
1132 4 2 0 0 575 256 600 761
1133 4 2 0 0 224 499 763 811
1134 4 2 0 0 893 404 1166 1202
1135 4 2 0 0 972 1549 1537 791
1136 4 2 0 0 1036 699 1053 1248
1137 4 2 0 0 576 408 863 1099
1138 4 2 0 0 124 173 188 295
1139 4 2 0 0 195 240 310 360
1140 4 2 0 0 109 493 495 627
1141 4 2 0 0 78 79 399 552
1142 4 2 0 0 461 416 1022 1029
1143 4 2 0 0 175 120 232 623
1144 4 2 0 0 842 279 948 1000
1145 4 2 0 0 161 159 538 648
1146 4 2 0 0 331 427 685 992
1147 4 2 0 0 299 649 762 894
1148 4 2 0 0 246 620 760 1119
1149 4 2 0 0 385 453 541 694
1150 4 2 0 0 193 196 384 471
1151 4 2 0 0 1198 1553 1332 565
1152 4 2 0 0 200 1120 1535 1544
1153 4 2 0 0 31 25 32 308
1154 4 2 0 0 273 452 252 389
1155 4 2 0 0 613 300 614 803
1156 4 2 0 0 404 323 1059 983
1157 4 2 0 0 403 287 570 688
1158 4 2 0 0 248 269 318 391
1159 4 2 0 0 177 407 653 940
1160 4 2 0 0 849 940 390 912
1161 4 2 0 0 397 523 805 1288
1162 4 2 0 0 581 212 840 1416
1163 4 2 0 0 355 461 874 980
1164 4 2 0 0 598 1355 417 434
1165 4 2 0 0 897 321 944 1299
1166 4 2 0 0 385 453 694 795
1167 4 2 0 0 295 173 1025 1026
1168 4 2 0 0 970 794 990 749
1169 4 2 0 0 306 403 570 637
1170 4 2 0 0 13 1208 879 1089
1171 4 2 0 0 118 375 186 169
1172 4 2 0 0 790 685 322 826
1173 4 2 0 0 494 887 1201 1221
1174 4 2 0 0 732 297 970 990
1175 4 2 0 0 122 179 1128 1163
1176 4 2 0 0 664 392 974 1035
1177 4 2 0 0 42 168 392 664
1178 4 2 0 0 629 622 855 1160
1179 4 2 0 0 8 23 752 1100
1180 4 2 0 0 127 240 362 500
1181 4 2 0 0 832 265 975 1263
1182 4 2 0 0 189 5 190 531
1183 4 2 0 0 677 310 752 919
1184 4 2 0 0 29 603 708 866
1185 4 2 0 0 557 427 617 644
1186 4 2 0 0 605 234 1024 1127
1187 4 2 0 0 427 450 685 1057
1188 4 2 0 0 180 121 801 1008
1189 4 2 0 0 716 1459 1460 1465
1190 4 2 0 0 336 1139 1141 1488
1191 4 2 0 0 5 190 338 362
1192 4 2 0 0 225 279 687 1043
1193 4 2 0 0 306 287 403 566
1194 4 2 0 0 813 29 830 866
1195 4 2 0 0 945 283 363 309
1196 4 2 0 0 1509 1343 1531 616
1197 4 2 0 0 229 235 433 478
1198 4 2 0 0 817 455 928 988
1199 4 2 0 0 353 138 399 459
1200 4 2 0 0 652 1505 1471 672
1201 4 2 0 0 88 351 690 815
1202 4 2 0 0 1362 1583 1576 1384
1203 4 2 0 0 484 657 1083 1115
1204 4 2 0 0 157 114 403 819
1205 4 2 0 0 54 56 655 826
1206 4 2 0 0 436 512 520 1364
1207 4 2 0 0 1071 468 1031 1002
1208 4 2 0 0 1372 418 1096 1309
1209 4 2 0 0 308 25 1265 1351
1210 4 2 0 0 1186 995 516 677
1211 4 2 0 0 554 654 955 1169
1212 4 2 0 0 650 385 633 251
1213 4 2 0 0 734 409 750 1007
1214 4 2 0 0 511 263 916 1196
1215 4 2 0 0 375 118 186 367
1216 4 2 0 0 714 898 969 970
1217 4 2 0 0 1199 686 1226 1229
1218 4 2 0 0 362 191 500 850
1219 4 2 0 0 1150 587 1188 1221
1220 4 2 0 0 654 741 782 797
1221 4 2 0 0 103 669 1216 1275
1222 4 2 0 0 273 252 303 347
1223 4 2 0 0 281 789 454 309
1224 4 2 0 0 686 1229 1249 1359
1225 4 2 0 0 597 81 1131 1460
1226 4 2 0 0 1506 867 268 1486
1227 4 2 0 0 906 243 1041 1085
1228 4 2 0 0 176 119 491 882
1229 4 2 0 0 928 259 986 988
1230 4 2 0 0 416 177 670 952
1231 4 2 0 0 1257 444 107 354
1232 4 2 0 0 227 40 256 600
1233 4 2 0 0 436 520 1341 1364
1234 4 2 0 0 1374 798 851 1239
1235 4 2 0 0 19 813 27 871
1236 4 2 0 0 443 760 1118 1136
1237 4 2 0 0 814 347 977 1075
1238 4 2 0 0 320 546 549 1026
1239 4 2 0 0 366 474 522 1170
1240 4 2 0 0 619 1514 1521 1522
1241 4 2 0 0 36 67 68 395
1242 4 2 0 0 281 265 831 1211
1243 4 2 0 0 143 139 228 1151
1244 4 2 0 0 310 20 900 195
1245 4 2 0 0 1438 1232 1462 1489
1246 4 2 0 0 1272 511 891 916
1247 4 2 0 0 65 175 174 570
1248 4 2 0 0 112 150 574 790
1249 4 2 0 0 448 249 1159 1203
1250 4 2 0 0 782 578 797 1110
1251 4 2 0 0 529 2 771 914
1252 4 2 0 0 415 650 989 1021
1253 4 2 0 0 284 1214 263 1055
1254 4 2 0 0 1474 319 1482 1486
1255 4 2 0 0 373 504 972 978
1256 4 2 0 0 269 558 728 1046
1257 4 2 0 0 940 912 952 1087
1258 4 2 0 0 1190 662 529 629
1259 4 2 0 0 434 598 979 1124
1260 4 2 0 0 291 302 473 487
1261 4 2 0 0 427 261 557 601
1262 4 2 0 0 733 1172 1590 1601
1263 4 2 0 0 336 576 619 1167
1264 4 2 0 0 328 417 1337 1400
1265 4 2 0 0 392 168 436 802
1266 4 2 0 0 196 195 684 900
1267 4 2 0 0 692 544 1327 1421
1268 4 2 0 0 989 988 1250 1280
1269 4 2 0 0 215 374 560 1014
1270 4 2 0 0 81 12 597 599
1271 4 2 0 0 639 289 807 944
1272 4 2 0 0 981 352 1095 1109
1273 4 2 0 0 977 264 1052 1236
1274 4 2 0 0 579 572 857 1369
1275 4 2 0 0 450 446 322 483
1276 4 2 0 0 567 170 626 673
1277 4 2 0 0 601 351 690 851
1278 4 2 0 0 706 821 1113 1248
1279 4 2 0 0 121 232 801 1008
1280 4 2 0 0 1445 1212 1220 1247
1281 4 2 0 0 221 856 1406 973
1282 4 2 0 0 386 406 778 837
1283 4 2 0 0 495 885 1165 404
1284 4 2 0 0 253 257 309 831
1285 4 2 0 0 553 822 996 1010
1286 4 2 0 0 415 268 650 1021
1287 4 2 0 0 1091 1221 293 494
1288 4 2 0 0 149 158 513 559
1289 4 2 0 0 83 164 912 1194
1290 4 2 0 0 447 440 493 683
1291 4 2 0 0 61 58 59 282
1292 4 2 0 0 705 951 799 592
1293 4 2 0 0 1361 922 1366 377
1294 4 2 0 0 1453 1250 1458 1516
1295 4 2 0 0 525 1161 1251 1396
1296 4 2 0 0 496 659 689 966
1297 4 2 0 0 652 388 490 1097
1298 4 2 0 0 45 44 598 1124
1299 4 2 0 0 1382 1410 1413 1424
1300 4 2 0 0 310 516 1088 1296
1301 4 2 0 0 590 581 1084 1464
1302 4 2 0 0 276 715 737 747
1303 4 2 0 0 384 380 938 1157
1304 4 2 0 0 284 382 409 551
1305 4 2 0 0 126 127 240 362
1306 4 2 0 0 878 1330 1335 1349
1307 4 2 0 0 250 247 585 590
1308 4 2 0 0 1522 619 336 588
1309 4 2 0 0 434 979 1117 1127
1310 4 2 0 0 648 725 675 480
1311 4 2 0 0 430 1185 1457 534
1312 4 2 0 0 195 194 240 360
1313 4 2 0 0 224 811 1062 1246
1314 4 2 0 0 1008 670 270 416
1315 4 2 0 0 564 1068 1278 1470
1316 4 2 0 0 706 861 871 1060
1317 4 2 0 0 249 428 762 1179
1318 4 2 0 0 1544 1524 1543 524
1319 4 2 0 0 73 162 874 1022
1320 4 2 0 0 404 495 983 1059
1321 4 2 0 0 29 27 231 813
1322 4 2 0 0 701 909 319 320
1323 4 2 0 0 1135 1325 1474 1482
1324 4 2 0 0 1518 1284 1176 1332
1325 4 2 0 0 300 613 614 722
1326 4 2 0 0 446 290 601 774
1327 4 2 0 0 337 1144 1257 1507
1328 4 2 0 0 413 1088 1296 1311
1329 4 2 0 0 551 556 744 1020
1330 4 2 0 0 258 246 558 1119
1331 4 2 0 0 1120 443 1302 1398
1332 4 2 0 0 707 805 1157 719
1333 4 2 0 0 123 172 546 710
1334 4 2 0 0 124 173 295 1026
1335 4 2 0 0 474 522 875 969
1336 4 2 0 0 323 404 1059 1370
1337 4 2 0 0 251 829 967 1005
1338 4 2 0 0 703 359 893 1123
1339 4 2 0 0 654 711 554 1069
1340 4 2 0 0 754 721 839 1069
1341 4 2 0 0 505 70 769 779
1342 4 2 0 0 489 121 724 801
1343 4 2 0 0 488 487 691 1407
1344 4 2 0 0 501 380 1055 1208
1345 4 2 0 0 345 297 477 594
1346 4 2 0 0 225 349 687 856
1347 4 2 0 0 1229 1219 1243 1249
1348 4 2 0 0 612 93 916 1196
1349 4 2 0 0 329 289 374 1014
1350 4 2 0 0 855 915 754 711
1351 4 2 0 0 199 1366 1299 277
1352 4 2 0 0 1488 1485 784 1492
1353 4 2 0 0 1517 1515 1580 1585
1354 4 2 0 0 581 212 782 840
1355 4 2 0 0 731 822 1010 1133
1356 4 2 0 0 1561 1566 1531 1193
1357 4 2 0 0 430 571 820 930
1358 4 2 0 0 390 365 437 870
1359 4 2 0 0 318 248 391 457
1360 4 2 0 0 879 501 1083 1208
1361 4 2 0 0 748 434 1024 510
1362 4 2 0 0 23 394 752 1111
1363 4 2 0 0 289 288 478 639
1364 4 2 0 0 702 534 961 1457
1365 4 2 0 0 501 511 1083 1115
1366 4 2 0 0 440 494 1221 1347
1367 4 2 0 0 994 1148 1222 1259
1368 4 2 0 0 349 1329 1412 1437
1369 4 2 0 0 1291 1282 1578 1582
1370 4 2 0 0 320 267 1026 1056
1371 4 2 0 0 158 53 334 559
1372 4 2 0 0 527 475 769 852
1373 4 2 0 0 270 355 521 801
1374 4 2 0 0 954 1188 1201 1221
1375 4 2 0 0 63 62 57 527
1376 4 2 0 0 74 71 552 980
1377 4 2 0 0 895 1141 1148 1181
1378 4 2 0 0 171 124 295 549
1379 4 2 0 0 318 457 607 1220
1380 4 2 0 0 660 60 678 823
1381 4 2 0 0 465 1045 888 1353
1382 4 2 0 0 814 671 1156 1393
1383 4 2 0 0 246 368 620 687
1384 4 2 0 0 156 610 1292 1328
1385 4 2 0 0 403 206 812 1023
1386 4 2 0 0 537 404 738 918
1387 4 2 0 0 1030 1238 1529 1533
1388 4 2 0 0 781 1519 1500 1532
1389 4 2 0 0 788 423 1005 250
1390 4 2 0 0 292 1557 1048 1036
1391 4 2 0 0 823 363 1013 1328
1392 4 2 0 0 686 201 722 1229
1393 4 2 0 0 525 591 1158 1396
1394 4 2 0 0 252 337 354 444
1395 4 2 0 0 1480 435 1481 1502
1396 4 2 0 0 715 332 737 747
1397 4 2 0 0 80 172 330 420
1398 4 2 0 0 60 58 823 1013
1399 4 2 0 0 671 200 1072 1177
1400 4 2 0 0 251 633 650 1005
1401 4 2 0 0 266 767 1015 1054
1402 4 2 0 0 121 178 232 623
1403 4 2 0 0 654 782 1041 1085
1404 4 2 0 0 93 220 916 1196
1405 4 2 0 0 440 493 627 1165
1406 4 2 0 0 698 261 1059 1379
1407 4 2 0 0 329 113 401 846
1408 4 2 0 0 91 236 804 838
1409 4 2 0 0 431 184 457 682
1410 4 2 0 0 388 284 409 490
1411 4 2 0 0 563 488 569 981
1412 4 2 0 0 53 55 334 655
1413 4 2 0 0 975 1085 906 590
1414 4 2 0 0 477 61 678 695
1415 4 2 0 0 687 1102 1476 620
1416 4 2 0 0 284 515 568 772
1417 4 2 0 0 917 707 192 719
1418 4 2 0 0 887 293 954 1221
1419 4 2 0 0 311 509 604 1477
1420 4 2 0 0 190 338 488 531
1421 4 2 0 0 175 120 306 637
1422 4 2 0 0 1026 1025 1056 1058
1423 4 2 0 0 392 151 664 802
1424 4 2 0 0 141 1013 1103 1268
1425 4 2 0 0 169 42 168 436
1426 4 2 0 0 836 613 1243 1256
1427 4 2 0 0 297 579 609 732
1428 4 2 0 0 957 1349 14 1266
1429 4 2 0 0 660 141 1103 1336
1430 4 2 0 0 325 278 471 679
1431 4 2 0 0 43 169 314 375
1432 4 2 0 0 288 229 433 478
1433 4 2 0 0 1229 722 1243 1310
1434 4 2 0 0 1566 343 1561 1562
1435 4 2 0 0 875 228 882 969
1436 4 2 0 0 402 423 794 975
1437 4 2 0 0 614 300 722 903
1438 4 2 0 0 139 228 1151 1173
1439 4 2 0 0 1200 23 1228 1352
1440 4 2 0 0 862 135 1262 1332
1441 4 2 0 0 455 988 1021 1104
1442 4 2 0 0 234 605 1024 1105
1443 4 2 0 0 229 639 773 1353
1444 4 2 0 0 496 615 659 966
1445 4 2 0 0 119 579 174 749
1446 4 2 0 0 378 447 483 676
1447 4 2 0 0 566 315 829 967
1448 4 2 0 0 544 693 1334 1435
1449 4 2 0 0 727 762 1154 1549
1450 4 2 0 0 929 730 1091 1381
1451 4 2 0 0 197 579 714 732
1452 4 2 0 0 315 251 423 829
1453 4 2 0 0 828 1349 878 759
1454 4 2 0 0 177 407 491 653
1455 4 2 0 0 180 181 356 489
1456 4 2 0 0 603 29 813 866
1457 4 2 0 0 7 30 209 393
1458 4 2 0 0 236 465 639 709
1459 4 2 0 0 1214 388 284 263
1460 4 2 0 0 319 268 909 1486
1461 4 2 0 0 973 936 1032 227
1462 4 2 0 0 167 1220 1308 1339
1463 4 2 0 0 736 668 757 822
1464 4 2 0 0 302 291 473 542
1465 4 2 0 0 282 59 589 688
1466 4 2 0 0 246 258 558 575
1467 4 2 0 0 1283 105 1285 1572
1468 4 2 0 0 524 1174 1517 1548
1469 4 2 0 0 570 287 589 688
1470 4 2 0 0 39 38 75 312
1471 4 2 0 0 167 166 376 1413
1472 4 2 0 0 194 642 892 964
1473 4 2 0 0 481 237 1115 1196
1474 4 2 0 0 660 632 922 1003
1475 4 2 0 0 546 549 673 701
1476 4 2 0 0 729 699 750 993
1477 4 2 0 0 586 253 742 845
1478 4 2 0 0 329 288 433 478
1479 4 2 0 0 576 784 863 1235
1480 4 2 0 0 620 618 1476 1483
1481 4 2 0 0 46 140 186 314
1482 4 2 0 0 743 603 813 866
1483 4 2 0 0 140 43 186 314
1484 4 2 0 0 484 1434 414 1083
1485 4 2 0 0 43 169 186 314
1486 4 2 0 0 287 345 570 589
1487 4 2 0 0 315 306 491 566
1488 4 2 0 0 248 565 985 1238
1489 4 2 0 0 214 1384 1576 1583
1490 4 2 0 0 965 29 387 31
1491 4 2 0 0 904 998 1438 1455
1492 4 2 0 0 360 300 394 569
1493 4 2 0 0 1260 1318 1587 1593
1494 4 2 0 0 20 752 1100 360
1495 4 2 0 0 233 421 711 915
1496 4 2 0 0 305 356 552 777
1497 4 2 0 0 726 1567 864 1216
1498 4 2 0 0 576 703 907 1314
1499 4 2 0 0 634 1485 1504 1546
1500 4 2 0 0 72 227 256 356
1501 4 2 0 0 820 94 930 571
1502 4 2 0 0 276 747 814 1156
1503 4 2 0 0 92 296 550 662
1504 4 2 0 0 500 191 656 850
1505 4 2 0 0 501 847 1083 1301
1506 4 2 0 0 918 983 404 885
1507 4 2 0 0 1096 418 837 1309
1508 4 2 0 0 254 829 901 967
1509 4 2 0 0 273 389 405 1228
1510 4 2 0 0 1068 1302 1278 1298
1511 4 2 0 0 278 302 325 592
1512 4 2 0 0 8 360 394 642
1513 4 2 0 0 948 961 899 485
1514 4 2 0 0 742 586 782 1110
1515 4 2 0 0 1166 510 1256 1281
1516 4 2 0 0 215 210 648 1014
1517 4 2 0 0 1510 555 1463 991
1518 4 2 0 0 1026 365 320 546
1519 4 2 0 0 643 442 985 1064
1520 4 2 0 0 112 495 787 790
1521 4 2 0 0 632 277 922 1086
1522 4 2 0 0 582 544 692 1421
1523 4 2 0 0 269 318 391 607
1524 4 2 0 0 1385 632 418 692
1525 4 2 0 0 715 568 747 820
1526 4 2 0 0 642 405 964 971
1527 4 2 0 0 264 273 389 405
1528 4 2 0 0 736 335 774 1201
1529 4 2 0 0 417 45 598 1124
1530 4 2 0 0 345 65 570 589
1531 4 2 0 0 527 584 837 1096
1532 4 2 0 0 1400 962 1313 640
1533 4 2 0 0 135 1262 1265 1377
1534 4 2 0 0 501 263 880 1301
1535 4 2 0 0 925 706 1197 1387
1536 4 2 0 0 729 739 821 830
1537 4 2 0 0 430 534 571 1185
1538 4 2 0 0 502 378 676 1028
1539 4 2 0 0 534 430 571 820
1540 4 2 0 0 264 273 405 542
1541 4 2 0 0 289 465 560 944
1542 4 2 0 0 235 229 441 478
1543 4 2 0 0 1299 277 469 96
1544 4 2 0 0 545 780 1571 1589
1545 4 2 0 0 857 324 890 1128
1546 4 2 0 0 137 354 809 1480
1547 4 2 0 0 1220 1247 1308 1339
1548 4 2 0 0 119 579 749 898
1549 4 2 0 0 1186 1099 677 752
1550 4 2 0 0 168 185 635 664
1551 4 2 0 0 672 132 1079 1487
1552 4 2 0 0 42 974 392 598
1553 4 2 0 0 558 305 728 1046
1554 4 2 0 0 335 893 963 1027
1555 4 2 0 0 619 1512 1514 1167
1556 4 2 0 0 215 502 538 717
1557 4 2 0 0 502 51 538 717
1558 4 2 0 0 766 759 878 1420
1559 4 2 0 0 606 907 1066 1314
1560 4 2 0 0 380 479 1288 1300
1561 4 2 0 0 622 280 855 1160
1562 4 2 0 0 788 590 585 949
1563 4 2 0 0 414 220 484 511
1564 4 2 0 0 702 238 899 961
1565 4 2 0 0 95 561 818 883
1566 4 2 0 0 660 60 823 1013
1567 4 2 0 0 368 276 814 1156
1568 4 2 0 0 172 710 365 546
1569 4 2 0 0 237 361 515 772
1570 4 2 0 0 259 643 1030 1238
1571 4 2 0 0 1430 1478 1453 1497
1572 4 2 0 0 773 343 1171 1193
1573 4 2 0 0 350 690 851 1146
1574 4 2 0 0 226 441 1045 1137
1575 4 2 0 0 1162 1189 982 1085
1576 4 2 0 0 432 444 459 1303
1577 4 2 0 0 819 257 454 254
1578 4 2 0 0 500 16 1131 1296
1579 4 2 0 0 80 172 187 330
1580 4 2 0 0 49 150 147 651
1581 4 2 0 0 52 161 538 717
1582 4 2 0 0 738 404 885 918
1583 4 2 0 0 1257 444 354 337
1584 4 2 0 0 564 521 604 1009
1585 4 2 0 0 749 474 969 970
1586 4 2 0 0 314 186 367 375
1587 4 2 0 0 359 408 576 677
1588 4 2 0 0 303 32 308 799
1589 4 2 0 0 156 114 157 789
1590 4 2 0 0 220 481 484 511
1591 4 2 0 0 353 246 558 575
1592 4 2 0 0 509 438 1068 1315
1593 4 2 0 0 493 322 698 768
1594 4 2 0 0 59 61 282 589
1595 4 2 0 0 126 208 240 569
1596 4 2 0 0 186 46 314 410
1597 4 2 0 0 168 392 664 802
1598 4 2 0 0 440 497 774 1201
1599 4 2 0 0 257 499 1187 1211
1600 4 2 0 0 977 746 264 1236
1601 4 2 0 0 191 126 190 362
1602 4 2 0 0 494 364 611 683
1603 4 2 0 0 401 846 154 593
1604 4 2 0 0 530 258 575 777
1605 4 2 0 0 354 432 444 459
1606 4 2 0 0 385 342 621 694
1607 4 2 0 0 461 270 874 1022
1608 4 2 0 0 281 309 831 945
1609 4 2 0 0 250 832 975 1065
1610 4 2 0 0 505 527 63 700
1611 4 2 0 0 367 167 1425 1426
1612 4 2 0 0 336 576 784 1099
1613 4 2 0 0 143 176 228 467
1614 4 2 0 0 1025 270 1056 1058
1615 4 2 0 0 1111 1273 449 394
1616 4 2 0 0 399 269 432 1422
1617 4 2 0 0 406 439 518 778
1618 4 2 0 0 583 1533 1030 634
1619 4 2 0 0 354 1257 1480 1502
1620 4 2 0 0 1323 1461 1435 609
1621 4 2 0 0 1099 1186 408 1230
1622 4 2 0 0 509 392 512 1490
1623 4 2 0 0 109 493 627 683
1624 4 2 0 0 291 473 542 964
1625 4 2 0 0 156 157 610 789
1626 4 2 0 0 589 287 641 688
1627 4 2 0 0 1128 1032 1163 1253
1628 4 2 0 0 418 317 544 584
1629 4 2 0 0 42 169 43 436
1630 4 2 0 0 391 399 646 985
1631 4 2 0 0 1048 292 1053 1270
1632 4 2 0 0 587 1188 954 1183
1633 4 2 0 0 154 155 593 846
1634 4 2 0 0 422 389 640 1284
1635 4 2 0 0 559 235 562 574
1636 4 2 0 0 264 971 1227 1236
1637 4 2 0 0 358 343 804 838
1638 4 2 0 0 57 64 406 1277
1639 4 2 0 0 891 947 1304 1427
1640 4 2 0 0 516 285 1207 1296
1641 4 2 0 0 1442 429 1456 1470
1642 4 2 0 0 595 477 678 695
1643 4 2 0 0 1384 1038 1077 451
1644 4 2 0 0 591 626 913 929
1645 4 2 0 0 694 680 704 817
1646 4 2 0 0 1065 1263 975 423
1647 4 2 0 0 439 1346 1268 377
1648 4 2 0 0 287 345 402 794
1649 4 2 0 0 945 667 823 363
1650 4 2 0 0 276 1073 1156 1483
1651 4 2 0 0 1363 1575 1577 1579
1652 4 2 0 0 310 285 516 1296
1653 4 2 0 0 288 266 317 786
1654 4 2 0 0 54 53 559 655
1655 4 2 0 0 303 252 337 347
1656 4 2 0 0 1374 1242 1344 1276
1657 4 2 0 0 773 555 1463 1535
1658 4 2 0 0 325 30 209 231
1659 4 2 0 0 615 496 893 1165
1660 4 2 0 0 118 186 367 1426
1661 4 2 0 0 67 407 875 882
1662 4 2 0 0 512 770 1264 1364
1663 4 2 0 0 313 1237 1372 1405
1664 4 2 0 0 353 432 399 558
1665 4 2 0 0 174 306 345 570
1666 4 2 0 0 388 652 490 409
1667 4 2 0 0 227 783 207 40
1668 4 2 0 0 476 726 864 1216
1669 4 2 0 0 312 305 399 552
1670 4 2 0 0 227 761 777 793
1671 4 2 0 0 698 493 768 1165
1672 4 2 0 0 254 287 403 688
1673 4 2 0 0 769 886 779 70
1674 4 2 0 0 366 788 949 975
1675 4 2 0 0 608 1135 1474 1482
1676 4 2 0 0 258 532 555 1278
1677 4 2 0 0 387 382 479 284
1678 4 2 0 0 594 477 589 678
1679 4 2 0 0 888 773 1353 1354
1680 4 2 0 0 580 1024 1105 1467
1681 4 2 0 0 743 382 745 866
1682 4 2 0 0 342 621 681 455
1683 4 2 0 0 27 813 830 871
1684 4 2 0 0 388 284 490 950
1685 4 2 0 0 535 810 1114 1138
1686 4 2 0 0 479 1288 1358 568
1687 4 2 0 0 1263 831 641 281
1688 4 2 0 0 633 342 650 1021
1689 4 2 0 0 515 479 568 1288
1690 4 2 0 0 256 312 356 777
1691 4 2 0 0 181 121 122 489
1692 4 2 0 0 126 190 208 488
1693 4 2 0 0 256 227 761 777
1694 4 2 0 0 270 874 355 461
1695 4 2 0 0 85 86 455 937
1696 4 2 0 0 613 645 381 803
1697 4 2 0 0 108 1307 1518 1526
1698 4 2 0 0 344 607 728 1046
1699 4 2 0 0 392 311 509 1117
1700 4 2 0 0 586 845 1211 253
1701 4 2 0 0 722 300 1243 1310
1702 4 2 0 0 1073 368 1116 1483
1703 4 2 0 0 222 206 232 812
1704 4 2 0 0 441 235 540 1019
1705 4 2 0 0 1152 453 1170 1231
1706 4 2 0 0 360 8 394 752
1707 4 2 0 0 462 6 917 953
1708 4 2 0 0 172 123 410 663
1709 4 2 0 0 218 1070 1409 1438
1710 4 2 0 0 1454 556 1500 1511
1711 4 2 0 0 738 537 918 1124
1712 4 2 0 0 729 26 830 861
1713 4 2 0 0 130 16 500 656
1714 4 2 0 0 847 424 879 1459
1715 4 2 0 0 1315 1302 1398 438
1716 4 2 0 0 797 654 1090 782
1717 4 2 0 0 30 325 209 393
1718 4 2 0 0 403 254 688 819
1719 4 2 0 0 1262 1098 1176 1233
1720 4 2 0 0 613 645 803 614
1721 4 2 0 0 204 294 352 1402
1722 4 2 0 0 626 549 913 929
1723 4 2 0 0 743 382 1248 1261
1724 4 2 0 0 312 353 575 600
1725 4 2 0 0 1269 1567 350 1047
1726 4 2 0 0 376 1220 1339 1445
1727 4 2 0 0 352 204 1402 1466
1728 4 2 0 0 222 154 812 833
1729 4 2 0 0 611 109 627 683
1730 4 2 0 0 543 697 1139 1183
1731 4 2 0 0 284 263 388 409
1732 4 2 0 0 1281 1305 1137 580
1733 4 2 0 0 470 497 1187 1201
1734 4 2 0 0 619 588 659 703
1735 4 2 0 0 242 460 798 851
1736 4 2 0 0 5 191 190 362
1737 4 2 0 0 5 850 18 362
1738 4 2 0 0 191 5 18 362
1739 4 2 0 0 374 215 560 644
1740 4 2 0 0 1303 1297 1307 1422
1741 4 2 0 0 206 114 403 812
1742 4 2 0 0 699 734 739 750
1743 4 2 0 0 1432 1447 1555 1597
1744 4 2 0 0 235 992 478 441
1745 4 2 0 0 123 172 410 464
1746 4 2 0 0 142 144 539 1029
1747 4 2 0 0 1190 1224 771 835
1748 4 2 0 0 237 89 481 657
1749 4 2 0 0 1319 1545 1283 456
1750 4 2 0 0 977 844 1004 1052
1751 4 2 0 0 74 552 636 980
1752 4 2 0 0 803 613 1256 1305
1753 4 2 0 0 1430 1471 1478 1497
1754 4 2 0 0 722 686 1229 1249
1755 4 2 0 0 536 783 1000 1017
1756 4 2 0 0 1135 1155 1512 1514
1757 4 2 0 0 1032 489 333 793
1758 4 2 0 0 181 122 890 936
1759 4 2 0 0 80 173 172 365
1760 4 2 0 0 163 78 184 391
1761 4 2 0 0 579 749 898 970
1762 4 2 0 0 435 652 490 672
1763 4 2 0 0 720 597 1131 1460
1764 4 2 0 0 321 386 753 807
1765 4 2 0 0 493 322 495 1059
1766 4 2 0 0 290 339 499 502
1767 4 2 0 0 81 827 1131 1460
1768 4 2 0 0 479 284 515 568
1769 4 2 0 0 227 793 489 1032
1770 4 2 0 0 232 206 270 1056
1771 4 2 0 0 64 57 406 837
1772 4 2 0 0 497 224 499 763
1773 4 2 0 0 1157 1208 13 805
1774 4 2 0 0 247 250 448 887
1775 4 2 0 0 359 1181 963 677
1776 4 2 0 0 587 588 1150 1181
1777 4 2 0 0 374 289 560 1014
1778 4 2 0 0 59 282 610 688
1779 4 2 0 0 252 246 354 368
1780 4 2 0 0 963 587 1148 1181
1781 4 2 0 0 573 449 1149 213
1782 4 2 0 0 1006 379 1122 1184
1783 4 2 0 0 704 132 1430 1458
1784 4 2 0 0 1260 722 1318 1419
1785 4 2 0 0 186 314 367 410
1786 4 2 0 0 474 453 795 875
1787 4 2 0 0 477 594 589 345
1788 4 2 0 0 441 331 540 685
1789 4 2 0 0 737 347 1144 1180
1790 4 2 0 0 263 585 590 949
1791 4 2 0 0 681 928 937 1064
1792 4 2 0 0 796 415 988 1021
1793 4 2 0 0 226 658 1354 1446
1794 4 2 0 0 388 571 772 950
1795 4 2 0 0 480 283 1346 1357
1796 4 2 0 0 471 384 479 708
1797 4 2 0 0 94 999 1050 930
1798 4 2 0 0 1323 324 1386 1406
1799 4 2 0 0 253 283 339 1357
1800 4 2 0 0 1269 1374 255 1146
1801 4 2 0 0 880 891 1203 1304
1802 4 2 0 0 500 127 684 707
1803 4 2 0 0 460 242 736 1138
1804 4 2 0 0 415 357 1159 1319
1805 4 2 0 0 720 848 994 996
1806 4 2 0 0 387 29 745 751
1807 4 2 0 0 197 714 723 732
1808 4 2 0 0 629 622 1160 1190
1809 4 2 0 0 367 186 464 1426
1810 4 2 0 0 288 229 478 639
1811 4 2 0 0 521 111 562 604
1812 4 2 0 0 335 440 768 774
1813 4 2 0 0 1391 939 1397 1433
1814 4 2 0 0 799 737 1020 1388
1815 4 2 0 0 79 312 399 552
1816 4 2 0 0 1039 654 1067 1126
1817 4 2 0 0 593 155 778 846
1818 4 2 0 0 318 367 1220 1308
1819 4 2 0 0 1250 928 643 986
1820 4 2 0 0 507 61 695 1342
1821 4 2 0 0 657 1083 1115 1208
1822 4 2 0 0 67 68 395 407
1823 4 2 0 0 335 587 588 1150
1824 4 2 0 0 633 385 342 466
1825 4 2 0 0 1144 1020 1257 1507
1826 4 2 0 0 231 193 325 471
1827 4 2 0 0 200 620 1072 1119
1828 4 2 0 0 305 355 532 1278
1829 4 2 0 0 884 691 189 125
1830 4 2 0 0 313 219 477 609
1831 4 2 0 0 289 321 807 944
1832 4 2 0 0 53 56 55 655
1833 4 2 0 0 287 306 423 829
1834 4 2 0 0 436 434 598 1117
1835 4 2 0 0 107 354 444 1473
1836 4 2 0 0 315 395 407 474
1837 4 2 0 0 1412 1323 1327 1329
1838 4 2 0 0 603 684 925 900
1839 4 2 0 0 497 736 774 1201
1840 4 2 0 0 1372 418 1309 313
1841 4 2 0 0 267 320 566 869
1842 4 2 0 0 240 360 569 910
1843 4 2 0 0 979 434 1024 1127
1844 4 2 0 0 450 446 483 557
1845 4 2 0 0 955 654 999 1169
1846 4 2 0 0 366 990 1006 1213
1847 4 2 0 0 677 285 963 995
1848 4 2 0 0 140 689 868 907
1849 4 2 0 0 11 535 1114 1138
1850 4 2 0 0 591 626 1155 1234
1851 4 2 0 0 370 270 521 1009
1852 4 2 0 0 120 119 306 491
1853 4 2 0 0 1209 264 1227 1236
1854 4 2 0 0 154 222 401 852
1855 4 2 0 0 278 1300 1321 1358
1856 4 2 0 0 303 337 452 1144
1857 4 2 0 0 354 137 459 1473
1858 4 2 0 0 1166 359 1256 1314
1859 4 2 0 0 177 68 407 940
1860 4 2 0 0 367 330 410 472
1861 4 2 0 0 821 729 830 861
1862 4 2 0 0 449 389 1176 1228
1863 4 2 0 0 86 84 466 621
1864 4 2 0 0 578 782 797 1090
1865 4 2 0 0 460 242 798 1042
1866 4 2 0 0 922 660 1013 1103
1867 4 2 0 0 483 51 502 676
1868 4 2 0 0 562 111 574 604
1869 4 2 0 0 749 882 898 969
1870 4 2 0 0 601 602 669 211
1871 4 2 0 0 125 196 128 384
1872 4 2 0 0 196 125 193 384
1873 4 2 0 0 244 1297 1290 248
1874 4 2 0 0 231 196 384 603
1875 4 2 0 0 1052 666 1149 1164
1876 4 2 0 0 149 53 158 559
1877 4 2 0 0 622 628 582 358
1878 4 2 0 0 440 611 1091 1347
1879 4 2 0 0 71 461 980 1029
1880 4 2 0 0 302 325 393 473
1881 4 2 0 0 875 522 1170 1231
1882 4 2 0 0 445 669 465 644
1883 4 2 0 0 222 113 401 513
1884 4 2 0 0 944 199 96 765
1885 4 2 0 0 367 318 457 472
1886 4 2 0 0 778 439 824 1268
1887 4 2 0 0 752 1111 1186 1230
1888 4 2 0 0 74 71 75 552
1889 4 2 0 0 404 510 537 738
1890 4 2 0 0 790 685 540 322
1891 4 2 0 0 516 310 752 677
1892 4 2 0 0 1571 223 1588 1589
1893 4 2 0 0 837 64 1096 1309
1894 4 2 0 0 1485 634 1523 1550
1895 4 2 0 0 257 378 497 499
1896 4 2 0 0 1497 1468 1471 1530
1897 4 2 0 0 522 875 969 1244
1898 4 2 0 0 286 314 417 863
1899 4 2 0 0 586 581 782 1062
1900 4 2 0 0 329 288 401 433
1901 4 2 0 0 468 238 536 1031
1902 4 2 0 0 500 310 1088 1296
1903 4 2 0 0 438 509 1068 1490
1904 4 2 0 0 390 437 633 870
1905 4 2 0 0 1013 377 1103 1268
1906 4 2 0 0 1538 1153 425 456
1907 4 2 0 0 157 66 403 1023
1908 4 2 0 0 1359 1242 1344 1249
1909 4 2 0 0 727 706 861 1154
1910 4 2 0 0 288 266 555 628
1911 4 2 0 0 357 585 1153 1191
1912 4 2 0 0 210 199 215 480
1913 4 2 0 0 194 125 126 563
1914 4 2 0 0 743 603 775 925
1915 4 2 0 0 456 425 1538 1545
1916 4 2 0 0 86 35 681 937
1917 4 2 0 0 452 303 1376 1377
1918 4 2 0 0 583 988 989 1280
1919 4 2 0 0 638 374 941 1057
1920 4 2 0 0 120 175 232 637
1921 4 2 0 0 460 601 851 1306
1922 4 2 0 0 330 187 367 464
1923 4 2 0 0 497 470 998 1201
1924 4 2 0 0 1471 764 1495 1505
1925 4 2 0 0 779 857 70 886
1926 4 2 0 0 666 932 1052 1149
1927 4 2 0 0 270 355 370 521
1928 4 2 0 0 141 1237 1336 1342
1929 4 2 0 0 360 8 752 1100
1930 4 2 0 0 65 174 345 570
1931 4 2 0 0 174 175 306 570
1932 4 2 0 0 175 65 66 570
1933 4 2 0 0 274 1004 1075 1077
1934 4 2 0 0 1291 298 1326 1581
1935 4 2 0 0 74 163 162 636
1936 4 2 0 0 48 885 792 689
1937 4 2 0 0 1237 695 1336 1342
1938 4 2 0 0 344 636 980 1274
1939 4 2 0 0 168 42 392 436
1940 4 2 0 0 997 1060 1011 727
1941 4 2 0 0 693 475 767 1322
1942 4 2 0 0 61 60 282 678
1943 4 2 0 0 17 192 656 719
1944 4 2 0 0 310 500 1259 1296
1945 4 2 0 0 736 242 757 1138
1946 4 2 0 0 202 89 361 396
1947 4 2 0 0 707 13 719 1157
1948 4 2 0 0 1092 21 1098 1100
1949 4 2 0 0 1021 870 1104 796
1950 4 2 0 0 804 773 888 1193
1951 4 2 0 0 601 460 768 774
1952 4 2 0 0 121 724 232 178
1953 4 2 0 0 359 588 703 893
1954 4 2 0 0 1032 333 1163 1253
1955 4 2 0 0 34 353 647 646
1956 4 2 0 0 533 1160 369 855
1957 4 2 0 0 671 368 814 1156
1958 4 2 0 0 495 651 147 787
1959 4 2 0 0 367 375 1308 1331
1960 4 2 0 0 794 366 949 975
1961 4 2 0 0 34 353 38 600
1962 4 2 0 0 1438 216 902 218
1963 4 2 0 0 361 492 568 772
1964 4 2 0 0 213 328 803 836
1965 4 2 0 0 455 342 466 633
1966 4 2 0 0 1105 1164 1136 213
1967 4 2 0 0 1410 1456 1061 1080
1968 4 2 0 0 1040 585 1159 1203
1969 4 2 0 0 235 334 433 478
1970 4 2 0 0 249 448 895 1203
1971 4 2 0 0 1099 1488 244 784
1972 4 2 0 0 243 1041 1085 1126
1973 4 2 0 0 334 329 433 478
1974 4 2 0 0 19 871 1011 1060
1975 4 2 0 0 1123 748 738 1066
1976 4 2 0 0 145 929 966 1399
1977 4 2 0 0 1015 973 1032 793
1978 4 2 0 0 435 556 764 1511
1979 4 2 0 0 283 309 339 480
1980 4 2 0 0 980 1022 74 1029
1981 4 2 0 0 187 330 457 682
1982 4 2 0 0 635 295 665 1417
1983 4 2 0 0 814 486 1077 1384
1984 4 2 0 0 397 462 719 805
1985 4 2 0 0 328 605 962 1105
1986 4 2 0 0 448 247 887 954
1987 4 2 0 0 1257 444 337 107
1988 4 2 0 0 267 320 869 1056
1989 4 2 0 0 921 977 252 273
1990 4 2 0 0 281 257 309 454
1991 4 2 0 0 518 1361 321 377
1992 4 2 0 0 636 344 1212 1274
1993 4 2 0 0 177 67 176 407
1994 4 2 0 0 67 177 68 407
1995 4 2 0 0 210 675 1294 1346
1996 4 2 0 0 325 193 473 679
1997 4 2 0 0 487 473 563 679
1998 4 2 0 0 250 247 832 887
1999 4 2 0 0 1052 1164 844 666
2000 4 2 0 0 574 983 348 112
2001 4 2 0 0 309 480 675 725
2002 4 2 0 0 406 386 418 837
2003 4 2 0 0 65 572 579 718
2004 4 2 0 0 415 299 583 1319
2005 4 2 0 0 151 635 802 1009
2006 4 2 0 0 265 590 906 1084
2007 4 2 0 0 247 470 1245 1455
2008 4 2 0 0 348 968 1279 1019
2009 4 2 0 0 61 282 589 678
2010 4 2 0 0 867 697 954 1188
2011 4 2 0 0 541 1002 453 1132
2012 4 2 0 0 255 1242 1305 1348
2013 4 2 0 0 1153 371 1159 1319
2014 4 2 0 0 332 284 387 479
2015 4 2 0 0 524 1517 1524 1543
2016 4 2 0 0 1043 301 961 485
2017 4 2 0 0 170 46 186 410
2018 4 2 0 0 123 170 186 410
2019 4 2 0 0 1380 1077 486 1384
2020 4 2 0 0 772 715 284 950
2021 4 2 0 0 490 301 961 1073
2022 4 2 0 0 1358 1288 1300 1266
2023 4 2 0 0 1129 697 1325 1486
2024 4 2 0 0 809 485 1000 1017
2025 4 2 0 0 725 648 675 115
2026 4 2 0 0 8 933 964 1352
2027 4 2 0 0 69 179 178 517
2028 4 2 0 0 794 366 990 1006
2029 4 2 0 0 94 674 820 896
2030 4 2 0 0 37 36 67 1151
2031 4 2 0 0 691 487 1316 1407
2032 4 2 0 0 417 286 1400 1355
2033 4 2 0 0 306 287 566 829
2034 4 2 0 0 22 727 997 1011
2035 4 2 0 0 1066 907 1123 1314
2036 4 2 0 0 50 148 160 1016
2037 4 2 0 0 383 465 709 944
2038 4 2 0 0 347 592 951 1075
2039 4 2 0 0 781 456 1503 1519
2040 4 2 0 0 343 1145 1171 1177
2041 4 2 0 0 582 469 622 1293
2042 4 2 0 0 1264 260 1298 1315
2043 4 2 0 0 1302 1278 1298 258
2044 4 2 0 0 124 295 549 1026
2045 4 2 0 0 84 68 987 1087
2046 4 2 0 0 658 1524 1531 1544
2047 4 2 0 0 845 586 1211 265
2048 4 2 0 0 313 660 1309 1336
2049 4 2 0 0 1033 390 437 849
2050 4 2 0 0 652 1505 672 764
2051 4 2 0 0 247 891 947 1203
2052 4 2 0 0 1016 676 378 976
2053 4 2 0 0 228 714 898 969
2054 4 2 0 0 497 1306 736 763
2055 4 2 0 0 246 368 1043 354
2056 4 2 0 0 1225 865 1563 1567
2057 4 2 0 0 1463 1448 1528 991
2058 4 2 0 0 431 259 1104 1147
2059 4 2 0 0 149 559 562 574
2060 4 2 0 0 300 573 614 803
2061 4 2 0 0 1285 105 1501 1553
2062 4 2 0 0 395 385 466 621
2063 4 2 0 0 798 1374 851 1044
2064 4 2 0 0 251 390 466 633
2065 4 2 0 0 515 361 568 772
2066 4 2 0 0 559 540 790 826
2067 4 2 0 0 571 492 740 772
2068 4 2 0 0 548 280 622 838
2069 4 2 0 0 47 48 140 689
2070 4 2 0 0 1174 1436 1543 1548
2071 4 2 0 0 162 73 183 1022
2072 4 2 0 0 176 67 228 882
2073 4 2 0 0 1008 1029 180 924
2074 4 2 0 0 295 171 549 913
2075 4 2 0 0 441 331 1045 1137
2076 4 2 0 0 312 71 356 552
2077 4 2 0 0 268 390 633 870
2078 4 2 0 0 252 354 432 444
2079 4 2 0 0 196 193 231 471
2080 4 2 0 0 613 645 614 381
2081 4 2 0 0 918 983 152 537
2082 4 2 0 0 650 342 989 1021
2083 4 2 0 0 261 446 557 601
2084 4 2 0 0 219 692 1327 1461
2085 4 2 0 0 219 400 741 915
2086 4 2 0 0 288 289 753 807
2087 4 2 0 0 51 52 538 717
2088 4 2 0 0 1006 388 1074 1162
2089 4 2 0 0 475 693 700 779
2090 4 2 0 0 1237 1340 1277 1336
2091 4 2 0 0 415 268 448 650
2092 4 2 0 0 407 315 653 940
2093 4 2 0 0 316 771 835 1190
2094 4 2 0 0 380 708 384 603
2095 4 2 0 0 366 423 788 975
2096 4 2 0 0 151 111 521 604
2097 4 2 0 0 40 34 600 783
2098 4 2 0 0 317 582 628 807
2099 4 2 0 0 611 440 627 1347
2100 4 2 0 0 373 729 978 993
2101 4 2 0 0 416 1087 83 987
2102 4 2 0 0 500 424 720 827
2103 4 2 0 0 639 288 773 807
2104 4 2 0 0 286 1284 1337 1400
2105 4 2 0 0 369 629 839 855
2106 4 2 0 0 121 181 180 489
2107 4 2 0 0 138 137 353 646
2108 4 2 0 0 322 493 495 651
2109 4 2 0 0 353 312 399 646
2110 4 2 0 0 521 270 635 1009
2111 4 2 0 0 325 1012 705 302
2112 4 2 0 0 127 128 684 707
2113 4 2 0 0 424 500 684 707
2114 4 2 0 0 974 537 979 1124
2115 4 2 0 0 390 251 967 1005
2116 4 2 0 0 80 1033 437 82
2117 4 2 0 0 418 837 317 584
2118 4 2 0 0 1443 1569 1393 1401
2119 4 2 0 0 1305 1551 1137 580
2120 4 2 0 0 1491 1499 1552 841
2121 4 2 0 0 40 34 783 853
2122 4 2 0 0 261 322 427 557
2123 4 2 0 0 172 187 330 464
2124 4 2 0 0 322 261 446 557
2125 4 2 0 0 880 1048 1270 1304
2126 4 2 0 0 579 572 609 857
2127 4 2 0 0 859 583 1030 1175
2128 4 2 0 0 734 382 739 745
2129 4 2 0 0 601 211 726 815
2130 4 2 0 0 408 576 677 1099
2131 4 2 0 0 314 286 375 472
2132 4 2 0 0 377 406 439 518
2133 4 2 0 0 1166 359 1202 1219
2134 4 2 0 0 776 519 1004 1038
2135 4 2 0 0 29 965 387 708
2136 4 2 0 0 595 400 632 1003
2137 4 2 0 0 116 155 340 439
2138 4 2 0 0 519 294 1215 1295
2139 4 2 0 0 1307 1553 565 1332
2140 4 2 0 0 121 180 623 1008
2141 4 2 0 0 390 1033 365 320
2142 4 2 0 0 80 365 420 437
2143 4 2 0 0 698 335 893 1165
2144 4 2 0 0 813 706 821 871
2145 4 2 0 0 389 1125 1176 1284
2146 4 2 0 0 382 409 734 1007
2147 4 2 0 0 509 311 604 968
2148 4 2 0 0 1278 355 1470 1049
2149 4 2 0 0 483 446 502 557
2150 4 2 0 0 63 1096 1340 1375
2151 4 2 0 0 18 191 362 850
2152 4 2 0 0 1307 1553 1526 1395
2153 4 2 0 0 164 80 165 437
2154 4 2 0 0 165 83 164 437
2155 4 2 0 0 82 80 164 437
2156 4 2 0 0 83 165 85 437
2157 4 2 0 0 1117 974 598 392
2158 4 2 0 0 544 482 692 1327
2159 4 2 0 0 1084 832 1187 1211
2160 4 2 0 0 268 633 650 1021
2161 4 2 0 0 502 215 538 557
2162 4 2 0 0 251 423 829 1005
2163 4 2 0 0 547 731 1010 1018
2164 4 2 0 0 51 56 450 538
2165 4 2 0 0 676 52 717 976
2166 4 2 0 0 238 714 1213 723
2167 4 2 0 0 545 1573 1571 630
2168 4 2 0 0 257 378 454 494
2169 4 2 0 0 878 759 1333 1380
2170 4 2 0 0 82 173 365 1033
2171 4 2 0 0 1418 1497 1468 1458
2172 4 2 0 0 686 1223 1249 1286
2173 4 2 0 0 301 1043 961 1116
2174 4 2 0 0 231 29 603 708
2175 4 2 0 0 645 524 1164 1174
2176 4 2 0 0 540 235 559 574
2177 4 2 0 0 821 813 830 866
2178 4 2 0 0 1231 474 875 453
2179 4 2 0 0 254 257 454 494
2180 4 2 0 0 1335 843 1349 1402
2181 4 2 0 0 378 440 446 447
2182 4 2 0 0 880 1040 1053 1093
2183 4 2 0 0 528 567 784 1167
2184 4 2 0 0 140 43 314 606
2185 4 2 0 0 784 314 863 1235
2186 4 2 0 0 77 163 1212 1274
2187 4 2 0 0 287 345 589 641
2188 4 2 0 0 291 642 964 971
2189 4 2 0 0 818 561 840 883
2190 4 2 0 0 43 45 417 606
2191 4 2 0 0 1362 1384 1575 1579
2192 4 2 0 0 1273 213 449 573
2193 4 2 0 0 1130 773 555 628
2194 4 2 0 0 920 96 944 1299
2195 4 2 0 0 414 101 596 1429
2196 4 2 0 0 345 287 402 641
2197 4 2 0 0 148 447 683 1016
2198 4 2 0 0 1113 292 1154 1248
2199 4 2 0 0 380 743 775 1261
2200 4 2 0 0 321 386 582 1385
2201 4 2 0 0 611 145 929 966
2202 4 2 0 0 1135 1129 1150 1188
2203 4 2 0 0 652 388 1191 409
2204 4 2 0 0 1512 567 619 1155
2205 4 2 0 0 584 475 693 700
2206 4 2 0 0 144 142 808 1029
2207 4 2 0 0 424 707 938 1157
2208 4 2 0 0 1554 1541 1559 1568
2209 4 2 0 0 80 165 431 682
2210 4 2 0 0 891 947 1203 1304
2211 4 2 0 0 181 143 207 467
2212 4 2 0 0 635 151 665 858
2213 4 2 0 0 3 766 1559 1560
2214 4 2 0 0 440 335 768 1165
2215 4 2 0 0 148 49 147 447
2216 4 2 0 0 110 111 206 959
2217 4 2 0 0 49 148 50 447
2218 4 2 0 0 1403 1401 1564 1565
2219 4 2 0 0 1509 1343 616 1524
2220 4 2 0 0 746 1004 977 1075
2221 4 2 0 0 1170 1213 366 398
2222 4 2 0 0 546 320 549 701
2223 4 2 0 0 700 505 769 779
2224 4 2 0 0 60 282 678 823
2225 4 2 0 0 51 56 49 450
2226 4 2 0 0 54 49 56 450
2227 4 2 0 0 1067 219 754 721
2228 4 2 0 0 373 371 1549 1557
2229 4 2 0 0 164 437 912 1033
2230 4 2 0 0 857 1334 1322 693
2231 4 2 0 0 530 575 761 777
2232 4 2 0 0 332 347 737 747
2233 4 2 0 0 69 506 769 1037
2234 4 2 0 0 113 329 116 846
2235 4 2 0 0 963 335 1027 1078
2236 4 2 0 0 1129 1325 1482 1486
2237 4 2 0 0 403 254 834 869
2238 4 2 0 0 582 358 628 807
2239 4 2 0 0 392 604 1477 311
2240 4 2 0 0 422 328 1312 1337
2241 4 2 0 0 618 430 1156 1443
2242 4 2 0 0 168 169 436 520
2243 4 2 0 0 658 888 1193 1343
2244 4 2 0 0 507 695 1237 1342
2245 4 2 0 0 306 174 345 749
2246 4 2 0 0 382 387 551 284
2247 4 2 0 0 561 578 840 883
2248 4 2 0 0 888 804 1193 1343
2249 4 2 0 0 215 210 480 648
2250 4 2 0 0 451 814 1077 1384
2251 4 2 0 0 680 468 1079 1218
2252 4 2 0 0 403 157 688 66
2253 4 2 0 0 105 1418 1468 1513
2254 4 2 0 0 875 522 1231 1244
2255 4 2 0 0 114 161 160 454
2256 4 2 0 0 161 114 115 454
2257 4 2 0 0 516 1259 285 310
2258 4 2 0 0 642 8 892 964
2259 4 2 0 0 207 143 228 467
2260 4 2 0 0 277 1299 469 1366
2261 4 2 0 0 184 163 457 682
2262 4 2 0 0 887 954 1201 1221
2263 4 2 0 0 587 335 1201 1221
2264 4 2 0 0 184 163 391 457
2265 4 2 0 0 855 915 421 469
2266 4 2 0 0 1222 1427 848 847
2267 4 2 0 0 147 148 447 683
2268 4 2 0 0 1150 587 1183 1188
2269 4 2 0 0 63 700 1096 1375
2270 4 2 0 0 596 848 947 1427
2271 4 2 0 0 648 210 675 1294
2272 4 2 0 0 171 41 626 913
2273 4 2 0 0 34 600 783 1017
2274 4 2 0 0 1279 323 537 348
2275 4 2 0 0 352 881 1063 1172
2276 4 2 0 0 799 705 31 308
2277 4 2 0 0 167 376 1339 1413
2278 4 2 0 0 387 382 745 479
2279 4 2 0 0 862 972 1098 1233
2280 4 2 0 0 468 238 485 536
2281 4 2 0 0 161 454 725 976
2282 4 2 0 0 259 796 1104 1536
2283 4 2 0 0 291 569 971 981
2284 4 2 0 0 43 42 436 598
2285 4 2 0 0 67 37 228 875
2286 4 2 0 0 353 137 459 809
2287 4 2 0 0 603 813 900 925
2288 4 2 0 0 962 1400 1313 770
2289 4 2 0 0 255 1202 1370 1379
2290 4 2 0 0 552 78 636 1168
2291 4 2 0 0 344 305 636 1046
2292 4 2 0 0 102 1276 1344 1359
2293 4 2 0 0 727 373 861 972
2294 4 2 0 0 740 571 772 982
2295 4 2 0 0 299 1538 1547 1549
2296 4 2 0 0 330 367 410 464
2297 4 2 0 0 172 330 410 464
2298 4 2 0 0 442 565 985 1307
2299 4 2 0 0 439 155 778 824
2300 4 2 0 0 121 122 489 1163
2301 4 2 0 0 746 291 971 981
2302 4 2 0 0 600 1000 279 783
2303 4 2 0 0 1252 1409 1464 1489
2304 4 2 0 0 30 25 308 1034
2305 4 2 0 0 875 453 943 1231
2306 4 2 0 0 557 427 601 617
2307 4 2 0 0 300 360 394 516
2308 4 2 0 0 931 264 971 1227
2309 4 2 0 0 1139 543 1141 1488
2310 4 2 0 0 262 96 277 1371
2311 4 2 0 0 359 893 1123 1166
2312 4 2 0 0 729 734 750 739
2313 4 2 0 0 728 260 1264 1445
2314 4 2 0 0 99 1350 1389 1436
2315 4 2 0 0 383 103 458 465
2316 4 2 0 0 610 363 945 1328
2317 4 2 0 0 103 383 445 465
2318 4 2 0 0 963 822 1078 1133
2319 4 2 0 0 299 415 1159 1319
2320 4 2 0 0 1517 1520 1524 1585
2321 4 2 0 0 210 480 648 675
2322 4 2 0 0 714 579 890 898
2323 4 2 0 0 676 50 976 1016
2324 4 2 0 0 391 79 696 960
2325 4 2 0 0 210 340 439 648
2326 4 2 0 0 813 706 900 925
2327 4 2 0 0 678 282 816 823
2328 4 2 0 0 96 262 277 469
2329 4 2 0 0 322 450 483 651
2330 4 2 0 0 213 328 422 962
2331 4 2 0 0 576 359 588 703
2332 4 2 0 0 262 96 421 469
2333 4 2 0 0 152 348 537 983
2334 4 2 0 0 711 741 754 1067
2335 4 2 0 0 915 855 421 711
2336 4 2 0 0 556 781 1454 1500
2337 4 2 0 0 147 109 493 495
2338 4 2 0 0 450 49 483 651
2339 4 2 0 0 281 610 688 819
2340 4 2 0 0 1447 1569 1592 1597
2341 4 2 0 0 119 174 306 749
2342 4 2 0 0 111 151 521 635
2343 4 2 0 0 902 904 998 1438
2344 4 2 0 0 1182 133 1501 1537
2345 4 2 0 0 374 334 638 655
2346 4 2 0 0 1049 1068 1442 1470
2347 4 2 0 0 344 1046 1168 1212
2348 4 2 0 0 517 1163 724 333
2349 4 2 0 0 626 608 673 701
2350 4 2 0 0 297 243 402 794
2351 4 2 0 0 193 964 892 209
2352 4 2 0 0 921 977 264 1052
2353 4 2 0 0 435 301 744 1257
2354 4 2 0 0 951 799 303 308
2355 4 2 0 0 775 743 925 1261
2356 4 2 0 0 115 675 725 789
2357 4 2 0 0 251 315 423 474
2358 4 2 0 0 577 881 1419 1596
2359 4 2 0 0 253 586 742 1246
2360 4 2 0 0 9 481 657 1134
2361 4 2 0 0 423 250 788 975
2362 4 2 0 0 391 431 457 1238
2363 4 2 0 0 259 455 928 937
2364 4 2 0 0 677 894 1141 1148
2365 4 2 0 0 248 244 472 1290
2366 4 2 0 0 784 576 1167 1235
2367 4 2 0 0 480 717 725 1028
2368 4 2 0 0 1029 1008 180 461
2369 4 2 0 0 442 272 985 1064
2370 4 2 0 0 722 201 1318 1419
2371 4 2 0 0 323 510 404 1370
2372 4 2 0 0 317 753 837 386
2373 4 2 0 0 516 995 1243 1310
2374 4 2 0 0 391 272 646 960
2375 4 2 0 0 314 286 472 1289
2376 4 2 0 0 335 698 768 1165
2377 4 2 0 0 487 746 981 291
2378 4 2 0 0 1223 1242 1249 1260
2379 4 2 0 0 521 562 564 604
2380 4 2 0 0 444 452 1508 1518
2381 4 2 0 0 456 357 1440 1478
2382 4 2 0 0 527 475 584 700
2383 4 2 0 0 368 252 760 977
2384 4 2 0 0 79 75 312 552
2385 4 2 0 0 477 594 595 678
2386 4 2 0 0 591 1155 1158 1234
2387 4 2 0 0 641 282 831 816
2388 4 2 0 0 1005 390 268 901
2389 4 2 0 0 451 760 844 977
2390 4 2 0 0 473 193 563 679
2391 4 2 0 0 1228 389 1262 1265
2392 4 2 0 0 686 1226 1229 1359
2393 4 2 0 0 1485 1499 1546 1552
2394 4 2 0 0 405 8 642 964
2395 4 2 0 0 461 356 980 801
2396 4 2 0 0 811 1368 104 1317
2397 4 2 0 0 666 519 1109 1240
2398 4 2 0 0 281 282 641 688
2399 4 2 0 0 1073 744 1180 276
2400 4 2 0 0 222 154 833 852
2401 4 2 0 0 1273 1125 1111 449
2402 4 2 0 0 880 1040 1048 1203
2403 4 2 0 0 123 173 124 546
2404 4 2 0 0 1123 359 1166 1314
2405 4 2 0 0 1485 1536 1550 1552
2406 4 2 0 0 283 309 480 675
2407 4 2 0 0 501 775 847 1270
2408 4 2 0 0 124 546 549 673
2409 4 2 0 0 170 567 663 673
2410 4 2 0 0 171 124 549 673
2411 4 2 0 0 177 119 120 491
2412 4 2 0 0 1004 776 1038 1077
2413 4 2 0 0 923 37 943 1244
2414 4 2 0 0 659 689 966 1399
2415 4 2 0 0 1027 1219 1344 1374
2416 4 2 0 0 333 517 1163 1253
2417 4 2 0 0 258 305 575 777
2418 4 2 0 0 253 1357 1368 1392
2419 4 2 0 0 348 311 537 1279
2420 4 2 0 0 132 411 1475 1487
2421 4 2 0 0 1045 331 1047 1137
2422 4 2 0 0 255 1219 1344 1348
2423 4 2 0 0 210 340 648 1014
2424 4 2 0 0 495 885 983 1001
2425 4 2 0 0 445 669 644 617
2426 4 2 0 0 416 142 539 1029
2427 4 2 0 0 534 276 820 950
2428 4 2 0 0 343 1145 1177 1190
2429 4 2 0 0 205 15 338 488
2430 4 2 0 0 687 279 809 1043
2431 4 2 0 0 469 582 622 692
2432 4 2 0 0 725 717 648 161
2433 4 2 0 0 294 76 352 1063
2434 4 2 0 0 346 369 629 896
2435 4 2 0 0 710 870 420 365
2436 4 2 0 0 374 478 655 941
2437 4 2 0 0 171 549 626 673
2438 4 2 0 0 770 512 1355 1364
2439 4 2 0 0 79 74 75 552
2440 4 2 0 0 436 168 520 802
2441 4 2 0 0 609 1435 313 1461
2442 4 2 0 0 495 651 787 790
2443 4 2 0 0 236 545 804 911
2444 4 2 0 0 1036 1048 1093 1557
2445 4 2 0 0 583 634 1030 1175
2446 4 2 0 0 254 293 364 909
2447 4 2 0 0 447 446 483 493
2448 4 2 0 0 147 447 483 493
2449 4 2 0 0 1413 1061 166 376
2450 4 2 0 0 1366 632 1385 469
2451 4 2 0 0 799 951 303 347
2452 4 2 0 0 378 290 446 774
2453 4 2 0 0 389 432 640 1320
2454 4 2 0 0 170 171 626 673
2455 4 2 0 0 343 773 804 1193
2456 4 2 0 0 21 649 997 1098
2457 4 2 0 0 123 170 663 673
2458 4 2 0 0 214 1380 1450 1597
2459 4 2 0 0 257 1263 281 1211
2460 4 2 0 0 205 488 1402 1466
2461 4 2 0 0 21 649 727 997
2462 4 2 0 0 439 210 1294 1346
2463 4 2 0 0 1125 1111 1205 1230
2464 4 2 0 0 356 227 777 793
2465 4 2 0 0 461 180 801 1008
2466 4 2 0 0 1072 1171 1534 1535
2467 4 2 0 0 31 29 387 751
2468 4 2 0 0 200 451 844 1389
2469 4 2 0 0 746 274 776 1004
2470 4 2 0 0 763 290 499 497
2471 4 2 0 0 736 216 763 1114
2472 4 2 0 0 689 619 703 907
2473 4 2 0 0 254 364 494 834
2474 4 2 0 0 127 310 500 684
2475 4 2 0 0 45 43 417 598
2476 4 2 0 0 1372 700 584 1405
2477 4 2 0 0 361 1089 396 89
2478 4 2 0 0 361 1089 89 515
2479 4 2 0 0 601 261 768 851
2480 4 2 0 0 670 270 267 232
2481 4 2 0 0 42 392 436 598
2482 4 2 0 0 261 851 1146 1379
2483 4 2 0 0 278 302 487 679
2484 4 2 0 0 848 904 994 996
2485 4 2 0 0 104 1246 811 499
2486 4 2 0 0 1474 608 1484 1491
2487 4 2 0 0 193 125 563 679
2488 4 2 0 0 747 276 820 1156
2489 4 2 0 0 127 310 195 240
2490 4 2 0 0 753 317 786 807
2491 4 2 0 0 832 470 247 1084
2492 4 2 0 0 249 448 543 895
2493 4 2 0 0 460 242 1138 1306
2494 4 2 0 0 1052 921 1136 1149
2495 4 2 0 0 357 415 650 989
2496 4 2 0 0 927 711 554 797
2497 4 2 0 0 568 735 878 1266
2498 4 2 0 0 493 440 768 1165
2499 4 2 0 0 55 56 538 638
2500 4 2 0 0 385 342 466 621
2501 4 2 0 0 576 588 619 703
2502 4 2 0 0 13 707 879 1157
2503 4 2 0 0 656 192 707 719
2504 4 2 0 0 241 1108 1563 1586
2505 4 2 0 0 258 305 532 1278
2506 4 2 0 0 78 184 391 696
2507 4 2 0 0 549 626 673 701
2508 4 2 0 0 62 154 506 508
2509 4 2 0 0 964 193 194 473
2510 4 2 0 0 207 1431 936 197
2511 4 2 0 0 243 794 990 1006
2512 4 2 0 0 1147 1533 1536 1550
2513 4 2 0 0 668 822 998 904
2514 4 2 0 0 747 486 814 1156
2515 4 2 0 0 645 524 1105 1164
2516 4 2 0 0 434 748 328 417
2517 4 2 0 0 154 59 157 508
2518 4 2 0 0 62 59 154 508
2519 4 2 0 0 193 194 473 563
2520 4 2 0 0 78 163 636 1168
2521 4 2 0 0 1181 359 576 677
2522 4 2 0 0 557 644 1192 215
2523 4 2 0 0 979 311 1117 1127
2524 4 2 0 0 544 482 582 692
2525 4 2 0 0 544 693 767 1334
2526 4 2 0 0 99 1324 1436 1493
2527 4 2 0 0 900 20 919 1060
2528 4 2 0 0 1273 1230 1312 1186
2529 4 2 0 0 949 398 788 366
2530 4 2 0 0 1006 990 1122 1213
2531 4 2 0 0 1117 974 979 598
2532 4 2 0 0 615 335 440 1165
2533 4 2 0 0 628 482 1054 1130
2534 4 2 0 0 640 443 760 1118
2535 4 2 0 0 1484 528 1485 1491
2536 4 2 0 0 392 429 436 512
2537 4 2 0 0 266 288 555 935
2538 4 2 0 0 513 159 334 158
2539 4 2 0 0 159 513 334 329
2540 4 2 0 0 116 159 329 513
2541 4 2 0 0 159 113 158 513
2542 4 2 0 0 113 159 116 513
2543 4 2 0 0 465 630 1045 1210
2544 4 2 0 0 1360 239 1392 1371
2545 4 2 0 0 1267 286 1284 1290
2546 4 2 0 0 621 385 694 795
2547 4 2 0 0 523 397 917 956
2548 4 2 0 0 267 232 270 1056
2549 4 2 0 0 752 1099 1111 1230
2550 4 2 0 0 488 126 563 569
2551 4 2 0 0 208 126 488 569
2552 4 2 0 0 183 1194 1058 164
2553 4 2 0 0 335 460 736 774
2554 4 2 0 0 89 237 361 515
2555 4 2 0 0 917 707 719 884
2556 4 2 0 0 852 769 1037 1121
2557 4 2 0 0 342 694 704 817
2558 4 2 0 0 817 342 988 989
2559 4 2 0 0 179 69 70 517
2560 4 2 0 0 1445 1212 1247 344
2561 4 2 0 0 1265 273 452 303
2562 4 2 0 0 119 749 882 898
2563 4 2 0 0 210 377 439 518
2564 4 2 0 0 340 210 439 518
2565 4 2 0 0 1491 528 1494 1512
2566 4 2 0 0 295 635 1391 1417
2567 4 2 0 0 983 918 152 885
2568 4 2 0 0 754 711 1067 1069
2569 4 2 0 0 1078 963 1133 1345
2570 4 2 0 0 657 879 1083 1208
2571 4 2 0 0 149 150 559 574
2572 4 2 0 0 268 415 796 1021
2573 4 2 0 0 400 816 594 845
2574 4 2 0 0 776 294 1038 1335
2575 4 2 0 0 512 1355 436 434
2576 4 2 0 0 649 299 791 1175
2577 4 2 0 0 429 392 436 520
2578 4 2 0 0 456 357 1153 1440
2579 4 2 0 0 169 117 118 520
2580 4 2 0 0 117 169 168 520
2581 4 2 0 0 1542 514 1563 1573
2582 4 2 0 0 717 725 648 480
2583 4 2 0 0 1135 1129 1325 1482
2584 4 2 0 0 322 698 768 1059
2585 4 2 0 0 438 562 564 942
2586 4 2 0 0 206 222 232 521
2587 4 2 0 0 206 232 270 521
2588 4 2 0 0 111 149 206 521
2589 4 2 0 0 223 860 1524 1585
2590 4 2 0 0 149 513 206 521
2591 4 2 0 0 317 837 527 584
2592 4 2 0 0 331 323 540 1059
2593 4 2 0 0 581 586 782 906
2594 4 2 0 0 513 149 206 158
2595 4 2 0 0 206 513 222 521
2596 4 2 0 0 459 432 1303 1422
2597 4 2 0 0 839 430 896 930
2598 4 2 0 0 409 652 1153 1191
2599 4 2 0 0 404 496 738 885
2600 4 2 0 0 387 332 479 708
2601 4 2 0 0 479 743 380 382
2602 4 2 0 0 867 448 887 954
2603 4 2 0 0 359 408 995 1243
2604 4 2 0 0 287 254 566 829
2605 4 2 0 0 818 95 1062 1143
2606 4 2 0 0 1450 1447 1592 1597
2607 4 2 0 0 65 345 477 589
2608 4 2 0 0 379 463 702 800
2609 4 2 0 0 30 325 393 705
2610 4 2 0 0 1443 486 1556 245
2611 4 2 0 0 799 1020 1144 1378
2612 4 2 0 0 192 6 189 917
2613 4 2 0 0 704 357 989 1453
2614 4 2 0 0 288 753 786 807
2615 4 2 0 0 580 323 1137 1281
2616 4 2 0 0 1313 1400 1267 770
2617 4 2 0 0 763 218 1070 1143
2618 4 2 0 0 995 1186 408 677
2619 4 2 0 0 1376 1020 1144 136
2620 4 2 0 0 353 279 575 600
2621 4 2 0 0 714 238 1213 522
2622 4 2 0 0 576 359 703 1314
2623 4 2 0 0 286 314 863 1289
2624 4 2 0 0 301 435 485 1480
2625 4 2 0 0 303 452 1265 1377
2626 4 2 0 0 672 435 764 1481
2627 4 2 0 0 483 147 493 651
2628 4 2 0 0 154 508 812 833
2629 4 2 0 0 1355 169 375 1341
2630 4 2 0 0 238 536 1173 1258
2631 4 2 0 0 391 318 457 607
2632 4 2 0 0 1075 747 592 735
2633 4 2 0 0 1250 704 1453 1458
2634 4 2 0 0 306 287 345 570
2635 4 2 0 0 417 606 748 863
2636 4 2 0 0 334 55 638 655
2637 4 2 0 0 90 271 369 533
2638 4 2 0 0 802 635 939 1009
2639 4 2 0 0 238 197 714 723
2640 4 2 0 0 986 583 988 1030
2641 4 2 0 0 152 792 885 918
2642 4 2 0 0 720 1222 1255 1259
2643 4 2 0 0 1357 1360 1368 1392
2644 4 2 0 0 382 699 734 739
2645 4 2 0 0 1072 671 618 620
2646 4 2 0 0 336 576 588 619
2647 4 2 0 0 495 1165 627 493
2648 4 2 0 0 741 654 782 1041
2649 4 2 0 0 269 318 607 1247
2650 4 2 0 0 885 1165 404 496
2651 4 2 0 0 610 157 688 819
2652 4 2 0 0 28 745 387 734
2653 4 2 0 0 1132 398 238 1170
2654 4 2 0 0 351 350 851 1239
2655 4 2 0 0 510 738 748 1124
2656 4 2 0 0 1236 971 981 746
2657 4 2 0 0 1498 1464 1232 1489
2658 4 2 0 0 746 274 1004 1075
2659 4 2 0 0 320 267 566 849
2660 4 2 0 0 465 289 478 639
2661 4 2 0 0 256 227 600 761
2662 4 2 0 0 26 503 504 729
2663 4 2 0 0 385 650 633 342
2664 4 2 0 0 477 61 589 678
2665 4 2 0 0 55 51 52 538
2666 4 2 0 0 55 52 159 538
2667 4 2 0 0 51 55 56 538
2668 4 2 0 0 159 52 161 538
2669 4 2 0 0 354 353 459 809
2670 4 2 0 0 586 217 742 1246
2671 4 2 0 0 368 1043 301 1116
2672 4 2 0 0 484 414 511 1083
2673 4 2 0 0 770 417 328 1400
2674 4 2 0 0 717 676 976 1028
2675 4 2 0 0 246 530 575 687
2676 4 2 0 0 5 850 362 338
2677 4 2 0 0 242 351 460 851
2678 4 2 0 0 304 1291 1578 1582
2679 4 2 0 0 454 115 725 789
2680 4 2 0 0 309 454 725 789
2681 4 2 0 0 33 453 1002 943
2682 4 2 0 0 549 171 626 913
2683 4 2 0 0 145 611 627 966
2684 4 2 0 0 445 669 617 103
2685 4 2 0 0 385 398 541 453
2686 4 2 0 0 385 398 453 474
2687 4 2 0 0 638 374 655 941
2688 4 2 0 0 60 141 660 695
2689 4 2 0 0 549 146 913 929
2690 4 2 0 0 775 424 925 938
2691 4 2 0 0 605 328 962 1400
2692 4 2 0 0 165 431 1104 1147
2693 4 2 0 0 792 966 885 48
2694 4 2 0 0 199 339 1357 1360
2695 4 2 0 0 923 238 1031 1173
2696 4 2 0 0 200 620 671 1072
2697 4 2 0 0 335 615 893 1165
2698 4 2 0 0 308 30 1034 1351
2699 4 2 0 0 1329 463 1412 1437
2700 4 2 0 0 322 483 493 651
2701 4 2 0 0 224 499 811 1246
2702 4 2 0 0 173 123 172 546
2703 4 2 0 0 555 438 935 991
2704 4 2 0 0 635 151 664 665
2705 4 2 0 0 166 73 376 1061
2706 4 2 0 0 172 123 663 710
2707 4 2 0 0 692 219 754 915
2708 4 2 0 0 753 386 778 837
2709 4 2 0 0 891 880 1301 1304
2710 4 2 0 0 560 465 445 383
2711 4 2 0 0 587 335 588 963
2712 4 2 0 0 374 215 644 1057
2713 4 2 0 0 371 1159 1319 1547
2714 4 2 0 0 213 328 962 1105
2715 4 2 0 0 769 69 1037 1121
2716 4 2 0 0 273 308 1265 1351
2717 4 2 0 0 1480 672 435 485
2718 4 2 0 0 1083 657 806 879
2719 4 2 0 0 759 878 1420 1554
2720 4 2 0 0 485 301 809 1043
2721 4 2 0 0 341 129 413 1088
2722 4 2 0 0 1423 1440 1471 1478
2723 4 2 0 0 21 1233 1092 1098
2724 4 2 0 0 1313 962 770 443
2725 4 2 0 0 567 1512 619 1167
2726 4 2 0 0 123 170 410 663
2727 4 2 0 0 88 351 815 1415
2728 4 2 0 0 226 1520 1524 1551
2729 4 2 0 0 1493 1174 1517 1570
2730 4 2 0 0 69 872 517 178
2731 4 2 0 0 425 1519 1532 1537
2732 4 2 0 0 1300 1266 1316 1321
2733 4 2 0 0 386 321 1361 1385
2734 4 2 0 0 377 321 897 1366
2735 4 2 0 0 1456 370 939 1061
2736 4 2 0 0 1407 488 531 691
2737 4 2 0 0 1507 1500 556 1511
2738 4 2 0 0 613 300 803 836
2739 4 2 0 0 366 1006 398 1213
2740 4 2 0 0 523 917 953 956
2741 4 2 0 0 681 342 817 694
2742 4 2 0 0 409 490 556 764
2743 4 2 0 0 443 1119 1120 1302
2744 4 2 0 0 1055 501 1115 1214
2745 4 2 0 0 55 56 638 655
2746 4 2 0 0 550 1401 1403 1565
2747 4 2 0 0 364 959 834 869
2748 4 2 0 0 849 320 1026 1033
2749 4 2 0 0 238 702 785 961
2750 4 2 0 0 644 427 669 992
2751 4 2 0 0 530 258 532 555
2752 4 2 0 0 266 530 532 555
2753 4 2 0 0 1157 1208 775 879
2754 4 2 0 0 645 573 666 1164
2755 4 2 0 0 427 331 669 992
2756 4 2 0 0 441 331 685 992
2757 4 2 0 0 1247 269 1267 1313
2758 4 2 0 0 51 502 538 557
2759 4 2 0 0 51 483 502 557
2760 4 2 0 0 541 342 694 704
2761 4 2 0 0 1157 1208 805 380
2762 4 2 0 0 1289 784 1099 244
2763 4 2 0 0 41 1399 48 591
2764 4 2 0 0 267 849 1026 1058
2765 4 2 0 0 51 450 483 557
2766 4 2 0 0 546 365 701 710
2767 4 2 0 0 378 440 497 774
2768 4 2 0 0 189 884 192 917
2769 4 2 0 0 154 506 833 1037
2770 4 2 0 0 573 213 803 836
2771 4 2 0 0 129 341 413 984
2772 4 2 0 0 125 194 193 563
2773 4 2 0 0 488 205 1402 1407
2774 4 2 0 0 150 53 149 559
2775 4 2 0 0 328 213 422 836
2776 4 2 0 0 53 150 54 559
2777 4 2 0 0 465 560 445 644
2778 4 2 0 0 1260 614 1419 1593
2779 4 2 0 0 365 319 701 710
2780 4 2 0 0 1410 1456 939 1061
2781 4 2 0 0 839 758 908 1069
2782 4 2 0 0 227 842 856 936
2783 4 2 0 0 197 207 890 936
2784 4 2 0 0 227 207 842 936
2785 4 2 0 0 95 755 811 1143
2786 4 2 0 0 258 305 558 575
2787 4 2 0 0 111 149 521 562
2788 4 2 0 0 513 149 559 562
2789 4 2 0 0 149 513 521 562
2790 4 2 0 0 513 559 433 562
2791 4 2 0 0 559 433 562 235
2792 4 2 0 0 559 513 433 334
2793 4 2 0 0 559 433 235 334
2794 4 2 0 0 832 254 887 1187
2795 4 2 0 0 282 281 610 688
2796 4 2 0 0 258 246 530 575
2797 4 2 0 0 335 615 440 1221
2798 4 2 0 0 163 636 1168 1212
2799 4 2 0 0 120 491 637 670
2800 4 2 0 0 446 290 557 601
2801 4 2 0 0 571 534 785 1185
2802 4 2 0 0 384 193 471 679
2803 4 2 0 0 729 28 739 830
2804 4 2 0 0 805 719 884 917
2805 4 2 0 0 523 805 884 917
2806 4 2 0 0 360 194 642 892
2807 4 2 0 0 344 260 728 1445
2808 4 2 0 0 567 784 1167 1235
2809 4 2 0 0 55 159 334 638
2810 4 2 0 0 394 1186 516 752
2811 4 2 0 0 221 530 973 1015
2812 4 2 0 0 629 618 1145 1177
2813 4 2 0 0 739 28 751 830
2814 4 2 0 0 305 399 552 1046
2815 4 2 0 0 1495 1511 1468 1505
2816 4 2 0 0 38 79 646 960
2817 4 2 0 0 644 427 941 1057
2818 4 2 0 0 308 273 542 1351
2819 4 2 0 0 400 741 915 1086
2820 4 2 0 0 207 783 842 1258
2821 4 2 0 0 574 983 112 790
2822 4 2 0 0 444 459 1472 1473
2823 4 2 0 0 859 1182 1175 1198
2824 4 2 0 0 122 936 1032 1128
2825 4 2 0 0 224 1070 1084 1409
2826 4 2 0 0 845 1211 253 831
2827 4 2 0 0 895 247 947 1203
2828 4 2 0 0 408 359 576 1314
2829 4 2 0 0 245 361 492 568
2830 4 2 0 0 657 1083 275 484
2831 4 2 0 0 482 618 1204 1329
2832 4 2 0 0 208 126 240 362
2833 4 2 0 0 126 194 563 569
2834 4 2 0 0 194 126 240 569
2835 4 2 0 0 852 833 872 1037
2836 4 2 0 0 395 466 940 1087
2837 4 2 0 0 369 90 533 908
2838 4 2 0 0 615 1150 1161 1347
2839 4 2 0 0 486 814 1077 1330
2840 4 2 0 0 605 443 770 962
2841 4 2 0 0 300 722 910 1310
2842 4 2 0 0 1185 430 1457 1204
2843 4 2 0 0 905 352 1063 1172
2844 4 2 0 0 246 1043 687 809
2845 4 2 0 0 792 152 885 1001
2846 4 2 0 0 734 503 750 889
2847 4 2 0 0 130 656 707 719
2848 4 2 0 0 913 591 929 1399
2849 4 2 0 0 356 355 305 980
2850 4 2 0 0 770 326 1264 1364
2851 4 2 0 0 558 728 1298 1313
2852 4 2 0 0 912 1194 1033 849
2853 4 2 0 0 421 262 469 915
2854 4 2 0 0 228 1151 1173 1244
2855 4 2 0 0 640 422 962 1118
2856 4 2 0 0 329 401 786 846
2857 4 2 0 0 150 111 112 574
2858 4 2 0 0 111 150 149 574
2859 4 2 0 0 363 1292 1294 1328
2860 4 2 0 0 313 477 695 1237
2861 4 2 0 0 213 1273 422 836
2862 4 2 0 0 386 518 753 778
2863 4 2 0 0 399 353 558 575
2864 4 2 0 0 305 399 558 575
2865 4 2 0 0 253 283 667 831
2866 4 2 0 0 115 156 675 789
2867 4 2 0 0 324 936 1032 1406
2868 4 2 0 0 300 394 569 931
2869 4 2 0 0 702 379 723 785
2870 4 2 0 0 436 1355 169 43
2871 4 2 0 0 323 404 537 983
2872 4 2 0 0 395 315 407 940
2873 4 2 0 0 468 1071 680 1002
2874 4 2 0 0 413 201 1142 1207
2875 4 2 0 0 510 323 1281 1370
2876 4 2 0 0 477 65 572 579
2877 4 2 0 0 7 964 1352 542
2878 4 2 0 0 540 348 574 790
2879 4 2 0 0 174 65 345 579
2880 4 2 0 0 345 65 477 579
2881 4 2 0 0 649 972 1098 1206
2882 4 2 0 0 13 130 707 719
2883 4 2 0 0 109 145 627 1001
2884 4 2 0 0 79 38 182 960
2885 4 2 0 0 435 301 485 961
2886 4 2 0 0 897 321 1299 1366
2887 4 2 0 0 324 1032 1253 1386
2888 4 2 0 0 111 151 635 858
2889 4 2 0 0 816 945 823 282
2890 4 2 0 0 56 53 54 655
2891 4 2 0 0 652 388 1097 1191
2892 4 2 0 0 437 466 633 1104
2893 4 2 0 0 566 267 653 849
2894 4 2 0 0 427 601 617 669
2895 4 2 0 0 773 343 628 1171
2896 4 2 0 0 455 86 681 937
2897 4 2 0 0 525 1129 1135 1482
2898 4 2 0 0 632 313 595 660
2899 4 2 0 0 608 710 1474 1484
2900 4 2 0 0 1499 697 1325 1139
2901 4 2 0 0 430 629 839 896
2902 4 2 0 0 293 254 901 909
2903 4 2 0 0 305 260 344 1049
2904 4 2 0 0 1002 541 453 694
2905 4 2 0 0 1323 1461 1327 1435
2906 4 2 0 0 803 613 836 1256
2907 4 2 0 0 1572 1516 643 859
2908 4 2 0 0 448 250 585 650
2909 4 2 0 0 385 788 650 541
2910 4 2 0 0 502 215 557 1192
2911 4 2 0 0 48 140 689 792
2912 4 2 0 0 30 31 325 705
2913 4 2 0 0 1389 1404 1436 1362
2914 4 2 0 0 244 248 1198 1297
2915 4 2 0 0 503 729 750 978
2916 4 2 0 0 309 281 610 945
2917 4 2 0 0 585 263 880 1040
2918 4 2 0 0 156 363 675 789
2919 4 2 0 0 363 309 675 789
2920 4 2 0 0 272 937 985 1064
2921 4 2 0 0 411 132 1430 1471
2922 4 2 0 0 369 529 629 1160
2923 4 2 0 0 572 70 718 1394
2924 4 2 0 0 901 390 967 1005
2925 4 2 0 0 54 49 450 651
2926 4 2 0 0 250 247 448 585
2927 4 2 0 0 1356 1287 520 429
2928 4 2 0 0 47 41 48 591
2929 4 2 0 0 214 1450 1592 1597
2930 4 2 0 0 1022 980 74 162
2931 4 2 0 0 213 1273 836 573
2932 4 2 0 0 532 266 555 935
2933 4 2 0 0 1531 1389 1534 1544
2934 4 2 0 0 61 65 477 589
2935 4 2 0 0 1003 816 400 667
2936 4 2 0 0 1554 1373 1559 1560
2937 4 2 0 0 885 152 983 1001
2938 4 2 0 0 390 437 466 633
2939 4 2 0 0 1005 788 250 650
2940 4 2 0 0 645 524 1517 1551
2941 4 2 0 0 1247 326 1264 1267
2942 4 2 0 0 1182 1206 1332 862
2943 4 2 0 0 495 1165 493 698
2944 4 2 0 0 527 475 700 769
2945 4 2 0 0 248 330 472 1529
2946 4 2 0 0 192 191 656 707
2947 4 2 0 0 765 198 1192 1360
2948 4 2 0 0 61 59 65 589
2949 4 2 0 0 59 66 65 589
2950 4 2 0 0 492 245 568 820
2951 4 2 0 0 363 156 610 789
2952 4 2 0 0 143 139 144 853
2953 4 2 0 0 336 1139 1167 1522
2954 4 2 0 0 39 143 144 853
2955 4 2 0 0 793 227 973 1032
2956 4 2 0 0 243 949 1006 1085
2957 4 2 0 0 503 134 750 889
2958 4 2 0 0 57 593 778 837
2959 4 2 0 0 57 527 593 837
2960 4 2 0 0 1152 398 453 1132
2961 4 2 0 0 681 621 694 35
2962 4 2 0 0 321 289 897 944
2963 4 2 0 0 392 509 512 1117
2964 4 2 0 0 423 366 794 975
2965 4 2 0 0 485 536 899 948
2966 4 2 0 0 58 282 823 1328
2967 4 2 0 0 259 431 455 937
2968 4 2 0 0 139 143 207 853
2969 4 2 0 0 438 564 1068 1278
2970 4 2 0 0 542 7 1351 1352
2971 4 2 0 0 694 680 1002 1079
2972 4 2 0 0 57 154 155 593
2973 4 2 0 0 57 62 154 593
2974 4 2 0 0 1571 1563 1573 1588
2975 4 2 0 0 48 47 591 1399
2976 4 2 0 0 1053 292 1248 1261
2977 4 2 0 0 394 360 569 642
2978 4 2 0 0 659 496 703 893
2979 4 2 0 0 1512 608 567 1155
2980 4 2 0 0 482 544 1323 1327
2981 4 2 0 0 332 965 799 592
2982 4 2 0 0 890 324 936 1128
2983 4 2 0 0 1533 634 1536 1550
2984 4 2 0 0 855 915 469 754
2985 4 2 0 0 867 293 901 909
2986 4 2 0 0 8 20 360 892
2987 4 2 0 0 1150 588 1521 1522
2988 4 2 0 0 567 619 1234 1235
2989 4 2 0 0 243 794 949 975
2990 4 2 0 0 557 290 1192 1241
2991 4 2 0 0 345 174 579 749
2992 4 2 0 0 42 45 44 598
2993 4 2 0 0 45 42 43 598
2994 4 2 0 0 22 19 871 1011
2995 4 2 0 0 579 197 609 732
2996 4 2 0 0 323 441 540 1019
2997 4 2 0 0 1280 1250 1453 1516
2998 4 2 0 0 353 647 809 1017
2999 4 2 0 0 34 38 256 600
3000 4 2 0 0 256 38 312 600
3001 4 2 0 0 233 711 741 915
3002 4 2 0 0 177 120 623 670
3003 4 2 0 0 235 992 441 685
3004 4 2 0 0 284 490 715 744
3005 4 2 0 0 653 637 491 670
3006 4 2 0 0 1569 1432 1447 426
3007 4 2 0 0 253 1246 1392 1368
3008 4 2 0 0 380 384 805 1157
3009 4 2 0 0 326 770 1264 1267
3010 4 2 0 0 192 127 191 707
3011 4 2 0 0 120 177 491 670
3012 4 2 0 0 270 670 267 1058
3013 4 2 0 0 1309 632 1361 660
3014 4 2 0 0 134 133 503 978
3015 4 2 0 0 486 735 747 814
3016 4 2 0 0 767 475 1253 1322
3017 4 2 0 0 231 384 471 603
3018 4 2 0 0 615 440 1221 1347
3019 4 2 0 0 439 824 1268 1294
3020 4 2 0 0 943 875 1231 1244
3021 4 2 0 0 848 720 994 1222
3022 4 2 0 0 1206 1205 1332 862
3023 4 2 0 0 695 313 1237 1336
3024 4 2 0 0 993 699 1007 1036
3025 4 2 0 0 1027 1226 1344 1345
3026 4 2 0 0 111 1035 574 604
3027 4 2 0 0 629 839 855 1204
3028 4 2 0 0 371 993 1007 1036
3029 4 2 0 0 358 343 773 804
3030 4 2 0 0 881 352 905 1172
3031 4 2 0 0 173 188 295 1025
3032 4 2 0 0 555 532 935 1278
3033 4 2 0 0 404 510 1166 1370
3034 4 2 0 0 45 43 140 606
3035 4 2 0 0 17 192 719 917
3036 4 2 0 0 966 1165 496 615
3037 4 2 0 0 576 1181 677 336
3038 4 2 0 0 1039 1184 1126 721
3039 4 2 0 0 403 306 566 637
3040 4 2 0 0 365 420 437 870
3041 4 2 0 0 306 120 491 637
3042 4 2 0 0 219 297 477 609
3043 4 2 0 0 572 477 579 609
3044 4 2 0 0 477 297 579 609
3045 4 2 0 0 155 57 778 824
3046 4 2 0 0 481 484 657 1134
3047 4 2 0 0 709 920 944 1293
3048 4 2 0 0 422 640 962 1400
3049 4 2 0 0 1247 728 1264 1445
3050 4 2 0 0 328 605 770 1400
3051 4 2 0 0 802 520 1080 1424
3052 4 2 0 0 813 821 830 871
3053 4 2 0 0 632 915 277 1086
3054 4 2 0 0 495 322 651 790
3055 4 2 0 0 651 150 787 790
3056 4 2 0 0 358 582 622 1293
3057 4 2 0 0 885 868 689 496
3058 4 2 0 0 146 109 145 611
3059 4 2 0 0 109 146 110 611
3060 4 2 0 0 471 231 603 708
3061 4 2 0 0 238 1097 1132 468
3062 4 2 0 0 192 884 125 128
3063 4 2 0 0 6 17 462 917
3064 4 2 0 0 462 17 719 917
3065 4 2 0 0 270 461 801 1008
3066 4 2 0 0 169 118 375 1341
3067 4 2 0 0 1247 326 1308 1339
3068 4 2 0 0 189 884 125 192
3069 4 2 0 0 1262 1176 1332 1518
3070 4 2 0 0 576 336 784 1167
3071 4 2 0 0 219 1067 624 721
3072 4 2 0 0 238 485 536 899
3073 4 2 0 0 101 596 848 904
3074 4 2 0 0 312 79 399 646
3075 4 2 0 0 38 79 312 646
3076 4 2 0 0 259 643 928 986
3077 4 2 0 0 740 237 1196 1214
3078 4 2 0 0 628 622 582 482
3079 4 2 0 0 1033 390 849 320
3080 4 2 0 0 501 847 879 1083
3081 4 2 0 0 331 1047 1137 1146
3082 4 2 0 0 582 544 628 482
3083 4 2 0 0 261 322 446 768
3084 4 2 0 0 345 402 594 641
3085 4 2 0 0 382 380 479 1055
3086 4 2 0 0 893 404 1123 1166
3087 4 2 0 0 440 378 446 774
3088 4 2 0 0 364 110 146 611
3089 4 2 0 0 197 207 714 890
3090 4 2 0 0 440 446 768 774
3091 4 2 0 0 434 605 1024 1127
3092 4 2 0 0 504 972 861 373
3093 4 2 0 0 1521 1251 525 1161
3094 4 2 0 0 1566 343 1562 1193
3095 4 2 0 0 134 750 781 1532
3096 4 2 0 0 804 91 838 1562
3097 4 2 0 0 445 198 602 617
3098 4 2 0 0 103 445 602 617
3099 4 2 0 0 267 232 637 670
3100 4 2 0 0 1158 619 1514 1521
3101 4 2 0 0 222 852 872 1178
3102 4 2 0 0 752 677 919 1100
3103 4 2 0 0 80 165 1104 1147
3104 4 2 0 0 576 336 677 1099
3105 4 2 0 0 672 468 1079 1097
3106 4 2 0 0 219 692 754 1327
3107 4 2 0 0 425 456 1519 1545
3108 4 2 0 0 770 443 1298 1313
3109 4 2 0 0 878 568 1271 1444
3110 4 2 0 0 302 325 592 705
3111 4 2 0 0 814 735 1075 1330
3112 4 2 0 0 1507 1020 889 136
3113 4 2 0 0 284 515 772 1055
3114 4 2 0 0 319 841 870 1486
3115 4 2 0 0 1489 1081 218 1438
3116 4 2 0 0 1468 411 1471 1505
3117 4 2 0 0 36 395 795 67
3118 4 2 0 0 821 706 861 871
3119 4 2 0 0 325 1012 393 705
3120 4 2 0 0 886 1128 1163 1253
3121 4 2 0 0 35 84 86 621
3122 4 2 0 0 35 36 84 621
3123 4 2 0 0 791 1175 1182 1206
3124 4 2 0 0 455 681 817 928
3125 4 2 0 0 1320 1422 1297 432
3126 4 2 0 0 365 320 546 701
3127 4 2 0 0 349 1412 1431 1437
3128 4 2 0 0 120 232 623 670
3129 4 2 0 0 708 743 745 866
3130 4 2 0 0 653 637 267 566
3131 4 2 0 0 305 344 728 1046
3132 4 2 0 0 280 421 548 622
3133 4 2 0 0 600 856 842 279
3134 4 2 0 0 594 297 595 624
3135 4 2 0 0 400 594 595 624
3136 4 2 0 0 155 340 778 846
3137 4 2 0 0 401 593 786 846
3138 4 2 0 0 243 297 402 624
3139 4 2 0 0 402 297 594 624
3140 4 2 0 0 293 364 730 1091
3141 4 2 0 0 824 1013 1268 1294
3142 4 2 0 0 361 202 396 1271
3143 4 2 0 0 596 848 904 947
3144 4 2 0 0 1103 141 1268 1277
3145 4 2 0 0 46 41 591 626
3146 4 2 0 0 41 170 171 626
3147 4 2 0 0 41 46 170 626
3148 4 2 0 0 424 775 847 879
3149 4 2 0 0 672 1079 1218 1487
3150 4 2 0 0 525 1158 1161 1396
3151 4 2 0 0 708 603 743 866
3152 4 2 0 0 1219 1243 1249 1348
3153 4 2 0 0 332 284 715 1388
3154 4 2 0 0 384 471 603 708
3155 4 2 0 0 1058 1022 183 1025
3156 4 2 0 0 544 628 1054 317
3157 4 2 0 0 446 322 493 768
3158 4 2 0 0 1245 1183 587 954
3159 4 2 0 0 744 950 715 1073
3160 4 2 0 0 460 335 768 774
3161 4 2 0 0 744 950 1073 490
3162 4 2 0 0 715 276 744 1073
3163 4 2 0 0 16 500 1088 1296
3164 4 2 0 0 856 600 227 761
3165 4 2 0 0 319 320 365 701
3166 4 2 0 0 469 632 692 915
3167 4 2 0 0 100 230 668 757
3168 4 2 0 0 324 1032 1386 1406
3169 4 2 0 0 346 369 529 629
3170 4 2 0 0 1025 295 1026 1056
3171 4 2 0 0 279 687 761 856
3172 4 2 0 0 600 856 279 761
3173 4 2 0 0 863 1099 1230 1289
3174 4 2 0 0 1517 860 1524 1543
3175 4 2 0 0 373 993 1036 1113
3176 4 2 0 0 232 120 637 670
3177 4 2 0 0 924 670 177 623
3178 4 2 0 0 1187 1263 832 254
3179 4 2 0 0 404 495 885 983
3180 4 2 0 0 916 590 1085 1162
3181 4 2 0 0 135 136 452 1507
3182 4 2 0 0 632 219 692 915
3183 4 2 0 0 325 1012 302 393
3184 4 2 0 0 313 632 595 219
3185 4 2 0 0 1421 632 418 313
3186 4 2 0 0 81 716 827 1460
3187 4 2 0 0 654 797 1090 554
3188 4 2 0 0 675 309 725 789
3189 4 2 0 0 711 233 741 797
3190 4 2 0 0 730 293 867 909
3191 4 2 0 0 64 63 527 1096
3192 4 2 0 0 1283 859 1516 1572
3193 4 2 0 0 237 740 772 1214
3194 4 2 0 0 509 564 1477 1490
3195 4 2 0 0 1418 1458 1513 1516
3196 4 2 0 0 154 401 593 852
3197 4 2 0 0 67 36 68 987
3198 4 2 0 0 339 502 717 1028
3199 4 2 0 0 923 468 1002 1031
3200 4 2 0 0 139 207 228 1173
3201 4 2 0 0 238 702 723 785
3202 4 2 0 0 553 822 904 996
3203 4 2 0 0 330 80 420 1147
3204 4 2 0 0 1027 1078 1226 1345
3205 4 2 0 0 937 391 985 1238
3206 4 2 0 0 1390 1383 1391 1433
3207 4 2 0 0 496 689 703 907
3208 4 2 0 0 520 117 1411 1424
3209 4 2 0 0 490 534 785 950
3210 4 2 0 0 936 1406 1412 1431
3211 4 2 0 0 562 438 935 942
3212 4 2 0 0 654 554 1050 1069
3213 4 2 0 0 942 801 532 724
3214 4 2 0 0 521 355 564 942
3215 4 2 0 0 711 839 908 1069
3216 4 2 0 0 530 793 973 1015
3217 4 2 0 0 447 50 676 1016
3218 4 2 0 0 24 1228 1262 1265
3219 4 2 0 0 511 263 1196 1214
3220 4 2 0 0 849 566 909 967
3221 4 2 0 0 943 453 1002 1152
3222 4 2 0 0 1257 435 1480 1502
3223 4 2 0 0 874 162 980 1022
3224 4 2 0 0 70 507 718 1394
3225 4 2 0 0 430 820 896 930
3226 4 2 0 0 349 221 687 856
3227 4 2 0 0 319 710 870 841
3228 4 2 0 0 41 1399 913 48
3229 4 2 0 0 446 601 768 774
3230 4 2 0 0 1389 1543 1544 1531
3231 4 2 0 0 363 1292 1328 156
3232 4 2 0 0 710 172 365 420
3233 4 2 0 0 420 172 663 710
3234 4 2 0 0 423 829 1005 1065
3235 4 2 0 0 417 748 1066 1124
3236 4 2 0 0 569 194 360 240
3237 4 2 0 0 194 569 360 642
3238 4 2 0 0 710 870 841 420
3239 4 2 0 0 1510 1463 1120 1528
3240 4 2 0 0 1443 1569 1401 426
3241 4 2 0 0 128 684 707 938
3242 4 2 0 0 145 146 611 929
3243 4 2 0 0 412 131 442 643
3244 4 2 0 0 1518 252 389 432
3245 4 2 0 0 234 968 1019 1279
3246 4 2 0 0 222 521 562 942
3247 4 2 0 0 968 348 311 604
3248 4 2 0 0 904 895 947 994
3249 4 2 0 0 30 308 705 1012
3250 4 2 0 0 1185 839 430 1204
3251 4 2 0 0 1033 164 1058 1194
3252 4 2 0 0 644 557 1192 617
3253 4 2 0 0 639 358 773 804
3254 4 2 0 0 364 293 730 909
3255 4 2 0 0 1202 255 1374 1379
3256 4 2 0 0 135 452 1376 1377
3257 4 2 0 0 524 200 1120 1136
3258 4 2 0 0 79 391 399 646
3259 4 2 0 0 38 353 646 312
3260 4 2 0 0 38 353 312 600
3261 4 2 0 0 447 49 483 676
3262 4 2 0 0 353 600 647 1017
3263 4 2 0 0 238 485 899 961
3264 4 2 0 0 534 490 785 961
3265 4 2 0 0 313 595 660 695
3266 4 2 0 0 404 698 893 1165
3267 4 2 0 0 994 285 1259 1296
3268 4 2 0 0 481 484 511 1115
3269 4 2 0 0 49 51 483 676
3270 4 2 0 0 115 159 161 648
3271 4 2 0 0 115 116 159 648
3272 4 2 0 0 727 649 762 1549
3273 4 2 0 0 1384 214 1592 1597
3274 4 2 0 0 267 566 637 869
3275 4 2 0 0 1566 1531 616 1540
3276 4 2 0 0 260 305 344 728
3277 4 2 0 0 1284 286 1289 1290
3278 4 2 0 0 1348 1256 613 1305
3279 4 2 0 0 603 684 938 925
3280 4 2 0 0 254 403 566 869
3281 4 2 0 0 183 82 1025 1051
3282 4 2 0 0 532 1015 333 793
3283 4 2 0 0 532 356 777 793
3284 4 2 0 0 293 254 494 887
3285 4 2 0 0 532 355 942 1278
3286 4 2 0 0 770 1264 1267 1313
3287 4 2 0 0 661 771 914 1224
3288 4 2 0 0 417 314 606 863
3289 4 2 0 0 534 571 785 950
3290 4 2 0 0 150 49 54 651
3291 4 2 0 0 1008 670 924 623
3292 4 2 0 0 670 1008 924 416
3293 4 2 0 0 1569 1384 1592 1597
3294 4 2 0 0 413 201 722 1419
3295 4 2 0 0 171 123 124 673
3296 4 2 0 0 305 344 636 980
3297 4 2 0 0 232 270 801 1008
3298 4 2 0 0 707 805 884 1157
3299 4 2 0 0 155 116 340 846
3300 4 2 0 0 454 114 789 819
3301 4 2 0 0 295 146 665 913
3302 4 2 0 0 772 571 820 950
3303 4 2 0 0 397 462 917 956
3304 4 2 0 0 486 735 814 1330
3305 4 2 0 0 603 380 743 775
3306 4 2 0 0 272 391 937 960
3307 4 2 0 0 499 224 1211 1246
3308 4 2 0 0 640 558 1320 432
3309 4 2 0 0 571 94 930 999
3310 4 2 0 0 73 183 1022 1051
3311 4 2 0 0 74 71 980 1029
3312 4 2 0 0 323 580 1279 1281
3313 4 2 0 0 292 706 1248 1387
3314 4 2 0 0 368 246 1043 687
3315 4 2 0 0 917 462 953 956
3316 4 2 0 0 999 94 1050 955
3317 4 2 0 0 608 528 1484 1491
3318 4 2 0 0 633 455 1021 1104
3319 4 2 0 0 379 800 1122 1184
3320 4 2 0 0 379 702 723 800
3321 4 2 0 0 525 591 1155 1158
3322 4 2 0 0 876 214 1576 1583
3323 4 2 0 0 1355 436 169 1341
3324 4 2 0 0 609 297 732 800
3325 4 2 0 0 891 596 947 1427
3326 4 2 0 0 450 427 557 1057
3327 4 2 0 0 466 455 633 1104
3328 4 2 0 0 431 259 455 1104
3329 4 2 0 0 384 128 884 938
3330 4 2 0 0 693 700 779 1394
3331 4 2 0 0 735 486 878 1330
3332 4 2 0 0 569 981 1095 1227
3333 4 2 0 0 172 330 420 663
3334 4 2 0 0 330 172 410 663
3335 4 2 0 0 383 445 560 765
3336 4 2 0 0 168 42 185 664
3337 4 2 0 0 34 783 853 1031
3338 4 2 0 0 929 364 146 611
3339 4 2 0 0 1217 211 1241 1306
3340 4 2 0 0 588 615 1150 1161
3341 4 2 0 0 1320 1422 269 1297
3342 4 2 0 0 12 547 1010 1018
3343 4 2 0 0 221 530 687 761
3344 4 2 0 0 530 575 687 761
3345 4 2 0 0 279 575 600 761
3346 4 2 0 0 155 340 439 778
3347 4 2 0 0 575 279 687 761
3348 4 2 0 0 609 572 693 857
3349 4 2 0 0 19 813 871 926
3350 4 2 0 0 305 312 575 777
3351 4 2 0 0 356 305 532 777
3352 4 2 0 0 566 901 909 967
3353 4 2 0 0 198 602 617 1241
3354 4 2 0 0 285 822 963 1133
3355 4 2 0 0 640 760 921 1118
3356 4 2 0 0 776 1004 1109 1236
3357 4 2 0 0 680 132 704 817
3358 4 2 0 0 681 680 694 817
3359 4 2 0 0 344 607 1046 1212
3360 4 2 0 0 1386 1054 1323 221
3361 4 2 0 0 805 384 884 1157
3362 4 2 0 0 729 750 978 993
3363 4 2 0 0 924 670 416 177
3364 4 2 0 0 224 1084 1187 1211
3365 4 2 0 0 103 458 465 669
3366 4 2 0 0 586 265 1084 1211
3367 4 2 0 0 585 357 1153 1159
3368 4 2 0 0 224 586 1084 1211
3369 4 2 0 0 602 103 617 669
3370 4 2 0 0 602 601 669 617
3371 4 2 0 0 1167 1139 1492 1494
3372 4 2 0 0 113 206 222 812
3373 4 2 0 0 179 122 1128 1369
3374 4 2 0 0 402 265 641 1263
3375 4 2 0 0 585 263 1040 1191
3376 4 2 0 0 572 507 1237 1394
3377 4 2 0 0 707 884 938 1157
3378 4 2 0 0 666 844 1052 1408
3379 4 2 0 0 878 1333 1335 1380
3380 4 2 0 0 316 771 1190 1403
3381 4 2 0 0 70 572 779 1394
3382 4 2 0 0 505 700 1375 1394
3383 4 2 0 0 351 601 690 815
3384 4 2 0 0 380 775 938 1157
3385 4 2 0 0 1389 99 1436 1543
3386 4 2 0 0 631 1042 1078 1226
3387 4 2 0 0 776 352 981 1109
3388 4 2 0 0 698 893 1027 1202
3389 4 2 0 0 859 1539 1283 583
3390 4 2 0 0 1563 1525 1571 1573
3391 4 2 0 0 691 523 917 953
3392 4 2 0 0 652 1153 1191 1440
3393 4 2 0 0 773 639 804 888
3394 4 2 0 0 1125 1230 1289 1312
3395 4 2 0 0 285 310 1259 1296
3396 4 2 0 0 49 52 51 676
3397 4 2 0 0 52 49 50 676
3398 4 2 0 0 347 252 368 977
3399 4 2 0 0 1337 1125 1289 1312
3400 4 2 0 0 951 705 799 308
3401 4 2 0 0 394 405 642 931
3402 4 2 0 0 569 394 642 931
3403 4 2 0 0 1002 453 1132 1152
3404 4 2 0 0 260 728 1264 1298
3405 4 2 0 0 1334 1412 1323 609
3406 4 2 0 0 179 857 1369 1128
3407 4 2 0 0 39 71 75 808
3408 4 2 0 0 340 321 518 753
3409 4 2 0 0 620 530 246 687
3410 4 2 0 0 439 210 648 1294
3411 4 2 0 0 634 1030 1175 1198
3412 4 2 0 0 1046 607 1168 1212
3413 4 2 0 0 147 109 495 787
3414 4 2 0 0 321 386 518 753
3415 4 2 0 0 643 565 859 1030
3416 4 2 0 0 142 143 144 808
3417 4 2 0 0 193 325 471 679
3418 4 2 0 0 302 325 473 679
3419 4 2 0 0 302 278 325 679
3420 4 2 0 0 660 595 678 695
3421 4 2 0 0 330 80 431 682
3422 4 2 0 0 330 431 457 682
3423 4 2 0 0 61 477 507 695
3424 4 2 0 0 61 60 678 695
3425 4 2 0 0 595 660 678 1003
3426 4 2 0 0 1003 922 823 667
3427 4 2 0 0 922 1003 1086 667
3428 4 2 0 0 248 244 1198 1529
3429 4 2 0 0 313 477 595 695
3430 4 2 0 0 1039 999 1085 1162
3431 4 2 0 0 707 424 879 1157
3432 4 2 0 0 381 307 1242 1254
3433 4 2 0 0 94 492 571 820
3434 4 2 0 0 816 945 282 831
3435 4 2 0 0 440 494 611 683
3436 4 2 0 0 440 447 494 683
3437 4 2 0 0 440 611 627 683
3438 4 2 0 0 493 440 627 683
3439 4 2 0 0 109 148 147 683
3440 4 2 0 0 148 109 110 683
3441 4 2 0 0 145 627 885 966
3442 4 2 0 0 191 127 500 707
3443 4 2 0 0 885 495 1165 627
3444 4 2 0 0 191 500 656 707
3445 4 2 0 0 127 196 195 684
3446 4 2 0 0 435 301 490 744
3447 4 2 0 0 196 127 128 684
3448 4 2 0 0 88 690 726 815
3449 4 2 0 0 510 1279 979 1024
3450 4 2 0 0 266 1130 628 1054
3451 4 2 0 0 732 297 990 1122
3452 4 2 0 0 465 383 560 944
3453 4 2 0 0 348 968 1019 604
3454 4 2 0 0 20 900 926 1060
3455 4 2 0 0 261 331 427 685
3456 4 2 0 0 322 261 427 685
3457 4 2 0 0 1250 989 1280 1453
3458 4 2 0 0 428 1197 1222 1255
3459 4 2 0 0 472 286 1331 1290
3460 4 2 0 0 791 299 1538 1539
3461 4 2 0 0 1290 269 1297 1320
3462 4 2 0 0 895 904 947 1245
3463 4 2 0 0 66 403 570 688
3464 4 2 0 0 503 504 729 978
3465 4 2 0 0 571 492 772 820
3466 4 2 0 0 276 715 747 820
3467 4 2 0 0 707 805 719 884
3468 4 2 0 0 66 59 157 688
3469 4 2 0 0 157 59 610 688
3470 4 2 0 0 303 273 347 951
3471 4 2 0 0 719 13 805 1157
3472 4 2 0 0 475 693 779 886
3473 4 2 0 0 190 189 531 691
3474 4 2 0 0 488 190 531 691
3475 4 2 0 0 519 666 1109 1408
3476 4 2 0 0 216 1438 998 763
3477 4 2 0 0 251 390 633 1005
3478 4 2 0 0 563 487 679 691
3479 4 2 0 0 125 563 679 691
3480 4 2 0 0 488 487 563 691
3481 4 2 0 0 126 488 563 691
3482 4 2 0 0 125 126 563 691
3483 4 2 0 0 126 190 488 691
3484 4 2 0 0 1090 212 840 1189
3485 4 2 0 0 190 125 189 691
3486 4 2 0 0 125 190 126 691
3487 4 2 0 0 477 572 1237 1405
3488 4 2 0 0 632 1421 219 313
3489 4 2 0 0 654 711 741 797
3490 4 2 0 0 482 692 754 855
3491 4 2 0 0 631 1133 1226 1345
3492 4 2 0 0 67 176 407 882
3493 4 2 0 0 871 861 1011 1060
3494 4 2 0 0 261 446 601 768
3495 4 2 0 0 393 302 473 1012
3496 4 2 0 0 393 473 542 1012
3497 4 2 0 0 320 701 730 549
3498 4 2 0 0 941 235 478 655
3499 4 2 0 0 681 621 86 455
3500 4 2 0 0 537 510 979 1124
3501 4 2 0 0 823 363 922 1013
3502 4 2 0 0 33 681 680 694
3503 4 2 0 0 681 33 35 694
3504 4 2 0 0 603 380 775 938
3505 4 2 0 0 949 388 1006 1162
3506 4 2 0 0 128 196 684 938
3507 4 2 0 0 684 424 707 938
3508 4 2 0 0 59 1328 58 1292
3509 4 2 0 0 558 443 1298 1302
3510 4 2 0 0 391 78 399 1168
3511 4 2 0 0 459 246 353 354
3512 4 2 0 0 1306 1114 958 810
3513 4 2 0 0 1450 1554 1555 1597
3514 4 2 0 0 1148 1259 677 894
3515 4 2 0 0 132 672 1079 1082
3516 4 2 0 0 748 1256 510 328
3517 4 2 0 0 143 142 144 987
3518 4 2 0 0 614 1260 1578 1593
3519 4 2 0 0 1450 1380 1554 1597
3520 4 2 0 0 660 313 695 1336
3521 4 2 0 0 522 969 1173 1244
3522 4 2 0 0 802 151 1009 1477
3523 4 2 0 0 683 494 1016 447
3524 4 2 0 0 19 900 926 871
3525 4 2 0 0 860 1509 1524 1543
3526 4 2 0 0 342 455 988 1021
3527 4 2 0 0 249 1048 1159 1203
3528 4 2 0 0 1048 1040 1159 1203
3529 4 2 0 0 160 148 206 834
3530 4 2 0 0 1446 1448 1467 1528
3531 4 2 0 0 285 994 1010 1296
3532 4 2 0 0 500 130 656 707
3533 4 2 0 0 289 288 639 807
3534 4 2 0 0 130 424 827 879
3535 4 2 0 0 391 248 985 1238
3536 4 2 0 0 1198 1553 1182 1332
3537 4 2 0 0 1079 541 1082 1097
3538 4 2 0 0 114 157 403 812
3539 4 2 0 0 329 288 753 786
3540 4 2 0 0 494 440 611 1091
3541 4 2 0 0 1061 1413 166 1410
3542 4 2 0 0 684 603 196 900
3543 4 2 0 0 775 501 847 879
3544 4 2 0 0 1054 482 1102 1130
3545 4 2 0 0 702 534 785 961
3546 4 2 0 0 184 85 431 937
3547 4 2 0 0 301 485 809 1480
3548 4 2 0 0 288 329 401 786
3549 4 2 0 0 583 1533 988 1030
3550 4 2 0 0 1019 348 604 574
3551 4 2 0 0 28 503 729 739
3552 4 2 0 0 490 284 551 744
3553 4 2 0 0 659 496 689 703
3554 4 2 0 0 619 659 689 703
3555 4 2 0 0 428 249 762 894
3556 4 2 0 0 1150 587 1181 1183
3557 4 2 0 0 758 369 839 908
3558 4 2 0 0 533 90 711 908
3559 4 2 0 0 1380 486 1444 1556
3560 4 2 0 0 1325 841 1474 1486
3561 4 2 0 0 580 803 1256 1305
3562 4 2 0 0 301 961 1073 1116
3563 4 2 0 0 1301 891 1304 1427
3564 4 2 0 0 258 555 1119 1302
3565 4 2 0 0 672 435 1481 1487
3566 4 2 0 0 1334 1412 609 324
3567 4 2 0 0 214 1380 1384 1583
3568 4 2 0 0 352 76 905 1063
3569 4 2 0 0 658 773 1354 1463
3570 4 2 0 0 70 179 517 886
3571 4 2 0 0 341 413 1142 1311
3572 4 2 0 0 360 300 569 910
3573 4 2 0 0 500 362 850 1088
3574 4 2 0 0 551 490 556 409
3575 4 2 0 0 492 94 571 740
3576 4 2 0 0 534 430 1156 1483
3577 4 2 0 0 684 310 900 195
3578 4 2 0 0 283 253 309 831
3579 4 2 0 0 945 283 309 831
3580 4 2 0 0 1202 255 1219 1374
3581 4 2 0 0 701 909 730 319
3582 4 2 0 0 549 626 701 730
3583 4 2 0 0 252 273 389 921
3584 4 2 0 0 176 228 467 898
3585 4 2 0 0 387 332 708 965
3586 4 2 0 0 277 632 922 1366
3587 4 2 0 0 741 742 915 1086
3588 4 2 0 0 625 553 904 996
3589 4 2 0 0 673 546 701 710
3590 4 2 0 0 608 673 701 710
3591 4 2 0 0 608 673 663 567
3592 4 2 0 0 663 123 673 710
3593 4 2 0 0 123 546 673 710
3594 4 2 0 0 253 499 1211 1246
3595 4 2 0 0 874 270 355 370
3596 4 2 0 0 969 228 1173 1244
3597 4 2 0 0 348 311 604 1035
3598 4 2 0 0 1418 1458 1468 1513
3599 4 2 0 0 934 153 984 1142
3600 4 2 0 0 600 856 227 842
3601 4 2 0 0 63 505 700 1375
3602 4 2 0 0 668 230 736 757
3603 4 2 0 0 891 947 1232 247
3604 4 2 0 0 359 677 963 995
3605 4 2 0 0 1262 24 1265 1377
3606 4 2 0 0 744 551 1020 1388
3607 4 2 0 0 113 155 154 846
3608 4 2 0 0 68 395 940 1087
3609 4 2 0 0 90 233 533 711
3610 4 2 0 0 233 421 533 711
3611 4 2 0 0 206 403 834 869
3612 4 2 0 0 119 306 491 749
3613 4 2 0 0 834 110 364 683
3614 4 2 0 0 356 305 552 980
3615 4 2 0 0 388 1214 772 982
3616 4 2 0 0 428 900 919 1060
3617 4 2 0 0 1325 1135 1474 1491
3618 4 2 0 0 51 502 676 717
3619 4 2 0 0 52 51 676 717
3620 4 2 0 0 538 161 648 717
3621 4 2 0 0 717 339 215 502
3622 4 2 0 0 997 1060 727 1076
3623 4 2 0 0 74 1022 162 539
3624 4 2 0 0 484 1434 1465 414
3625 4 2 0 0 748 738 1066 1124
3626 4 2 0 0 699 729 821 1113
3627 4 2 0 0 601 211 669 726
3628 4 2 0 0 980 461 1022 1029
3629 4 2 0 0 602 103 669 726
3630 4 2 0 0 339 717 215 480
3631 4 2 0 0 215 538 648 717
3632 4 2 0 0 480 215 648 717
3633 4 2 0 0 748 1123 1166 1314
3634 4 2 0 0 428 727 762 1154
3635 4 2 0 0 344 728 1247 1445
3636 4 2 0 0 1053 382 1055 1261
3637 4 2 0 0 564 521 370 355
3638 4 2 0 0 448 250 901 887
3639 4 2 0 0 405 394 449 931
3640 4 2 0 0 136 1020 1144 1507
3641 4 2 0 0 1188 587 954 1201
3642 4 2 0 0 1266 523 1288 1300
3643 4 2 0 0 386 317 753 807
3644 4 2 0 0 629 369 839 896
3645 4 2 0 0 699 1036 1053 1093
3646 4 2 0 0 1534 200 1535 1544
3647 4 2 0 0 463 219 1327 1461
3648 4 2 0 0 629 430 839 1204
3649 4 2 0 0 833 69 872 1037
3650 4 2 0 0 1430 1082 1440 1471
3651 4 2 0 0 407 315 474 882
3652 4 2 0 0 272 681 937 1064
3653 4 2 0 0 590 891 916 1464
3654 4 2 0 0 632 400 915 1086
3655 4 2 0 0 394 449 931 1273
3656 4 2 0 0 72 40 207 853
3657 4 2 0 0 829 901 1005 1065
3658 4 2 0 0 143 72 207 853
3659 4 2 0 0 659 1158 1161 1521
3660 4 2 0 0 272 391 646 985
3661 4 2 0 0 754 711 839 855
3662 4 2 0 0 110 148 683 834
3663 4 2 0 0 454 114 819 834
3664 4 2 0 0 290 104 1217 1306
3665 4 2 0 0 1478 1418 1453 1497
3666 4 2 0 0 411 131 412 1458
3667 4 2 0 0 476 88 690 726
3668 4 2 0 0 448 415 650 1159
3669 4 2 0 0 588 619 659 1521
3670 4 2 0 0 1031 139 1151 1173
3671 4 2 0 0 893 359 1027 1202
3672 4 2 0 0 389 273 1265 1228
3673 4 2 0 0 296 550 662 771
3674 4 2 0 0 662 1190 529 771
3675 4 2 0 0 163 636 1212 1274
3676 4 2 0 0 389 1176 1228 1262
3677 4 2 0 0 608 1512 567 528
3678 4 2 0 0 230 736 757 1138
3679 4 2 0 0 729 699 993 1113
3680 4 2 0 0 954 293 1188 1221
3681 4 2 0 0 1242 1249 1260 1348
3682 4 2 0 0 1596 1593 881 1419
3683 4 2 0 0 284 387 551 1388
3684 4 2 0 0 1373 1450 1554 1568
3685 4 2 0 0 499 224 1187 1211
3686 4 2 0 0 430 618 1156 1483
3687 4 2 0 0 1073 534 1156 1483
3688 4 2 0 0 255 1219 1370 1202
3689 4 2 0 0 551 387 1378 1388
3690 4 2 0 0 1012 951 705 302
3691 4 2 0 0 311 974 392 1035
3692 4 2 0 0 465 639 709 944
3693 4 2 0 0 289 560 897 944
3694 4 2 0 0 375 286 417 1355
3695 4 2 0 0 434 417 770 1355
3696 4 2 0 0 270 370 874 1397
3697 4 2 0 0 22 727 972 997
3698 4 2 0 0 232 270 521 801
3699 4 2 0 0 180 121 489 801
3700 4 2 0 0 1041 586 845 906
3701 4 2 0 0 140 689 792 868
3702 4 2 0 0 801 942 532 355
3703 4 2 0 0 741 782 797 1110
3704 4 2 0 0 270 370 939 1009
3705 4 2 0 0 222 942 801 521
3706 4 2 0 0 232 222 724 801
3707 4 2 0 0 222 232 521 801
3708 4 2 0 0 207 181 467 890
3709 4 2 0 0 28 745 751 387
3710 4 2 0 0 382 739 866 699
3711 4 2 0 0 347 276 747 814
3712 4 2 0 0 32 31 387 751
3713 4 2 0 0 745 28 739 734
3714 4 2 0 0 28 745 739 751
3715 4 2 0 0 250 423 1005 1065
3716 4 2 0 0 510 537 738 1124
3717 4 2 0 0 164 82 437 1033
3718 4 2 0 0 739 821 830 866
3719 4 2 0 0 501 880 1270 1301
3720 4 2 0 0 1226 102 1344 1359
3721 4 2 0 0 918 537 974 1124
3722 4 2 0 0 157 403 688 819
3723 4 2 0 0 690 601 726 815
3724 4 2 0 0 443 558 640 760
3725 4 2 0 0 230 216 668 736
3726 4 2 0 0 268 867 901 909
3727 4 2 0 0 10 561 578 840
3728 4 2 0 0 219 297 609 800
3729 4 2 0 0 219 463 721 800
3730 4 2 0 0 479 387 708 745
3731 4 2 0 0 219 1184 624 800
3732 4 2 0 0 1438 1232 1455 1462
3733 4 2 0 0 463 379 721 800
3734 4 2 0 0 536 238 899 1258
3735 4 2 0 0 387 29 708 745
3736 4 2 0 0 382 479 708 745
3737 4 2 0 0 382 708 743 745
3738 4 2 0 0 496 404 738 1123
3739 4 2 0 0 761 530 777 793
3740 4 2 0 0 1508 862 1452 1332
3741 4 2 0 0 1003 816 823 678
3742 4 2 0 0 254 257 494 1187
3743 4 2 0 0 847 1301 1304 1427
3744 4 2 0 0 8 23 394 752
3745 4 2 0 0 248 565 1030 1198
3746 4 2 0 0 599 12 1010 1018
3747 4 2 0 0 753 778 340 846
3748 4 2 0 0 25 303 308 1265
3749 4 2 0 0 884 384 938 1157
3750 4 2 0 0 448 250 650 1005
3751 4 2 0 0 706 727 861 1060
3752 4 2 0 0 317 544 767 1054
3753 4 2 0 0 521 564 370 1009
3754 4 2 0 0 1213 1097 238 723
3755 4 2 0 0 741 219 624 400
3756 4 2 0 0 1283 357 456 1453
3757 4 2 0 0 157 154 508 812
3758 4 2 0 0 451 1404 1389 1362
3759 4 2 0 0 519 1038 1295 1404
3760 4 2 0 0 168 117 802 1433
3761 4 2 0 0 27 231 813 926
3762 4 2 0 0 319 268 1486 870
3763 4 2 0 0 324 1386 1334 1323
3764 4 2 0 0 269 607 728 1247
3765 4 2 0 0 227 40 600 783
3766 4 2 0 0 785 379 1074 1185
3767 4 2 0 0 217 239 262 742
3768 4 2 0 0 1092 23 1100 1111
3769 4 2 0 0 912 653 940 952
3770 4 2 0 0 264 273 542 746
3771 4 2 0 0 961 1097 435 490
3772 4 2 0 0 490 551 556 744
3773 4 2 0 0 508 812 833 1023
3774 4 2 0 0 579 197 714 890
3775 4 2 0 0 342 988 989 1021
3776 4 2 0 0 551 382 734 745
3777 4 2 0 0 387 551 734 745
3778 4 2 0 0 667 945 283 363
3779 4 2 0 0 267 653 849 952
3780 4 2 0 0 335 698 893 1027
3781 4 2 0 0 320 267 849 1026
3782 4 2 0 0 227 256 356 777
3783 4 2 0 0 345 287 423 794
3784 4 2 0 0 575 256 761 777
3785 4 2 0 0 276 715 820 950
3786 4 2 0 0 305 258 532 777
3787 4 2 0 0 302 291 542 746
3788 4 2 0 0 654 782 1085 1189
3789 4 2 0 0 291 302 487 746
3790 4 2 0 0 258 530 532 777
3791 4 2 0 0 283 277 922 1346
3792 4 2 0 0 132 680 704 1079
3793 4 2 0 0 653 267 670 952
3794 4 2 0 0 247 448 585 1203
3795 4 2 0 0 177 653 670 952
3796 4 2 0 0 345 423 749 794
3797 4 2 0 0 312 305 552 777
3798 4 2 0 0 345 297 402 794
3799 4 2 0 0 484 481 657 1115
3800 4 2 0 0 347 332 592 747
3801 4 2 0 0 137 809 1017 1480
3802 4 2 0 0 747 1075 592 347
3803 4 2 0 0 613 722 1249 1260
3804 4 2 0 0 1171 1193 1534 1535
3805 4 2 0 0 44 45 868 1124
3806 4 2 0 0 598 44 974 1124
3807 4 2 0 0 77 163 457 1212
3808 4 2 0 0 540 323 983 1059
3809 4 2 0 0 259 643 986 1030
3810 4 2 0 0 453 385 474 795
3811 4 2 0 0 423 366 474 749
3812 4 2 0 0 702 238 723 899
3813 4 2 0 0 862 972 1182 1206
3814 4 2 0 0 1009 564 1470 1477
3815 4 2 0 0 578 782 840 883
3816 4 2 0 0 306 315 491 749
3817 4 2 0 0 941 235 655 685
3818 4 2 0 0 315 423 474 749
3819 4 2 0 0 287 345 423 749
3820 4 2 0 0 306 287 423 749
3821 4 2 0 0 287 306 345 749
3822 4 2 0 0 412 1395 1513 1572
3823 4 2 0 0 244 1284 1289 1290
3824 4 2 0 0 751 1378 387 32
3825 4 2 0 0 16 500 850 1088
3826 4 2 0 0 276 347 368 814
3827 4 2 0 0 20 919 1060 1076
3828 4 2 0 0 368 451 671 814
3829 4 2 0 0 775 424 938 1157
3830 4 2 0 0 497 257 499 1187
3831 4 2 0 0 284 1388 744 715
3832 4 2 0 0 1088 341 1296 1311
3833 4 2 0 0 318 1247 1267 1331
3834 4 2 0 0 582 469 1293 1385
3835 4 2 0 0 317 593 753 786
3836 4 2 0 0 262 233 742 915
3837 4 2 0 0 19 813 926 27
3838 4 2 0 0 328 417 748 1337
3839 4 2 0 0 964 563 194 291
3840 4 2 0 0 47 48 689 1399
3841 4 2 0 0 587 895 994 1148
3842 4 2 0 0 851 350 1146 1239
3843 4 2 0 0 1298 1278 260 258
3844 4 2 0 0 944 321 1293 1299
3845 4 2 0 0 772 715 568 284
3846 4 2 0 0 715 568 820 950
3847 4 2 0 0 300 573 836 1273
3848 4 2 0 0 881 1326 1600 1581
3849 4 2 0 0 394 300 1186 1273
3850 4 2 0 0 511 263 891 916
3851 4 2 0 0 263 590 891 916
3852 4 2 0 0 654 955 999 1050
3853 4 2 0 0 972 504 861 22
3854 4 2 0 0 604 564 1009 1477
3855 4 2 0 0 384 471 479 1300
3856 4 2 0 0 848 625 904 996
3857 4 2 0 0 1374 1239 1269 1276
3858 4 2 0 0 1537 373 1538 1549
3859 4 2 0 0 26 27 830 871
3860 4 2 0 0 841 268 870 1486
3861 4 2 0 0 26 830 861 871
3862 4 2 0 0 577 881 1596 1598
3863 4 2 0 0 264 449 921 1149
3864 4 2 0 0 367 167 1308 1425
3865 4 2 0 0 270 635 939 1391
3866 4 2 0 0 89 1115 657 237
3867 4 2 0 0 1317 290 1360 1368
3868 4 2 0 0 382 284 409 1055
3869 4 2 0 0 1232 1081 1438 1439
3870 4 2 0 0 538 215 648 1014
3871 4 2 0 0 1389 1531 1534 1558
3872 4 2 0 0 441 226 1354 1448
3873 4 2 0 0 246 252 432 760
3874 4 2 0 0 246 432 558 760
3875 4 2 0 0 368 246 620 760
3876 4 2 0 0 534 490 961 1073
3877 4 2 0 0 451 368 671 760
3878 4 2 0 0 402 594 641 845
3879 4 2 0 0 68 84 395 1087
3880 4 2 0 0 140 47 689 907
3881 4 2 0 0 689 496 868 907
3882 4 2 0 0 845 253 667 831
3883 4 2 0 0 903 1095 1240 614
3884 4 2 0 0 573 614 645 1095
3885 4 2 0 0 620 200 671 760
3886 4 2 0 0 368 620 671 760
3887 4 2 0 0 248 565 1297 1307
3888 4 2 0 0 427 685 941 1057
3889 4 2 0 0 1003 922 1086 632
3890 4 2 0 0 400 667 845 1086
3891 4 2 0 0 1242 255 1269 1276
3892 4 2 0 0 755 1438 216 763
3893 4 2 0 0 216 526 755 763
3894 4 2 0 0 959 364 834 110
3895 4 2 0 0 113 114 206 812
3896 4 2 0 0 487 1321 1316 274
3897 4 2 0 0 465 630 804 888
3898 4 2 0 0 501 380 775 1055
3899 4 2 0 0 264 932 1052 1209
3900 4 2 0 0 1254 1520 1242 381
3901 4 2 0 0 284 479 515 1055
3902 4 2 0 0 584 544 693 767
3903 4 2 0 0 475 584 693 767
3904 4 2 0 0 266 317 475 767
3905 4 2 0 0 1082 357 1191 541
3906 4 2 0 0 605 234 1127 1398
3907 4 2 0 0 317 544 584 767
3908 4 2 0 0 475 317 584 767
3909 4 2 0 0 307 1112 1242 1254
3910 4 2 0 0 131 442 643 1064
3911 4 2 0 0 530 266 1015 1054
3912 4 2 0 0 1370 1256 1281 1166
3913 4 2 0 0 964 563 291 473
3914 4 2 0 0 586 1041 782 906
3915 4 2 0 0 505 527 700 769
3916 4 2 0 0 403 254 819 834
3917 4 2 0 0 1319 1545 456 1538
3918 4 2 0 0 114 403 819 834
3919 4 2 0 0 494 364 683 834
3920 4 2 0 0 1078 631 1226 1345
3921 4 2 0 0 505 69 506 769
3922 4 2 0 0 70 69 505 769
3923 4 2 0 0 1130 530 1054 555
3924 4 2 0 0 505 527 62 63
3925 4 2 0 0 1386 1054 221 1015
3926 4 2 0 0 518 1361 406 321
3927 4 2 0 0 210 480 1346 1357
3928 4 2 0 0 695 141 1336 1342
3929 4 2 0 0 529 296 662 771
3930 4 2 0 0 219 741 754 915
3931 4 2 0 0 469 692 754 915
3932 4 2 0 0 400 219 632 915
3933 4 2 0 0 492 237 740 772
3934 4 2 0 0 361 237 492 772
3935 4 2 0 0 229 288 555 773
3936 4 2 0 0 555 288 628 773
3937 4 2 0 0 288 229 639 773
3938 4 2 0 0 551 409 556 781
3939 4 2 0 0 470 998 1245 1455
3940 4 2 0 0 609 579 857 890
3941 4 2 0 0 409 551 750 781
3942 4 2 0 0 988 259 1030 1533
3943 4 2 0 0 335 440 774 1201
3944 4 2 0 0 1332 1508 1518 1526
3945 4 2 0 0 982 388 1074 571
3946 4 2 0 0 523 397 956 957
3947 4 2 0 0 448 268 901 1005
3948 4 2 0 0 1003 823 660 678
3949 4 2 0 0 736 497 763 998
3950 4 2 0 0 253 845 667 1086
3951 4 2 0 0 489 122 1032 1163
3952 4 2 0 0 571 388 772 982
3953 4 2 0 0 136 337 452 1507
3954 4 2 0 0 331 1047 1146 1210
3955 4 2 0 0 1596 1593 903 881
3956 4 2 0 0 746 487 981 776
3957 4 2 0 0 274 487 746 776
3958 4 2 0 0 1190 550 1401 1403
3959 4 2 0 0 495 627 885 1001
3960 4 2 0 0 441 331 992 1045
3961 4 2 0 0 216 668 736 998
3962 4 2 0 0 236 358 804 838
3963 4 2 0 0 780 91 804 1562
3964 4 2 0 0 859 1283 1285 1572
3965 4 2 0 0 42 974 598 44
3966 4 2 0 0 43 375 417 1355
3967 4 2 0 0 670 270 416 1058
3968 4 2 0 0 112 495 790 983
3969 4 2 0 0 578 10 840 1090
3970 4 2 0 0 1528 1551 524 1105
3971 4 2 0 0 1289 1284 1205 1125
3972 4 2 0 0 788 590 949 975
3973 4 2 0 0 582 418 692 1385
3974 4 2 0 0 623 180 924 1008
3975 4 2 0 0 738 496 868 885
3976 4 2 0 0 419 91 545 780
3977 4 2 0 0 15 129 208 984
3978 4 2 0 0 337 107 444 1507
3979 4 2 0 0 730 867 1129 1482
3980 4 2 0 0 636 162 980 1274
3981 4 2 0 0 999 982 1085 1162
3982 4 2 0 0 293 867 954 1188
3983 4 2 0 0 1459 847 1083 879
3984 4 2 0 0 155 113 116 846
3985 4 2 0 0 1041 654 1085 1126
3986 4 2 0 0 519 666 1174 1240
3987 4 2 0 0 1099 1098 1100 1111
3988 4 2 0 0 1444 1597 1556 1555
3989 4 2 0 0 1067 1184 624 721
3990 4 2 0 0 470 497 1070 1187
3991 4 2 0 0 763 811 104 958
3992 4 2 0 0 486 568 735 878
3993 4 2 0 0 587 335 963 1078
3994 4 2 0 0 649 919 1099 1100
3995 4 2 0 0 20 8 360 1100
3996 4 2 0 0 21 649 1098 1100
3997 4 2 0 0 649 21 919 1100
3998 4 2 0 0 225 899 1437 1451
3999 4 2 0 0 841 870 1546 1552
4000 4 2 0 0 373 727 1154 1549
4001 4 2 0 0 690 476 726 864
4002 4 2 0 0 1200 1351 24 1352
4003 4 2 0 0 1035 1477 151 392
4004 4 2 0 0 35 621 694 795
4005 4 2 0 0 36 37 67 795
4006 4 2 0 0 339 215 502 1192
4007 4 2 0 0 250 585 650 788
4008 4 2 0 0 490 284 715 950
4009 4 2 0 0 20 919 1076 1100
4010 4 2 0 0 1255 925 424 684
4011 4 2 0 0 801 942 355 521
4012 4 2 0 0 8 1076 1092 1100
4013 4 2 0 0 423 251 474 788
4014 4 2 0 0 366 423 474 788
4015 4 2 0 0 888 639 465 1353
4016 4 2 0 0 1376 799 1378 32
4017 4 2 0 0 398 366 474 788
4018 4 2 0 0 1431 1258 207 842
4019 4 2 0 0 788 385 650 251
4020 4 2 0 0 251 385 474 788
4021 4 2 0 0 788 385 398 541
4022 4 2 0 0 468 1079 1097 1132
4023 4 2 0 0 559 540 574 790
4024 4 2 0 0 150 559 574 790
4025 4 2 0 0 1002 541 1079 1132
4026 4 2 0 0 468 1002 1079 1132
4027 4 2 0 0 488 352 1402 1466
4028 4 2 0 0 861 22 871 1011
4029 4 2 0 0 150 112 787 790
4030 4 2 0 0 876 1333 1373 1380
4031 4 2 0 0 454 160 834 1016
4032 4 2 0 0 761 227 856 973
4033 4 2 0 0 160 454 976 1016
4034 4 2 0 0 634 1485 1536 1550
4035 4 2 0 0 1182 859 1285 1553
4036 4 2 0 0 299 1319 1538 1539
4037 4 2 0 0 1267 269 1290 1320
4038 4 2 0 0 1015 532 266 530
4039 4 2 0 0 148 683 834 1016
4040 4 2 0 0 461 355 801 980
4041 4 2 0 0 730 929 1091 364
4042 4 2 0 0 433 555 935 991
4043 4 2 0 0 438 433 935 991
4044 4 2 0 0 872 852 1037 1121
4045 4 2 0 0 291 569 642 971
4046 4 2 0 0 594 595 678 1003
4047 4 2 0 0 395 385 621 795
4048 4 2 0 0 385 395 474 795
4049 4 2 0 0 395 36 795 621
4050 4 2 0 0 860 1517 1524 1585
4051 4 2 0 0 395 67 407 795
4052 4 2 0 0 395 407 474 795
4053 4 2 0 0 33 37 36 795
4054 4 2 0 0 36 35 33 795
4055 4 2 0 0 704 342 817 989
4056 4 2 0 0 615 659 966 1161
4057 4 2 0 0 1480 672 1487 435
4058 4 2 0 0 1111 449 1125 1176
4059 4 2 0 0 415 583 988 989
4060 4 2 0 0 491 119 749 882
4061 4 2 0 0 365 173 1026 1033
4062 4 2 0 0 586 265 845 906
4063 4 2 0 0 181 207 227 936
4064 4 2 0 0 222 154 401 113
4065 4 2 0 0 898 749 969 970
4066 4 2 0 0 173 82 1026 1033
4067 4 2 0 0 328 213 803 1105
4068 4 2 0 0 988 415 989 1021
4069 4 2 0 0 358 343 622 1145
4070 4 2 0 0 455 342 633 1021
4071 4 2 0 0 538 215 638 1057
4072 4 2 0 0 723 197 732 800
4073 4 2 0 0 219 624 297 800
4074 4 2 0 0 219 754 463 1327
4075 4 2 0 0 1513 1283 1516 105
4076 4 2 0 0 197 609 732 800
4077 4 2 0 0 1339 376 1356 1413
4078 4 2 0 0 356 180 489 801
4079 4 2 0 0 532 489 724 801
4080 4 2 0 0 711 369 839 855
4081 4 2 0 0 356 489 532 801
4082 4 2 0 0 355 356 532 801
4083 4 2 0 0 151 521 635 1009
4084 4 2 0 0 392 436 520 802
4085 4 2 0 0 597 553 996 1010
4086 4 2 0 0 12 597 599 1010
4087 4 2 0 0 468 923 1002 1132
4088 4 2 0 0 1190 529 771 1160
4089 4 2 0 0 994 720 996 1010
4090 4 2 0 0 952 416 1087 1194
4091 4 2 0 0 945 667 283 831
4092 4 2 0 0 235 559 655 826
4093 4 2 0 0 134 1376 136 889
4094 4 2 0 0 261 331 1059 1379
4095 4 2 0 0 465 236 639 804
4096 4 2 0 0 255 1146 1374 1379
4097 4 2 0 0 1557 292 1179 1154
4098 4 2 0 0 461 874 980 1022
4099 4 2 0 0 750 134 781 889
4100 4 2 0 0 556 551 781 889
4101 4 2 0 0 162 183 539 1022
4102 4 2 0 0 503 1378 734 28
4103 4 2 0 0 551 750 781 889
4104 4 2 0 0 860 1515 1517 1585
4105 4 2 0 0 91 236 545 804
4106 4 2 0 0 559 54 655 826
4107 4 2 0 0 300 573 803 836
4108 4 2 0 0 56 54 450 826
4109 4 2 0 0 540 235 685 826
4110 4 2 0 0 670 416 952 1058
4111 4 2 0 0 235 540 559 826
4112 4 2 0 0 650 385 541 342
4113 4 2 0 0 46 567 626 1234
4114 4 2 0 0 628 358 773 807
4115 4 2 0 0 288 628 773 807
4116 4 2 0 0 925 1255 424 1197
4117 4 2 0 0 72 71 39 808
4118 4 2 0 0 72 39 143 808
4119 4 2 0 0 143 39 144 808
4120 4 2 0 0 859 583 986 1030
4121 4 2 0 0 894 895 1141 1148
4122 4 2 0 0 39 75 144 808
4123 4 2 0 0 1343 658 1524 1531
4124 4 2 0 0 841 1325 1499 1506
4125 4 2 0 0 1027 798 1042 1044
4126 4 2 0 0 519 1174 1215 1240
4127 4 2 0 0 1095 903 1240 352
4128 4 2 0 0 261 768 851 1044
4129 4 2 0 0 348 323 540 1019
4130 4 2 0 0 340 329 753 846
4131 4 2 0 0 735 878 1266 1330
4132 4 2 0 0 274 1075 1321 1330
4133 4 2 0 0 221 530 1054 1102
4134 4 2 0 0 95 755 756 811
4135 4 2 0 0 290 1192 1317 1360
4136 4 2 0 0 1250 412 1458 1516
4137 4 2 0 0 583 986 988 1280
4138 4 2 0 0 157 113 154 812
4139 4 2 0 0 113 157 114 812
4140 4 2 0 0 160 114 454 834
4141 4 2 0 0 394 752 1111 1186
4142 4 2 0 0 438 1510 555 1302
4143 4 2 0 0 354 301 1043 809
4144 4 2 0 0 667 945 816 831
4145 4 2 0 0 37 228 875 1244
4146 4 2 0 0 981 1402 488 352
4147 4 2 0 0 844 1164 1548 1174
4148 4 2 0 0 1436 1389 1543 1548
4149 4 2 0 0 753 329 786 846
4150 4 2 0 0 589 594 678 816
4151 4 2 0 0 594 589 641 816
4152 4 2 0 0 282 589 678 816
4153 4 2 0 0 589 282 641 816
4154 4 2 0 0 358 709 548 236
4155 4 2 0 0 545 514 630 1275
4156 4 2 0 0 849 940 912 653
4157 4 2 0 0 1048 1159 371 1547
4158 4 2 0 0 416 270 461 1022
4159 4 2 0 0 566 254 901 967
4160 4 2 0 0 653 566 849 967
4161 4 2 0 0 481 237 657 1115
4162 4 2 0 0 901 390 909 967
4163 4 2 0 0 131 680 681 817
4164 4 2 0 0 131 132 680 817
4165 4 2 0 0 528 784 1485 1492
4166 4 2 0 0 830 821 861 871
4167 4 2 0 0 453 398 541 1132
4168 4 2 0 0 257 378 494 1187
4169 4 2 0 0 1163 517 724 178
4170 4 2 0 0 128 125 384 884
4171 4 2 0 0 506 527 769 1037
4172 4 2 0 0 254 281 688 819
4173 4 2 0 0 819 257 254 281
4174 4 2 0 0 68 940 952 1087
4175 4 2 0 0 593 753 778 837
4176 4 2 0 0 82 173 1025 1051
4177 4 2 0 0 279 842 1451 856
4178 4 2 0 0 379 1006 1039 1126
4179 4 2 0 0 389 264 449 921
4180 4 2 0 0 1047 1571 1045 226
4181 4 2 0 0 245 486 568 820
4182 4 2 0 0 20 310 360 195
4183 4 2 0 0 273 303 308 951
4184 4 2 0 0 492 94 674 820
4185 4 2 0 0 245 492 674 820
4186 4 2 0 0 402 906 243 1094
4187 4 2 0 0 243 1006 1122 1184
4188 4 2 0 0 146 295 549 913
4189 4 2 0 0 393 30 705 1012
4190 4 2 0 0 484 275 657 1134
4191 4 2 0 0 553 100 668 822
4192 4 2 0 0 631 547 731 822
4193 4 2 0 0 100 631 757 822
4194 4 2 0 0 100 547 631 822
4195 4 2 0 0 547 100 553 822
4196 4 2 0 0 350 1146 1239 1269
4197 4 2 0 0 420 437 870 1104
4198 4 2 0 0 215 538 638 1014
4199 4 2 0 0 289 340 897 1014
4200 4 2 0 0 334 329 374 1014
4201 4 2 0 0 159 538 648 1014
4202 4 2 0 0 701 909 320 730
4203 4 2 0 0 150 559 790 826
4204 4 2 0 0 150 54 559 826
4205 4 2 0 0 450 54 651 826
4206 4 2 0 0 562 521 564 942
4207 4 2 0 0 106 1418 1503 1530
4208 4 2 0 0 323 1279 537 510
4209 4 2 0 0 1080 1356 1410 1413
4210 4 2 0 0 824 1013 1292 58
4211 4 2 0 0 942 222 801 724
4212 4 2 0 0 222 562 935 942
4213 4 2 0 0 1418 456 1503 1530
4214 4 2 0 0 54 150 651 826
4215 4 2 0 0 651 150 790 826
4216 4 2 0 0 322 651 790 826
4217 4 2 0 0 790 685 826 540
4218 4 2 0 0 1248 866 821 699
4219 4 2 0 0 450 322 685 826
4220 4 2 0 0 322 450 651 826
4221 4 2 0 0 755 756 811 958
4222 4 2 0 0 1467 1551 1137 226
4223 4 2 0 0 590 581 906 1084
4224 4 2 0 0 130 13 707 879
4225 4 2 0 0 526 755 763 958
4226 4 2 0 0 620 618 1072 1102
4227 4 2 0 0 250 448 901 1005
4228 4 2 0 0 478 685 941 992
4229 4 2 0 0 227 761 793 973
4230 4 2 0 0 583 1283 1319 1539
4231 4 2 0 0 1316 274 1349 1407
4232 4 2 0 0 217 1062 782 883
4233 4 2 0 0 26 27 751 830
4234 4 2 0 0 28 26 751 830
4235 4 2 0 0 517 872 1121 1178
4236 4 2 0 0 27 29 751 830
4237 4 2 0 0 744 950 490 715
4238 4 2 0 0 671 368 1156 1483
4239 4 2 0 0 1085 975 906 243
4240 4 2 0 0 282 641 831 281
4241 4 2 0 0 811 224 1062 1143
4242 4 2 0 0 361 1089 515 396
4243 4 2 0 0 593 753 786 846
4244 4 2 0 0 846 401 154 113
4245 4 2 0 0 193 964 194 892
4246 4 2 0 0 1432 1569 1597 1556
4247 4 2 0 0 45 417 1066 1124
4248 4 2 0 0 469 421 1293 1299
4249 4 2 0 0 371 1319 1538 1547
4250 4 2 0 0 52 161 717 976
4251 4 2 0 0 1000 809 1017 279
4252 4 2 0 0 141 1013 824 58
4253 4 2 0 0 199 897 944 1299
4254 4 2 0 0 920 944 1293 1299
4255 4 2 0 0 1077 1330 1335 1380
4256 4 2 0 0 396 805 1089 1288
4257 4 2 0 0 511 596 891 1301
4258 4 2 0 0 506 69 508 833
4259 4 2 0 0 328 434 605 1024
4260 4 2 0 0 454 254 494 834
4261 4 2 0 0 434 510 748 1124
4262 4 2 0 0 564 370 1009 1470
4263 4 2 0 0 442 565 643 985
4264 4 2 0 0 22 26 861 871
4265 4 2 0 0 358 548 622 838
4266 4 2 0 0 343 358 622 838
4267 4 2 0 0 1025 1051 1391 1397
4268 4 2 0 0 1219 1249 1344 1348
4269 4 2 0 0 344 376 1212 1274
4270 4 2 0 0 668 902 904 998
4271 4 2 0 0 235 992 685 478
4272 4 2 0 0 649 244 1175 1206
4273 4 2 0 0 1187 257 1263 254
4274 4 2 0 0 1175 244 1198 1206
4275 4 2 0 0 279 225 687 856
4276 4 2 0 0 153 934 984 1595
4277 4 2 0 0 152 44 918 974
4278 4 2 0 0 537 152 918 974
4279 4 2 0 0 264 405 449 931
4280 4 2 0 0 817 704 989 1250
4281 4 2 0 0 282 281 831 945
4282 4 2 0 0 319 730 867 909
4283 4 2 0 0 320 566 869 909
4284 4 2 0 0 1325 1474 1482 1486
4285 4 2 0 0 755 218 763 1143
4286 4 2 0 0 600 227 783 842
4287 4 2 0 0 279 842 600 783
4288 4 2 0 0 764 556 1454 1511
4289 4 2 0 0 363 610 309 789
4290 4 2 0 0 1148 894 1222 1259
4291 4 2 0 0 310 500 1255 1259
4292 4 2 0 0 871 813 900 926
4293 4 2 0 0 605 443 1105 1398
4294 4 2 0 0 504 133 972 978
4295 4 2 0 0 1372 1421 584 418
4296 4 2 0 0 440 615 627 1347
4297 4 2 0 0 113 329 401 513
4298 4 2 0 0 133 972 978 1537
4299 4 2 0 0 380 501 775 1208
4300 4 2 0 0 1508 1262 1518 135
4301 4 2 0 0 791 1285 1539 1545
4302 4 2 0 0 503 133 504 978
4303 4 2 0 0 134 503 750 978
4304 4 2 0 0 952 416 987 1087
4305 4 2 0 0 816 667 831 845
4306 4 2 0 0 641 594 816 845
4307 4 2 0 0 816 1003 400 594
4308 4 2 0 0 641 816 831 845
4309 4 2 0 0 265 641 831 845
4310 4 2 0 0 1141 677 1148 1181
4311 4 2 0 0 495 109 627 1001
4312 4 2 0 0 711 741 1067 1069
4313 4 2 0 0 505 527 506 62
4314 4 2 0 0 1119 555 1120 1302
4315 4 2 0 0 195 194 360 892
4316 4 2 0 0 904 101 1232 1439
4317 4 2 0 0 783 536 842 1258
4318 4 2 0 0 8 360 642 892
4319 4 2 0 0 1003 816 678 594
4320 4 2 0 0 880 1048 1053 1270
4321 4 2 0 0 430 346 629 896
4322 4 2 0 0 1554 1380 1555 1597
4323 4 2 0 0 479 568 1358 1479
4324 4 2 0 0 594 400 595 1003
4325 4 2 0 0 108 107 444 1472
4326 4 2 0 0 480 283 675 1346
4327 4 2 0 0 1468 1497 1471 411
4328 4 2 0 0 1305 381 1520 1551
4329 4 2 0 0 516 285 995 1207
4330 4 2 0 0 822 285 963 1148
4331 4 2 0 0 378 339 1028 502
4332 4 2 0 0 676 378 976 1028
4333 4 2 0 0 725 717 976 1028
4334 4 2 0 0 378 257 454 1028
4335 4 2 0 0 257 309 454 1028
4336 4 2 0 0 351 242 798 851
4337 4 2 0 0 351 350 690 851
4338 4 2 0 0 80 330 431 1147
4339 4 2 0 0 1339 1356 1411 1413
4340 4 2 0 0 625 101 848 904
4341 4 2 0 0 230 216 736 1114
4342 4 2 0 0 184 391 696 937
4343 4 2 0 0 266 317 786 852
4344 4 2 0 0 317 266 475 852
4345 4 2 0 0 317 593 786 852
4346 4 2 0 0 317 527 593 852
4347 4 2 0 0 317 475 527 852
4348 4 2 0 0 229 555 991 1463
4349 4 2 0 0 335 460 1044 1078
4350 4 2 0 0 204 843 1335 1402
4351 4 2 0 0 866 1387 1248 821
4352 4 2 0 0 421 469 622 855
4353 4 2 0 0 622 469 692 855
4354 4 2 0 0 692 469 754 855
4355 4 2 0 0 741 711 754 915
4356 4 2 0 0 421 280 533 855
4357 4 2 0 0 934 984 1595 1596
4358 4 2 0 0 371 373 993 1036
4359 4 2 0 0 693 572 779 857
4360 4 2 0 0 263 585 880 891
4361 4 2 0 0 691 884 189 917
4362 4 2 0 0 1307 442 1395 1472
4363 4 2 0 0 1393 1565 1569 1579
4364 4 2 0 0 585 263 590 891
4365 4 2 0 0 1166 1219 1370 1256
4366 4 2 0 0 555 258 1278 1302
4367 4 2 0 0 667 400 1003 1086
4368 4 2 0 0 79 182 696 960
4369 4 2 0 0 640 422 1284 1400
4370 4 2 0 0 1283 1280 1453 1516
4371 4 2 0 0 1175 244 1488 634
4372 4 2 0 0 948 961 225 899
4373 4 2 0 0 283 363 675 1346
4374 4 2 0 0 1357 199 1360 1392
4375 4 2 0 0 432 1518 444 1303
4376 4 2 0 0 1237 507 1277 1375
4377 4 2 0 0 69 178 833 872
4378 4 2 0 0 981 1402 487 488
4379 4 2 0 0 1042 1027 1044 1078
4380 4 2 0 0 22 26 504 861
4381 4 2 0 0 504 26 729 861
4382 4 2 0 0 207 181 890 936
4383 4 2 0 0 297 732 800 1122
4384 4 2 0 0 1322 767 1334 1386
4385 4 2 0 0 221 761 856 973
4386 4 2 0 0 567 410 663 1523
4387 4 2 0 0 160 148 834 1016
4388 4 2 0 0 212 220 916 1189
4389 4 2 0 0 697 448 1183 543
4390 4 2 0 0 782 654 1090 1189
4391 4 2 0 0 344 376 1049 1445
4392 4 2 0 0 50 160 976 1016
4393 4 2 0 0 220 93 916 1189
4394 4 2 0 0 916 612 982 1189
4395 4 2 0 0 494 1016 454 834
4396 4 2 0 0 269 399 558 1046
4397 4 2 0 0 1010 731 1133 1311
4398 4 2 0 0 347 276 368 1180
4399 4 2 0 0 1197 847 1222 1255
4400 4 2 0 0 1383 188 1390 1391
4401 4 2 0 0 1538 791 1539 1545
4402 4 2 0 0 1119 530 1130 555
4403 4 2 0 0 286 1284 1289 1337
4404 4 2 0 0 1068 1302 1315 438
4405 4 2 0 0 1545 1319 1283 1539
4406 4 2 0 0 766 878 1271 1420
4407 4 2 0 0 847 720 1222 1255
4408 4 2 0 0 1042 1027 1078 1226
4409 4 2 0 0 266 1130 1054 555
4410 4 2 0 0 1119 1130 1102 1072
4411 4 2 0 0 360 240 516 910
4412 4 2 0 0 414 511 1083 1434
4413 4 2 0 0 1380 214 1384 1597
4414 4 2 0 0 76 204 352 905
4415 4 2 0 0 721 754 1067 1069
4416 4 2 0 0 458 465 630 911
4417 4 2 0 0 1019 234 1279 1467
4418 4 2 0 0 301 435 490 961
4419 4 2 0 0 919 677 1099 1100
4420 4 2 0 0 1076 21 1092 1100
4421 4 2 0 0 823 283 667 922
4422 4 2 0 0 696 182 937 960
4423 4 2 0 0 391 696 937 960
4424 4 2 0 0 460 798 851 1044
4425 4 2 0 0 79 391 646 960
4426 4 2 0 0 549 869 364 320
4427 4 2 0 0 1355 1400 770 286
4428 4 2 0 0 311 974 1117 392
4429 4 2 0 0 403 869 232 637
4430 4 2 0 0 1516 643 986 412
4431 4 2 0 0 215 557 644 1057
4432 4 2 0 0 215 374 638 1057
4433 4 2 0 0 308 542 951 1012
4434 4 2 0 0 374 478 941 992
4435 4 2 0 0 19 27 26 871
4436 4 2 0 0 293 254 887 901
4437 4 2 0 0 19 26 22 871
4438 4 2 0 0 232 178 724 872
4439 4 2 0 0 222 232 724 872
4440 4 2 0 0 1246 1392 239 742
4441 4 2 0 0 294 519 776 1038
4442 4 2 0 0 931 569 1095 1227
4443 4 2 0 0 474 315 749 882
4444 4 2 0 0 228 67 875 882
4445 4 2 0 0 315 491 749 882
4446 4 2 0 0 1569 1384 1579 1592
4447 4 2 0 0 1595 881 873 1598
4448 4 2 0 0 64 527 837 1096
4449 4 2 0 0 527 63 700 1096
4450 4 2 0 0 988 796 1021 1104
4451 4 2 0 0 175 178 232 1023
4452 4 2 0 0 508 157 812 1023
4453 4 2 0 0 812 232 833 1023
4454 4 2 0 0 232 403 637 1023
4455 4 2 0 0 403 175 1023 66
4456 4 2 0 0 259 986 988 1030
4457 4 2 0 0 660 922 1361 1103
4458 4 2 0 0 37 67 795 875
4459 4 2 0 0 737 744 1020 1388
4460 4 2 0 0 744 737 1020 1180
4461 4 2 0 0 591 626 929 1381
4462 4 2 0 0 654 1039 1085 1126
4463 4 2 0 0 407 474 795 875
4464 4 2 0 0 67 407 795 875
4465 4 2 0 0 1005 788 650 251
4466 4 2 0 0 598 974 979 1124
4467 4 2 0 0 140 606 907 1066
4468 4 2 0 0 633 268 650 1005
4469 4 2 0 0 7 30 393 1351
4470 4 2 0 0 290 339 1360 1368
4471 4 2 0 0 499 290 1317 1368
4472 4 2 0 0 274 1077 1330 1335
4473 4 2 0 0 375 326 1308 1331
4474 4 2 0 0 1077 1380 486 1330
4475 4 2 0 0 625 101 904 1439
4476 4 2 0 0 414 220 511 1272
4477 4 2 0 0 414 511 596 1272
4478 4 2 0 0 64 63 1096 1340
4479 4 2 0 0 1287 1356 520 1339
4480 4 2 0 0 828 1349 1266 878
4481 4 2 0 0 766 759 828 878
4482 4 2 0 0 767 693 1322 1334
4483 4 2 0 0 202 766 828 878
4484 4 2 0 0 101 596 1232 1272
4485 4 2 0 0 220 712 916 1272
4486 4 2 0 0 1481 1469 1502 1511
4487 4 2 0 0 1435 609 313 1405
4488 4 2 0 0 657 13 806 879
4489 4 2 0 0 657 1083 806 275
4490 4 2 0 0 13 130 806 879
4491 4 2 0 0 590 265 832 1084
4492 4 2 0 0 806 130 827 879
4493 4 2 0 0 327 848 1459 1496
4494 4 2 0 0 731 631 822 1133
4495 4 2 0 0 332 715 737 1388
4496 4 2 0 0 463 754 1204 1327
4497 4 2 0 0 857 1334 693 609
4498 4 2 0 0 1062 217 782 586
4499 4 2 0 0 884 1300 679 384
4500 4 2 0 0 679 691 884 125
4501 4 2 0 0 384 125 679 884
4502 4 2 0 0 582 358 807 1293
4503 4 2 0 0 470 832 887 1187
4504 4 2 0 0 1500 889 134 1507
4505 4 2 0 0 389 422 449 1125
4506 4 2 0 0 208 129 413 984
4507 4 2 0 0 266 317 767 1054
4508 4 2 0 0 460 1042 1044 1078
4509 4 2 0 0 266 1130 555 628
4510 4 2 0 0 727 428 894 919
4511 4 2 0 0 310 360 752 919
4512 4 2 0 0 939 802 1009 1080
4513 4 2 0 0 122 181 489 1032
4514 4 2 0 0 349 1329 1437 1457
4515 4 2 0 0 181 122 936 1032
4516 4 2 0 0 244 634 1198 1529
4517 4 2 0 0 1444 1432 1555 1556
4518 4 2 0 0 305 552 636 1046
4519 4 2 0 0 371 373 425 993
4520 4 2 0 0 658 773 888 1354
4521 4 2 0 0 843 1333 1335 1349
4522 4 2 0 0 1229 1219 1249 1344
4523 4 2 0 0 704 1430 1453 1458
4524 4 2 0 0 1395 565 1553 1572
4525 4 2 0 0 1513 105 1516 1572
4526 4 2 0 0 399 269 607 1046
4527 4 2 0 0 225 279 948 1451
4528 4 2 0 0 506 69 833 1037
4529 4 2 0 0 607 269 728 1046
4530 4 2 0 0 357 704 1430 1453
4531 4 2 0 0 901 250 1005 1065
4532 4 2 0 0 455 681 928 937
4533 4 2 0 0 1082 652 1191 1440
4534 4 2 0 0 188 124 295 1417
4535 4 2 0 0 632 1366 1385 1361
4536 4 2 0 0 181 122 467 890
4537 4 2 0 0 321 377 1361 1366
4538 4 2 0 0 277 469 632 1366
4539 4 2 0 0 763 811 1143 224
4540 4 2 0 0 325 231 471 965
4541 4 2 0 0 325 278 592 965
4542 4 2 0 0 480 339 717 1028
4543 4 2 0 0 928 1250 643 131
4544 4 2 0 0 1334 1412 324 1323
4545 4 2 0 0 588 615 659 893
4546 4 2 0 0 588 659 703 893
4547 4 2 0 0 413 201 934 1142
4548 4 2 0 0 675 363 1294 1346
4549 4 2 0 0 309 257 339 1028
4550 4 2 0 0 369 758 839 896
4551 4 2 0 0 674 430 820 896
4552 4 2 0 0 727 428 762 894
4553 4 2 0 0 649 727 762 894
4554 4 2 0 0 471 384 679 1300
4555 4 2 0 0 713 1480 137 1218
4556 4 2 0 0 565 859 1553 1572
4557 4 2 0 0 348 323 537 983
4558 4 2 0 0 691 884 917 523
4559 4 2 0 0 22 727 861 972
4560 4 2 0 0 194 291 642 964
4561 4 2 0 0 321 289 340 897
4562 4 2 0 0 523 805 1288 1300
4563 4 2 0 0 377 321 518 897
4564 4 2 0 0 210 377 518 897
4565 4 2 0 0 1358 1288 1266 568
4566 4 2 0 0 494 440 1091 1347
4567 4 2 0 0 340 210 518 897
4568 4 2 0 0 321 340 518 897
4569 4 2 0 0 228 207 467 898
4570 4 2 0 0 467 207 890 898
4571 4 2 0 0 207 714 890 898
4572 4 2 0 0 207 228 714 898
4573 4 2 0 0 981 1402 352 776
4574 4 2 0 0 474 522 969 970
4575 4 2 0 0 297 579 732 970
4576 4 2 0 0 970 1213 714 732
4577 4 2 0 0 522 714 969 970
4578 4 2 0 0 119 176 467 898
4579 4 2 0 0 69 872 1037 1121
4580 4 2 0 0 558 246 760 1119
4581 4 2 0 0 195 20 900 926
4582 4 2 0 0 196 195 900 926
4583 4 2 0 0 7 926 231 19
4584 4 2 0 0 813 706 871 900
4585 4 2 0 0 681 131 817 928
4586 4 2 0 0 690 1567 726 1146
4587 4 2 0 0 231 196 603 926
4588 4 2 0 0 630 458 911 1275
4589 4 2 0 0 874 370 1049 1061
4590 4 2 0 0 498 554 797 927
4591 4 2 0 0 253 277 283 1357
4592 4 2 0 0 428 706 727 1154
4593 4 2 0 0 432 353 399 459
4594 4 2 0 0 644 374 941 992
4595 4 2 0 0 630 465 804 911
4596 4 2 0 0 208 569 903 910
4597 4 2 0 0 569 300 903 910
4598 4 2 0 0 213 443 962 1118
4599 4 2 0 0 410 784 314 1523
4600 4 2 0 0 366 794 949 1006
4601 4 2 0 0 460 335 736 1078
4602 4 2 0 0 1440 1454 781 1423
4603 4 2 0 0 553 668 902 904
4604 4 2 0 0 1082 357 1430 1440
4605 4 2 0 0 173 188 1025 1051
4606 4 2 0 0 284 388 772 950
4607 4 2 0 0 676 1016 378 447
4608 4 2 0 0 768 460 851 1044
4609 4 2 0 0 1041 586 742 845
4610 4 2 0 0 1041 586 782 742
4611 4 2 0 0 622 280 1160 1224
4612 4 2 0 0 280 533 855 1160
4613 4 2 0 0 417 286 863 1337
4614 4 2 0 0 314 140 606 1235
4615 4 2 0 0 1004 977 1052 1236
4616 4 2 0 0 219 1067 741 624
4617 4 2 0 0 44 918 974 1124
4618 4 2 0 0 46 567 1234 1235
4619 4 2 0 0 314 606 863 1235
4620 4 2 0 0 711 369 908 839
4621 4 2 0 0 711 533 369 855
4622 4 2 0 0 533 711 369 908
4623 4 2 0 0 566 320 849 909
4624 4 2 0 0 254 566 901 909
4625 4 2 0 0 320 364 549 909
4626 4 2 0 0 549 364 730 909
4627 4 2 0 0 320 549 730 909
4628 4 2 0 0 390 268 901 909
4629 4 2 0 0 320 390 849 909
4630 4 2 0 0 587 895 1148 1181
4631 4 2 0 0 254 364 869 909
4632 4 2 0 0 566 254 869 909
4633 4 2 0 0 268 390 870 909
4634 4 2 0 0 1480 1475 1481 1487
4635 4 2 0 0 320 365 390 909
4636 4 2 0 0 390 365 870 909
4637 4 2 0 0 320 319 365 909
4638 4 2 0 0 365 319 870 909
4639 4 2 0 0 506 527 1037 62
4640 4 2 0 0 104 290 1195 1317
4641 4 2 0 0 811 1368 1246 104
4642 4 2 0 0 63 64 1277 1340
4643 4 2 0 0 83 164 437 912
4644 4 2 0 0 286 417 1400 1337
4645 4 2 0 0 56 655 826 941
4646 4 2 0 0 732 723 800 1122
4647 4 2 0 0 56 638 655 941
4648 4 2 0 0 527 505 506 769
4649 4 2 0 0 267 1026 1056 1058
4650 4 2 0 0 41 1399 591 913
4651 4 2 0 0 519 844 1174 1408
4652 4 2 0 0 1111 1273 394 1186
4653 4 2 0 0 41 171 185 913
4654 4 2 0 0 1338 1541 1555 1568
4655 4 2 0 0 2 661 771 914
4656 4 2 0 0 271 2 529 914
4657 4 2 0 0 466 83 912 1087
4658 4 2 0 0 466 912 940 1087
4659 4 2 0 0 255 1047 1137 1242
4660 4 2 0 0 233 262 421 915
4661 4 2 0 0 351 242 460 1306
4662 4 2 0 0 806 1459 1083 879
4663 4 2 0 0 1434 327 1459 1465
4664 4 2 0 0 972 997 1098 1233
4665 4 2 0 0 568 772 820 950
4666 4 2 0 0 343 835 1224 1190
4667 4 2 0 0 212 220 712 916
4668 4 2 0 0 19 900 1060 926
4669 4 2 0 0 727 428 919 1060
4670 4 2 0 0 1543 1558 1389 1509
4671 4 2 0 0 1145 622 629 1190
4672 4 2 0 0 6 192 17 917
4673 4 2 0 0 448 697 1183 954
4674 4 2 0 0 212 581 782 1189
4675 4 2 0 0 552 305 636 980
4676 4 2 0 0 152 44 792 918
4677 4 2 0 0 494 683 1016 834
4678 4 2 0 0 20 310 900 919
4679 4 2 0 0 649 727 894 919
4680 4 2 0 0 649 21 727 919
4681 4 2 0 0 116 439 648 1294
4682 4 2 0 0 1323 1461 1412 1327
4683 4 2 0 0 482 1204 1327 1329
4684 4 2 0 0 1222 1427 947 848
4685 4 2 0 0 548 358 622 1293
4686 4 2 0 0 281 282 610 945
4687 4 2 0 0 653 637 566 491
4688 4 2 0 0 1072 620 1102 1119
4689 4 2 0 0 252 432 760 921
4690 4 2 0 0 252 389 432 921
4691 4 2 0 0 432 389 640 921
4692 4 2 0 0 640 432 760 558
4693 4 2 0 0 432 640 760 921
4694 4 2 0 0 334 374 638 1014
4695 4 2 0 0 374 215 638 1014
4696 4 2 0 0 199 210 215 1014
4697 4 2 0 0 560 1014 897 199
4698 4 2 0 0 538 159 638 1014
4699 4 2 0 0 340 210 897 1014
4700 4 2 0 0 159 334 638 1014
4701 4 2 0 0 159 329 334 1014
4702 4 2 0 0 1014 560 897 289
4703 4 2 0 0 714 579 898 970
4704 4 2 0 0 579 714 732 970
4705 4 2 0 0 1152 398 1132 1170
4706 4 2 0 0 67 36 143 1151
4707 4 2 0 0 793 227 489 356
4708 4 2 0 0 143 36 144 1151
4709 4 2 0 0 331 441 323 1137
4710 4 2 0 0 1297 1307 1332 1518
4711 4 2 0 0 293 730 867 1129
4712 4 2 0 0 1269 1567 1047 865
4713 4 2 0 0 1116 368 1476 1483
4714 4 2 0 0 1020 551 1378 1388
4715 4 2 0 0 231 603 813 926
4716 4 2 0 0 603 196 900 926
4717 4 2 0 0 813 603 900 926
4718 4 2 0 0 193 926 231 209
4719 4 2 0 0 129 208 413 1088
4720 4 2 0 0 416 177 952 987
4721 4 2 0 0 583 415 796 1504
4722 4 2 0 0 177 68 952 987
4723 4 2 0 0 384 380 603 938
4724 4 2 0 0 196 128 384 938
4725 4 2 0 0 46 314 410 1235
4726 4 2 0 0 128 707 884 938
4727 4 2 0 0 999 1039 1074 1162
4728 4 2 0 0 196 384 603 938
4729 4 2 0 0 390 849 909 967
4730 4 2 0 0 507 572 718 1394
4731 4 2 0 0 364 929 146 549
4732 4 2 0 0 1498 1464 1489 712
4733 4 2 0 0 428 249 894 1222
4734 4 2 0 0 146 145 913 929
4735 4 2 0 0 328 422 962 1400
4736 4 2 0 0 347 951 977 1075
4737 4 2 0 0 94 758 896 930
4738 4 2 0 0 341 16 1088 1296
4739 4 2 0 0 209 7 393 933
4740 4 2 0 0 449 264 931 932
4741 4 2 0 0 965 799 705 31
4742 4 2 0 0 965 332 799 387
4743 4 2 0 0 471 231 708 965
4744 4 2 0 0 643 1250 986 412
4745 4 2 0 0 31 231 325 965
4746 4 2 0 0 387 31 799 965
4747 4 2 0 0 798 351 851 1239
4748 4 2 0 0 346 629 1401 1443
4749 4 2 0 0 430 674 820 1443
4750 4 2 0 0 859 1539 583 1285
4751 4 2 0 0 1420 1541 1554 1555
4752 4 2 0 0 1524 1509 1531 1543
4753 4 2 0 0 712 916 1272 1464
4754 4 2 0 0 442 565 1307 1395
4755 4 2 0 0 145 913 929 1399
4756 4 2 0 0 438 555 1278 1302
4757 4 2 0 0 96 421 469 1299
4758 4 2 0 0 524 1543 1544 1548
4759 4 2 0 0 222 401 852 935
4760 4 2 0 0 762 428 1154 1179
4761 4 2 0 0 1207 413 1296 1311
4762 4 2 0 0 786 266 852 935
4763 4 2 0 0 401 786 852 935
4764 4 2 0 0 288 401 433 935
4765 4 2 0 0 453 795 875 943
4766 4 2 0 0 795 37 875 943
4767 4 2 0 0 1205 1284 1332 1176
4768 4 2 0 0 33 37 795 943
4769 4 2 0 0 37 33 923 943
4770 4 2 0 0 409 1007 1040 1153
4771 4 2 0 0 301 354 368 1180
4772 4 2 0 0 1543 1389 1544 1548
4773 4 2 0 0 288 266 786 935
4774 4 2 0 0 401 288 786 935
4775 4 2 0 0 401 222 513 935
4776 4 2 0 0 513 222 562 935
4777 4 2 0 0 433 401 513 935
4778 4 2 0 0 433 513 562 935
4779 4 2 0 0 182 86 696 937
4780 4 2 0 0 182 272 681 937
4781 4 2 0 0 86 85 696 937
4782 4 2 0 0 35 182 681 937
4783 4 2 0 0 35 86 182 937
4784 4 2 0 0 85 184 696 937
4785 4 2 0 0 760 844 977 1052
4786 4 2 0 0 374 644 941 1057
4787 4 2 0 0 173 82 1025 1026
4788 4 2 0 0 23 405 1228 1352
4789 4 2 0 0 1368 1360 239 1392
4790 4 2 0 0 262 277 742 1392
4791 4 2 0 0 251 315 395 940
4792 4 2 0 0 562 438 604 968
4793 4 2 0 0 940 251 466 395
4794 4 2 0 0 6 189 917 953
4795 4 2 0 0 208 129 362 1088
4796 4 2 0 0 240 362 500 1088
4797 4 2 0 0 232 121 623 1008
4798 4 2 0 0 413 934 984 1142
4799 4 2 0 0 1194 183 539 164
4800 4 2 0 0 82 1025 1026 1058
4801 4 2 0 0 941 235 685 478
4802 4 2 0 0 655 685 235 826
4803 4 2 0 0 267 670 952 1058
4804 4 2 0 0 849 267 952 1058
4805 4 2 0 0 270 267 1056 1058
4806 4 2 0 0 1026 849 1033 1058
4807 4 2 0 0 1412 1461 463 1327
4808 4 2 0 0 560 383 765 944
4809 4 2 0 0 560 199 897 944
4810 4 2 0 0 199 560 765 944
4811 4 2 0 0 115 116 648 1294
4812 4 2 0 0 1251 1221 1091 1347
4813 4 2 0 0 380 384 479 1300
4814 4 2 0 0 383 709 920 944
4815 4 2 0 0 116 155 439 1294
4816 4 2 0 0 96 765 920 944
4817 4 2 0 0 765 383 920 944
4818 4 2 0 0 988 817 989 1250
4819 4 2 0 0 839 754 855 1204
4820 4 2 0 0 145 792 885 1001
4821 4 2 0 0 316 343 1561 1190
4822 4 2 0 0 135 862 1449 1452
4823 4 2 0 0 717 161 725 976
4824 4 2 0 0 452 135 1265 1377
4825 4 2 0 0 699 734 750 1007
4826 4 2 0 0 47 46 591 1234
4827 4 2 0 0 601 211 815 1306
4828 4 2 0 0 649 972 997 1098
4829 4 2 0 0 283 922 1086 667
4830 4 2 0 0 317 266 628 1054
4831 4 2 0 0 152 112 348 983
4832 4 2 0 0 536 783 842 1000
4833 4 2 0 0 323 348 540 983
4834 4 2 0 0 540 348 790 983
4835 4 2 0 0 200 451 1389 671
4836 4 2 0 0 1419 910 1596 903
4837 4 2 0 0 574 983 790 348
4838 4 2 0 0 822 285 1010 1133
4839 4 2 0 0 571 388 785 950
4840 4 2 0 0 1596 352 208 15
4841 4 2 0 0 504 373 729 978
4842 4 2 0 0 373 425 1537 1538
4843 4 2 0 0 997 1060 1076 1011
4844 4 2 0 0 292 1048 1053 1093
4845 4 2 0 0 276 737 744 1180
4846 4 2 0 0 542 302 746 951
4847 4 2 0 0 273 542 746 951
4848 4 2 0 0 273 308 542 951
4849 4 2 0 0 240 208 362 1088
4850 4 2 0 0 177 68 940 952
4851 4 2 0 0 746 977 264 273
4852 4 2 0 0 804 630 911 545
4853 4 2 0 0 1048 249 1179 1304
4854 4 2 0 0 224 586 1211 1246
4855 4 2 0 0 586 224 1062 1246
4856 4 2 0 0 698 1027 1044 1202
4857 4 2 0 0 292 1036 1053 1248
4858 4 2 0 0 662 1190 550 1401
4859 4 2 0 0 118 169 520 1341
4860 4 2 0 0 1175 791 1182 1285
4861 4 2 0 0 1047 226 1137 1520
4862 4 2 0 0 1223 307 1260 1286
4863 4 2 0 0 269 318 1247 1267
4864 4 2 0 0 380 479 515 1288
4865 4 2 0 0 763 755 811 958
4866 4 2 0 0 755 526 756 958
4867 4 2 0 0 110 206 834 959
4868 4 2 0 0 206 110 834 148
4869 4 2 0 0 206 111 521 959
4870 4 2 0 0 917 707 884 192
4871 4 2 0 0 295 146 549 959
4872 4 2 0 0 56 638 941 1057
4873 4 2 0 0 270 521 635 959
4874 4 2 0 0 521 111 635 959
4875 4 2 0 0 635 111 858 959
4876 4 2 0 0 1161 588 659 1521
4877 4 2 0 0 110 364 146 959
4878 4 2 0 0 146 364 549 959
4879 4 2 0 0 869 549 959 1056
4880 4 2 0 0 295 635 665 959
4881 4 2 0 0 146 295 665 959
4882 4 2 0 0 665 635 858 959
4883 4 2 0 0 111 110 858 959
4884 4 2 0 0 110 146 858 959
4885 4 2 0 0 146 665 858 959
4886 4 2 0 0 388 571 785 1074
4887 4 2 0 0 253 742 845 1086
4888 4 2 0 0 1007 1053 1040 1093
4889 4 2 0 0 1006 379 1039 1074
4890 4 2 0 0 930 571 999 1074
4891 4 2 0 0 972 791 1182 1206
4892 4 2 0 0 588 335 893 963
4893 4 2 0 0 359 588 893 963
4894 4 2 0 0 75 144 808 1029
4895 4 2 0 0 71 75 808 1029
4896 4 2 0 0 1041 1067 741 654
4897 4 2 0 0 974 311 1117 979
4898 4 2 0 0 822 587 994 1148
4899 4 2 0 0 507 477 572 1237
4900 4 2 0 0 1176 862 1262 1332
4901 4 2 0 0 341 413 984 1142
4902 4 2 0 0 1362 1324 1404 1436
4903 4 2 0 0 859 1285 1553 1572
4904 4 2 0 0 309 480 725 1028
4905 4 2 0 0 393 209 933 964
4906 4 2 0 0 209 393 473 964
4907 4 2 0 0 892 8 933 964
4908 4 2 0 0 209 964 892 933
4909 4 2 0 0 278 325 471 965
4910 4 2 0 0 965 1358 278 592
4911 4 2 0 0 325 592 705 965
4912 4 2 0 0 31 325 705 965
4913 4 2 0 0 31 29 231 965
4914 4 2 0 0 231 29 708 965
4915 4 2 0 0 721 839 1185 1204
4916 4 2 0 0 1284 1125 1337 422
4917 4 2 0 0 484 1434 1083 1465
4918 4 2 0 0 899 1457 961 225
4919 4 2 0 0 496 689 885 966
4920 4 2 0 0 627 496 885 966
4921 4 2 0 0 792 966 145 885
4922 4 2 0 0 48 885 689 966
4923 4 2 0 0 886 769 517 70
4924 4 2 0 0 390 251 940 967
4925 4 2 0 0 251 315 940 967
4926 4 2 0 0 315 566 653 967
4927 4 2 0 0 967 940 849 653
4928 4 2 0 0 315 653 940 967
4929 4 2 0 0 693 584 700 1405
4930 4 2 0 0 207 714 1173 1258
4931 4 2 0 0 316 343 1190 835
4932 4 2 0 0 379 721 800 1184
4933 4 2 0 0 560 374 644 992
4934 4 2 0 0 374 289 478 992
4935 4 2 0 0 482 618 1102 1145
4936 4 2 0 0 475 517 1121 1178
4937 4 2 0 0 749 474 882 969
4938 4 2 0 0 723 379 800 1122
4939 4 2 0 0 770 286 1267 1355
4940 4 2 0 0 297 345 579 970
4941 4 2 0 0 579 345 749 970
4942 4 2 0 0 1502 1469 1507 1511
4943 4 2 0 0 433 229 555 991
4944 4 2 0 0 379 723 1006 1122
4945 4 2 0 0 405 642 931 971
4946 4 2 0 0 405 264 542 971
4947 4 2 0 0 542 291 964 971
4948 4 2 0 0 405 542 964 971
4949 4 2 0 0 542 264 746 971
4950 4 2 0 0 291 542 746 971
4951 4 2 0 0 974 42 392 664
4952 4 2 0 0 1263 831 265 641
4953 4 2 0 0 449 264 932 1149
4954 4 2 0 0 96 199 277 1371
4955 4 2 0 0 1527 1395 1553 1572
4956 4 2 0 0 856 221 1406 349
4957 4 2 0 0 953 691 1316 1407
4958 4 2 0 0 843 1349 1402 1407
4959 4 2 0 0 148 50 447 1016
4960 4 2 0 0 221 530 761 973
4961 4 2 0 0 761 530 793 973
4962 4 2 0 0 71 356 552 980
4963 4 2 0 0 649 791 972 1206
4964 4 2 0 0 224 497 499 1187
4965 4 2 0 0 355 356 801 980
4966 4 2 0 0 355 356 305 532
4967 4 2 0 0 44 152 664 974
4968 4 2 0 0 221 530 1015 1054
4969 4 2 0 0 975 1085 949 243
4970 4 2 0 0 265 590 832 975
4971 4 2 0 0 199 96 277 1299
4972 4 2 0 0 193 964 209 473
4973 4 2 0 0 243 402 794 975
4974 4 2 0 0 265 402 906 975
4975 4 2 0 0 590 265 906 975
4976 4 2 0 0 600 1000 1017 279
4977 4 2 0 0 698 335 768 1044
4978 4 2 0 0 647 137 809 1017
4979 4 2 0 0 161 50 160 976
4980 4 2 0 0 50 161 52 976
4981 4 2 0 0 746 273 951 977
4982 4 2 0 0 273 347 951 977
4983 4 2 0 0 273 252 347 977
4984 4 2 0 0 318 1267 1290 1331
4985 4 2 0 0 727 21 997 1076
4986 4 2 0 0 919 727 1060 1076
4987 4 2 0 0 829 901 967 1005
4988 4 2 0 0 671 200 1177 1564
4989 4 2 0 0 206 869 959 1056
4990 4 2 0 0 549 295 959 1056
4991 4 2 0 0 105 1527 1553 1572
4992 4 2 0 0 245 1432 1444 1556
4993 4 2 0 0 459 138 1422 1472
4994 4 2 0 0 443 640 962 1118
4995 4 2 0 0 389 422 640 1118
4996 4 2 0 0 213 422 449 1118
4997 4 2 0 0 1129 525 1135 1150
4998 4 2 0 0 326 770 1355 1364
4999 4 2 0 0 541 1082 1097 1191
5000 4 2 0 0 175 232 637 1023
5001 4 2 0 0 206 232 812 1023
5002 4 2 0 0 545 630 911 1275
5003 4 2 0 0 1414 615 627 966
5004 4 2 0 0 461 71 356 180
5005 4 2 0 0 71 461 356 980
5006 4 2 0 0 520 118 1341 1411
5007 4 2 0 0 584 527 700 1096
5008 4 2 0 0 1423 1471 1495 1530
5009 4 2 0 0 1236 776 981 1109
5010 4 2 0 0 981 208 352 488
5011 4 2 0 0 431 391 937 1238
5012 4 2 0 0 487 488 563 981
5013 4 2 0 0 291 487 563 981
5014 4 2 0 0 248 391 457 1238
5015 4 2 0 0 455 259 988 1104
5016 4 2 0 0 94 820 930 896
5017 4 2 0 0 208 981 903 569
5018 4 2 0 0 485 536 948 1000
5019 4 2 0 0 783 279 842 1000
5020 4 2 0 0 687 225 1043 1116
5021 4 2 0 0 1043 961 1116 225
5022 4 2 0 0 412 131 1250 1458
5023 4 2 0 0 661 825 835 1224
5024 4 2 0 0 961 534 1073 1116
5025 4 2 0 0 368 687 1043 1116
5026 4 2 0 0 706 292 1154 1197
5027 4 2 0 0 740 612 955 982
5028 4 2 0 0 1565 1363 1577 1579
5029 4 2 0 0 536 842 948 1000
5030 4 2 0 0 588 587 963 1181
5031 4 2 0 0 391 272 937 985
5032 4 2 0 0 133 1500 1501 1532
5033 4 2 0 0 260 728 258 305
5034 4 2 0 0 359 408 1256 1314
5035 4 2 0 0 523 679 1300 1316
5036 4 2 0 0 272 138 442 985
5037 4 2 0 0 138 272 646 985
5038 4 2 0 0 1297 244 1332 1198
5039 4 2 0 0 1242 255 1344 1348
5040 4 2 0 0 416 142 924 987
5041 4 2 0 0 177 416 924 987
5042 4 2 0 0 416 83 539 987
5043 4 2 0 0 142 416 539 987
5044 4 2 0 0 68 36 84 987
5045 4 2 0 0 36 67 143 987
5046 4 2 0 0 36 143 144 987
5047 4 2 0 0 144 142 539 987
5048 4 2 0 0 83 84 144 987
5049 4 2 0 0 84 36 144 987
5050 4 2 0 0 83 144 539 987
5051 4 2 0 0 744 1073 1180 301
5052 4 2 0 0 400 624 741 1041
5053 4 2 0 0 541 357 650 989
5054 4 2 0 0 342 541 650 989
5055 4 2 0 0 1348 381 1260 1242
5056 4 2 0 0 1129 525 1150 1251
5057 4 2 0 0 1412 1329 1406 1323
5058 4 2 0 0 366 749 970 474
5059 4 2 0 0 970 794 366 990
5060 4 2 0 0 794 749 366 423
5061 4 2 0 0 624 219 297 595
5062 4 2 0 0 970 794 749 366
5063 4 2 0 0 345 749 970 990
5064 4 2 0 0 297 345 970 990
5065 4 2 0 0 345 297 794 990
5066 4 2 0 0 749 345 794 990
5067 4 2 0 0 788 590 250 585
5068 4 2 0 0 366 970 522 474
5069 4 2 0 0 222 724 942 1178
5070 4 2 0 0 433 438 562 991
5071 4 2 0 0 562 438 968 991
5072 4 2 0 0 532 266 935 1178
5073 4 2 0 0 433 229 1019 235
5074 4 2 0 0 685 427 941 992
5075 4 2 0 0 289 374 560 992
5076 4 2 0 0 465 289 560 992
5077 4 2 0 0 183 1194 539 416
5078 4 2 0 0 654 554 1090 1169
5079 4 2 0 0 848 904 947 994
5080 4 2 0 0 587 895 904 994
5081 4 2 0 0 822 587 904 994
5082 4 2 0 0 1573 545 1571 1589
5083 4 2 0 0 921 449 1118 1149
5084 4 2 0 0 885 1165 496 627
5085 4 2 0 0 978 425 1532 1537
5086 4 2 0 0 771 661 835 1224
5087 4 2 0 0 210 480 675 1346
5088 4 2 0 0 622 1160 1190 1224
5089 4 2 0 0 558 443 640 1313
5090 4 2 0 0 1137 1370 1281 323
5091 4 2 0 0 565 859 1030 1198
5092 4 2 0 0 1030 859 1175 1198
5093 4 2 0 0 244 634 1175 1198
5094 4 2 0 0 1016 378 494 454
5095 4 2 0 0 1520 1254 1242 1525
5096 4 2 0 0 502 676 717 1028
5097 4 2 0 0 906 402 243 975
5098 4 2 0 0 784 336 1488 1492
5099 4 2 0 0 1509 1343 1524 1531
5100 4 2 0 0 727 22 861 1011
5101 4 2 0 0 1052 264 1209 1236
5102 4 2 0 0 371 1040 1048 1093
5103 4 2 0 0 666 1095 1109 1209
5104 4 2 0 0 60 141 1013 1103
5105 4 2 0 0 377 922 1013 1103
5106 4 2 0 0 704 132 1079 1082
5107 4 2 0 0 1326 881 1600 1601
5108 4 2 0 0 923 943 1231 1244
5109 4 2 0 0 680 33 1002 1071
5110 4 2 0 0 668 216 902 998
5111 4 2 0 0 939 1080 1410 1424
5112 4 2 0 0 1224 1190 771 1160
5113 4 2 0 0 955 740 982 999
5114 4 2 0 0 154 833 852 1037
5115 4 2 0 0 154 62 506 1037
5116 4 2 0 0 741 742 782 1110
5117 4 2 0 0 1004 746 977 1236
5118 4 2 0 0 1115 511 1196 1214
5119 4 2 0 0 757 736 822 1078
5120 4 2 0 0 951 746 977 1075
5121 4 2 0 0 1027 335 1044 1078
5122 4 2 0 0 94 740 955 999
5123 4 2 0 0 112 495 983 1001
5124 4 2 0 0 495 112 787 1001
5125 4 2 0 0 109 495 787 1001
5126 4 2 0 0 680 33 694 1002
5127 4 2 0 0 33 694 453 795
5128 4 2 0 0 704 132 1082 1430
5129 4 2 0 0 618 1204 1329 1457
5130 4 2 0 0 1412 800 463 609
5131 4 2 0 0 1277 1309 1336 1340
5132 4 2 0 0 1047 255 1146 1269
5133 4 2 0 0 1182 133 1452 1501
5134 4 2 0 0 16 130 500 1131
5135 4 2 0 0 443 1298 1302 1398
5136 4 2 0 0 1036 292 1053 1093
5137 4 2 0 0 1011 20 1060 1076
5138 4 2 0 0 1053 1007 1040 409
5139 4 2 0 0 1007 1040 371 1093
5140 4 2 0 0 722 1229 1243 1249
5141 4 2 0 0 915 742 277 1086
5142 4 2 0 0 295 270 959 1056
5143 4 2 0 0 400 594 624 1094
5144 4 2 0 0 828 878 1266 1271
5145 4 2 0 0 906 845 1041 1094
5146 4 2 0 0 409 263 1040 1053
5147 4 2 0 0 263 880 1040 1053
5148 4 2 0 0 242 736 757 1042
5149 4 2 0 0 268 448 650 1005
5150 4 2 0 0 741 654 1067 1069
5151 4 2 0 0 496 703 893 1123
5152 4 2 0 0 748 1123 738 1166
5153 4 2 0 0 1174 1493 1517 1543
5154 4 2 0 0 1006 1097 785 388
5155 4 2 0 0 379 723 785 1006
5156 4 2 0 0 1006 785 1074 388
5157 4 2 0 0 1040 409 1153 1191
5158 4 2 0 0 77 167 376 1220
5159 4 2 0 0 515 1214 237 772
5160 4 2 0 0 784 410 314 1235
5161 4 2 0 0 259 796 1533 988
5162 4 2 0 0 409 734 750 551
5163 4 2 0 0 915 277 262 469
5164 4 2 0 0 287 254 829 1263
5165 4 2 0 0 347 337 1144 1180
5166 4 2 0 0 46 140 314 1235
5167 4 2 0 0 425 371 993 1007
5168 4 2 0 0 284 332 387 1388
5169 4 2 0 0 750 425 993 1007
5170 4 2 0 0 425 750 781 1007
5171 4 2 0 0 521 151 604 1009
5172 4 2 0 0 1440 1430 1471 1478
5173 4 2 0 0 1423 456 1440 1478
5174 4 2 0 0 1252 1081 1489 1498
5175 4 2 0 0 709 358 1293 639
5176 4 2 0 0 543 415 1504 1506
5177 4 2 0 0 1430 1497 411 1471
5178 4 2 0 0 95 811 1062 1143
5179 4 2 0 0 1360 1368 239 1317
5180 4 2 0 0 547 731 822 1010
5181 4 2 0 0 553 547 822 1010
5182 4 2 0 0 932 666 1052 1209
5183 4 2 0 0 673 608 663 710
5184 4 2 0 0 547 553 597 1010
5185 4 2 0 0 234 968 991 1019
5186 4 2 0 0 12 547 597 1010
5187 4 2 0 0 422 328 836 1312
5188 4 2 0 0 381 614 1260 1578
5189 4 2 0 0 660 823 922 1013
5190 4 2 0 0 922 1003 823 660
5191 4 2 0 0 805 380 1288 1300
5192 4 2 0 0 321 807 944 1293
5193 4 2 0 0 136 337 1144 452
5194 4 2 0 0 1051 1390 1391 1397
5195 4 2 0 0 58 60 141 1013
5196 4 2 0 0 639 709 944 1293
5197 4 2 0 0 289 329 340 1014
5198 4 2 0 0 116 159 648 1014
5199 4 2 0 0 340 116 648 1014
5200 4 2 0 0 159 116 329 1014
5201 4 2 0 0 329 116 340 1014
5202 4 2 0 0 600 34 647 1017
5203 4 2 0 0 411 1468 1481 1505
5204 4 2 0 0 181 227 489 1032
5205 4 2 0 0 600 809 1017 353
5206 4 2 0 0 813 706 925 1387
5207 4 2 0 0 630 1210 1567 1573
5208 4 2 0 0 326 375 1341 1355
5209 4 2 0 0 229 433 1019 991
5210 4 2 0 0 229 235 441 1019
5211 4 2 0 0 433 1019 562 235
5212 4 2 0 0 968 562 991 1019
5213 4 2 0 0 349 225 1437 1451
5214 4 2 0 0 540 235 574 1019
5215 4 2 0 0 348 540 574 1019
5216 4 2 0 0 495 790 983 1059
5217 4 2 0 0 270 1058 1022 416
5218 4 2 0 0 235 562 574 1019
5219 4 2 0 0 197 936 1412 1431
5220 4 2 0 0 574 562 604 1019
5221 4 2 0 0 604 562 968 1019
5222 4 2 0 0 585 1040 1153 1191
5223 4 2 0 0 628 622 482 1145
5224 4 2 0 0 266 852 935 1178
5225 4 2 0 0 851 1044 1374 1379
5226 4 2 0 0 1379 768 698 261
5227 4 2 0 0 851 261 1044 1379
5228 4 2 0 0 200 451 760 844
5229 4 2 0 0 1238 1147 1529 1533
5230 4 2 0 0 232 178 833 1023
5231 4 2 0 0 69 508 833 1023
5232 4 2 0 0 178 69 833 1023
5233 4 2 0 0 175 66 508 1023
5234 4 2 0 0 178 175 508 1023
5235 4 2 0 0 69 178 508 1023
5236 4 2 0 0 422 213 962 1118
5237 4 2 0 0 979 1279 1127 1024
5238 4 2 0 0 328 510 748 1024
5239 4 2 0 0 598 1355 434 436
5240 4 2 0 0 748 434 328 1024
5241 4 2 0 0 837 418 317 386
5242 4 2 0 0 988 986 1250 1280
5243 4 2 0 0 1384 451 1393 1579
5244 4 2 0 0 472 244 1289 1290
5245 4 2 0 0 1176 1125 1205 1284
5246 4 2 0 0 844 977 1004 451
5247 4 2 0 0 239 262 742 1392
5248 4 2 0 0 277 262 1371 1392
5249 4 2 0 0 359 893 1166 1202
5250 4 2 0 0 698 261 768 1059
5251 4 2 0 0 1119 530 620 1102
5252 4 2 0 0 530 1119 620 246
5253 4 2 0 0 935 532 942 1278
5254 4 2 0 0 540 322 685 1059
5255 4 2 0 0 173 124 546 1026
5256 4 2 0 0 546 124 549 1026
5257 4 2 0 0 318 367 457 1220
5258 4 2 0 0 607 457 1212 1220
5259 4 2 0 0 457 77 1212 1220
5260 4 2 0 0 1573 1571 1588 1589
5261 4 2 0 0 257 253 499 1211
5262 4 2 0 0 436 392 512 1117
5263 4 2 0 0 1082 652 1097 1191
5264 4 2 0 0 607 344 728 1247
5265 4 2 0 0 392 509 1477 1490
5266 4 2 0 0 641 281 688 1263
5267 4 2 0 0 936 324 1032 1128
5268 4 2 0 0 1200 1098 1176 23
5269 4 2 0 0 71 180 461 1029
5270 4 2 0 0 74 1022 539 1029
5271 4 2 0 0 75 74 539 1029
5272 4 2 0 0 808 142 924 1029
5273 4 2 0 0 180 808 924 1029
5274 4 2 0 0 144 75 539 1029
5275 4 2 0 0 180 71 808 1029
5276 4 2 0 0 1182 1175 1198 1206
5277 4 2 0 0 660 418 1309 632
5278 4 2 0 0 1418 106 1468 1530
5279 4 2 0 0 226 658 1446 1524
5280 4 2 0 0 1111 1273 1230 1125
5281 4 2 0 0 1497 1418 1468 1530
5282 4 2 0 0 1319 1280 583 989
5283 4 2 0 0 23 449 1111 1176
5284 4 2 0 0 449 389 1125 1176
5285 4 2 0 0 536 783 1017 1031
5286 4 2 0 0 280 914 1160 1224
5287 4 2 0 0 247 470 954 1245
5288 4 2 0 0 783 34 1017 1031
5289 4 2 0 0 1017 854 1218 1031
5290 4 2 0 0 923 943 1002 1152
5291 4 2 0 0 853 139 854 1031
5292 4 2 0 0 34 853 854 1031
5293 4 2 0 0 854 1017 647 34
5294 4 2 0 0 1381 929 1396 1414
5295 4 2 0 0 1139 1492 1494 1499
5296 4 2 0 0 151 111 604 1035
5297 4 2 0 0 348 152 537 1035
5298 4 2 0 0 537 152 974 1035
5299 4 2 0 0 311 348 537 1035
5300 4 2 0 0 311 537 974 1035
5301 4 2 0 0 112 152 348 1035
5302 4 2 0 0 1035 111 574 112
5303 4 2 0 0 112 348 574 1035
5304 4 2 0 0 574 348 604 1035
5305 4 2 0 0 152 151 664 1035
5306 4 2 0 0 152 111 151 1035
5307 4 2 0 0 111 152 112 1035
5308 4 2 0 0 730 319 867 1482
5309 4 2 0 0 348 323 1019 1279
5310 4 2 0 0 490 534 950 1073
5311 4 2 0 0 266 530 555 1054
5312 4 2 0 0 370 355 874 1049
5313 4 2 0 0 979 1279 537 311
5314 4 2 0 0 769 527 852 1037
5315 4 2 0 0 62 154 593 1037
5316 4 2 0 0 593 154 852 1037
5317 4 2 0 0 527 62 593 1037
5318 4 2 0 0 527 593 852 1037
5319 4 2 0 0 736 587 822 1078
5320 4 2 0 0 822 587 963 1078
5321 4 2 0 0 1095 1109 1209 1227
5322 4 2 0 0 757 631 1042 1078
5323 4 2 0 0 335 587 736 1078
5324 4 2 0 0 26 22 504 1140
5325 4 2 0 0 1520 1254 1525 1580
5326 4 2 0 0 659 966 1396 1399
5327 4 2 0 0 1095 981 1109 1227
5328 4 2 0 0 1045 465 888 630
5329 4 2 0 0 292 925 1261 1197
5330 4 2 0 0 541 694 1002 1079
5331 4 2 0 0 915 632 277 469
5332 4 2 0 0 242 460 736 1042
5333 4 2 0 0 215 199 560 1192
5334 4 2 0 0 916 263 982 1196
5335 4 2 0 0 567 410 784 1235
5336 4 2 0 0 525 608 1135 1155
5337 4 2 0 0 591 525 1381 1396
5338 4 2 0 0 373 727 861 1154
5339 4 2 0 0 861 706 1113 1154
5340 4 2 0 0 1566 1531 1193 616
5341 4 2 0 0 567 608 626 1155
5342 4 2 0 0 772 715 950 568
5343 4 2 0 0 845 742 1041 1086
5344 4 2 0 0 742 915 277 262
5345 4 2 0 0 400 845 1041 1086
5346 4 2 0 0 1224 343 1190 622
5347 4 2 0 0 742 741 782 1041
5348 4 2 0 0 939 802 1424 1433
5349 4 2 0 0 68 952 987 1087
5350 4 2 0 0 902 553 904 1439
5351 4 2 0 0 448 1245 247 954
5352 4 2 0 0 744 301 1180 1257
5353 4 2 0 0 1457 899 961 702
5354 4 2 0 0 485 809 1000 1043
5355 4 2 0 0 1043 961 948 485
5356 4 2 0 0 948 485 1000 1043
5357 4 2 0 0 1376 1020 1378 1144
5358 4 2 0 0 1000 809 279 1043
5359 4 2 0 0 279 225 948 1043
5360 4 2 0 0 279 948 1000 1043
5361 4 2 0 0 165 80 431 1147
5362 4 2 0 0 247 585 891 1203
5363 4 2 0 0 410 567 784 1523
5364 4 2 0 0 614 645 666 1240
5365 4 2 0 0 420 80 1104 1147
5366 4 2 0 0 441 1045 1353 1354
5367 4 2 0 0 229 441 1353 1354
5368 4 2 0 0 773 229 1353 1354
5369 4 2 0 0 1045 888 1353 1354
5370 4 2 0 0 226 888 1045 1354
5371 4 2 0 0 441 226 1045 1354
5372 4 2 0 0 1145 629 1177 1190
5373 4 2 0 0 600 1000 783 1017
5374 4 2 0 0 736 230 1114 1138
5375 4 2 0 0 310 500 684 1255
5376 4 2 0 0 729 373 861 1113
5377 4 2 0 0 300 516 1243 1310
5378 4 2 0 0 821 729 861 1113
5379 4 2 0 0 496 404 893 1165
5380 4 2 0 0 617 557 1192 1241
5381 4 2 0 0 1418 1478 1453 456
5382 4 2 0 0 257 281 831 1211
5383 4 2 0 0 1106 1403 1558 1564
5384 4 2 0 0 1471 1478 1497 1530
5385 4 2 0 0 845 1211 831 265
5386 4 2 0 0 1111 1099 1205 1230
5387 4 2 0 0 798 102 1027 1226
5388 4 2 0 0 290 104 1195 1217
5389 4 2 0 0 782 840 883 1062
5390 4 2 0 0 355 305 980 1049
5391 4 2 0 0 305 344 980 1049
5392 4 2 0 0 874 355 980 1049
5393 4 2 0 0 1049 1274 980 874
5394 4 2 0 0 782 581 840 1062
5395 4 2 0 0 185 635 665 1417
5396 4 2 0 0 224 581 586 1062
5397 4 2 0 0 818 95 883 1062
5398 4 2 0 0 1212 607 1220 1247
5399 4 2 0 0 347 303 799 1144
5400 4 2 0 0 95 811 883 1062
5401 4 2 0 0 966 615 1161 1414
5402 4 2 0 0 1298 443 1315 1398
5403 4 2 0 0 1511 1468 1469 106
5404 4 2 0 0 277 199 1357 1392
5405 4 2 0 0 199 277 1371 1392
5406 4 2 0 0 1360 199 1371 1392
5407 4 2 0 0 977 760 921 252
5408 4 2 0 0 760 977 921 1052
5409 4 2 0 0 977 921 264 273
5410 4 2 0 0 226 1045 1047 1137
5411 4 2 0 0 1330 878 1335 1380
5412 4 2 0 0 1132 923 1170 238
5413 4 2 0 0 624 243 1041 1094
5414 4 2 0 0 699 382 1007 1053
5415 4 2 0 0 1207 995 1310 1345
5416 4 2 0 0 351 460 851 1306
5417 4 2 0 0 382 409 1007 1053
5418 4 2 0 0 284 1214 1055 772
5419 4 2 0 0 400 624 1041 1094
5420 4 2 0 0 845 400 1041 1094
5421 4 2 0 0 594 400 845 1094
5422 4 2 0 0 534 276 950 1073
5423 4 2 0 0 598 434 979 1117
5424 4 2 0 0 382 409 1053 1055
5425 4 2 0 0 284 263 409 1055
5426 4 2 0 0 409 263 1053 1055
5427 4 2 0 0 381 1348 1305 1242
5428 4 2 0 0 1200 24 1228 1262
5429 4 2 0 0 263 501 880 1055
5430 4 2 0 0 880 501 1053 1055
5431 4 2 0 0 263 880 1053 1055
5432 4 2 0 0 232 267 637 1056
5433 4 2 0 0 637 267 869 1056
5434 4 2 0 0 232 637 869 1056
5435 4 2 0 0 56 450 538 1057
5436 4 2 0 0 1387 866 743 813
5437 4 2 0 0 1164 844 1548 1136
5438 4 2 0 0 538 557 450 51
5439 4 2 0 0 961 1043 948 225
5440 4 2 0 0 826 1057 685 450
5441 4 2 0 0 1057 826 56 450
5442 4 2 0 0 655 685 826 941
5443 4 2 0 0 1480 672 485 1487
5444 4 2 0 0 127 310 240 500
5445 4 2 0 0 82 1026 1033 1058
5446 4 2 0 0 164 82 1033 1058
5447 4 2 0 0 82 183 1025 1058
5448 4 2 0 0 1521 1251 1161 1150
5449 4 2 0 0 601 460 774 1306
5450 4 2 0 0 82 164 183 1058
5451 4 2 0 0 495 404 698 1059
5452 4 2 0 0 322 540 790 1059
5453 4 2 0 0 790 540 983 1059
5454 4 2 0 0 685 331 1059 261
5455 4 2 0 0 1163 724 489 121
5456 4 2 0 0 118 367 1308 1425
5457 4 2 0 0 19 20 926 1060
5458 4 2 0 0 20 19 1011 1060
5459 4 2 0 0 326 1247 1308 1331
5460 4 2 0 0 1027 1044 1202 1374
5461 4 2 0 0 999 654 1039 1085
5462 4 2 0 0 951 1012 705 308
5463 4 2 0 0 1303 108 1307 1518
5464 4 2 0 0 419 1573 1589 545
5465 4 2 0 0 811 217 883 1062
5466 4 2 0 0 737 347 799 1144
5467 4 2 0 0 784 244 1289 1523
5468 4 2 0 0 601 557 617 1241
5469 4 2 0 0 238 536 1031 1173
5470 4 2 0 0 228 207 714 1173
5471 4 2 0 0 228 714 969 1173
5472 4 2 0 0 735 278 1075 1321
5473 4 2 0 0 681 131 928 1064
5474 4 2 0 0 423 250 975 1065
5475 4 2 0 0 396 397 805 1288
5476 4 2 0 0 457 187 682 1428
5477 4 2 0 0 515 396 1089 1288
5478 4 2 0 0 254 887 901 1065
5479 4 2 0 0 254 832 887 1065
5480 4 2 0 0 868 140 907 1066
5481 4 2 0 0 378 257 497 1187
5482 4 2 0 0 45 140 868 1066
5483 4 2 0 0 140 45 606 1066
5484 4 2 0 0 832 470 1084 1187
5485 4 2 0 0 45 417 606 1066
5486 4 2 0 0 606 417 748 1066
5487 4 2 0 0 254 494 887 1187
5488 4 2 0 0 494 378 497 1187
5489 4 2 0 0 1019 441 1448 1467
5490 4 2 0 0 470 497 998 1070
5491 4 2 0 0 591 1158 1396 1399
5492 4 2 0 0 311 509 1117 1127
5493 4 2 0 0 509 311 968 1127
5494 4 2 0 0 512 434 1117 1127
5495 4 2 0 0 311 968 1127 1279
5496 4 2 0 0 555 1119 1120 1535
5497 4 2 0 0 1510 555 1302 1120
5498 4 2 0 0 348 968 311 1279
5499 4 2 0 0 1009 370 1456 1470
5500 4 2 0 0 839 721 930 1069
5501 4 2 0 0 654 1039 1067 1069
5502 4 2 0 0 999 654 1050 1069
5503 4 2 0 0 930 999 1050 1069
5504 4 2 0 0 758 930 1050 1069
5505 4 2 0 0 758 839 930 1069
5506 4 2 0 0 930 721 1039 1069
5507 4 2 0 0 1039 721 1067 1069
5508 4 2 0 0 999 930 1039 1069
5509 4 2 0 0 654 999 1039 1069
5510 4 2 0 0 554 908 1050 1069
5511 4 2 0 0 908 758 1050 1069
5512 4 2 0 0 208 15 984 1596
5513 4 2 0 0 20 752 919 1100
5514 4 2 0 0 200 524 1544 1548
5515 4 2 0 0 355 1278 1470 564
5516 4 2 0 0 1448 991 1467 1528
5517 4 2 0 0 286 375 1331 1355
5518 4 2 0 0 760 443 1119 1120
5519 4 2 0 0 856 349 1406 1431
5520 4 2 0 0 1175 791 1285 1539
5521 4 2 0 0 141 60 660 1103
5522 4 2 0 0 660 60 1013 1103
5523 4 2 0 0 350 1047 1146 1269
5524 4 2 0 0 355 564 942 1278
5525 4 2 0 0 276 715 950 1073
5526 4 2 0 0 923 522 1173 1244
5527 4 2 0 0 672 652 1082 1471
5528 4 2 0 0 551 734 1378 387
5529 4 2 0 0 135 452 1262 1518
5530 4 2 0 0 304 1240 1578 1581
5531 4 2 0 0 179 178 517 1163
5532 4 2 0 0 747 347 814 1075
5533 4 2 0 0 735 747 814 1075
5534 4 2 0 0 302 746 951 1075
5535 4 2 0 0 278 274 487 1075
5536 4 2 0 0 487 274 746 1075
5537 4 2 0 0 278 592 735 1075
5538 4 2 0 0 631 757 822 1078
5539 4 2 0 0 736 757 1042 1078
5540 4 2 0 0 460 736 1042 1078
5541 4 2 0 0 278 302 592 1075
5542 4 2 0 0 592 302 951 1075
5543 4 2 0 0 302 278 487 1075
5544 4 2 0 0 302 487 746 1075
5545 4 2 0 0 451 814 977 1077
5546 4 2 0 0 977 814 1075 1077
5547 4 2 0 0 451 1004 1038 1077
5548 4 2 0 0 451 977 1004 1077
5549 4 2 0 0 1004 977 1075 1077
5550 4 2 0 0 286 472 1289 1290
5551 4 2 0 0 694 541 704 1079
5552 4 2 0 0 680 694 704 1079
5553 4 2 0 0 19 900 871 1060
5554 4 2 0 0 359 1027 1202 1219
5555 4 2 0 0 429 1356 1442 1456
5556 4 2 0 0 64 1096 1309 1340
5557 4 2 0 0 919 894 1099 677
5558 4 2 0 0 1190 529 1160 629
5559 4 2 0 0 274 776 1077 1335
5560 4 2 0 0 782 906 1041 1085
5561 4 2 0 0 716 1459 1465 827
5562 4 2 0 0 136 303 1144 1376
5563 4 2 0 0 264 746 971 1236
5564 4 2 0 0 847 1301 1427 1434
5565 4 2 0 0 677 336 894 1099
5566 4 2 0 0 784 576 863 1099
5567 4 2 0 0 23 8 1092 1100
5568 4 2 0 0 894 919 1099 649
5569 4 2 0 0 587 895 1181 1183
5570 4 2 0 0 48 145 966 1399
5571 4 2 0 0 1326 881 1590 1581
5572 4 2 0 0 313 1405 1421 1435
5573 4 2 0 0 1405 584 1421 1435
5574 4 2 0 0 1068 1442 1470 1490
5575 4 2 0 0 847 1083 1301 1434
5576 4 2 0 0 1068 1315 1442 1490
5577 4 2 0 0 698 404 893 1202
5578 4 2 0 0 1015 333 1032 1253
5579 4 2 0 0 966 1161 1396 1414
5580 4 2 0 0 324 1032 1128 1253
5581 4 2 0 0 402 423 975 1263
5582 4 2 0 0 972 22 997 1233
5583 4 2 0 0 1553 859 1198 1182
5584 4 2 0 0 626 567 1155 1234
5585 4 2 0 0 581 224 586 1084
5586 4 2 0 0 586 906 1084 265
5587 4 2 0 0 636 344 1168 1212
5588 4 2 0 0 1200 1098 23 1233
5589 4 2 0 0 265 402 975 1263
5590 4 2 0 0 509 512 1117 1127
5591 4 2 0 0 398 453 474 1170
5592 4 2 0 0 1231 474 1170 875
5593 4 2 0 0 922 283 1086 277
5594 4 2 0 0 253 277 742 1086
5595 4 2 0 0 277 253 283 1086
5596 4 2 0 0 283 253 667 1086
5597 4 2 0 0 741 400 1041 1086
5598 4 2 0 0 742 741 1041 1086
5599 4 2 0 0 395 84 466 1087
5600 4 2 0 0 413 208 910 1088
5601 4 2 0 0 208 240 910 1088
5602 4 2 0 0 240 310 516 1088
5603 4 2 0 0 310 240 500 1088
5604 4 2 0 0 516 413 910 1088
5605 4 2 0 0 240 516 910 1088
5606 4 2 0 0 975 1085 590 949
5607 4 2 0 0 487 278 679 1316
5608 4 2 0 0 16 129 341 1088
5609 4 2 0 0 129 16 850 1088
5610 4 2 0 0 1446 1524 1544 524
5611 4 2 0 0 1190 662 550 771
5612 4 2 0 0 585 357 650 1191
5613 4 2 0 0 357 541 650 1191
5614 4 2 0 0 522 474 875 1170
5615 4 2 0 0 429 1080 1356 1456
5616 4 2 0 0 101 596 904 1232
5617 4 2 0 0 366 398 474 1170
5618 4 2 0 0 1152 398 1170 453
5619 4 2 0 0 836 300 1186 1243
5620 4 2 0 0 498 578 797 1090
5621 4 2 0 0 498 10 578 1090
5622 4 2 0 0 840 10 877 1090
5623 4 2 0 0 622 1145 629 482
5624 4 2 0 0 928 817 988 1250
5625 4 2 0 0 972 373 978 1537
5626 4 2 0 0 586 253 1211 1246
5627 4 2 0 0 811 217 1062 1246
5628 4 2 0 0 1007 699 1053 1093
5629 4 2 0 0 699 1007 1036 1093
5630 4 2 0 0 243 906 1041 1094
5631 4 2 0 0 402 594 845 1094
5632 4 2 0 0 594 402 624 1094
5633 4 2 0 0 265 845 906 1094
5634 4 2 0 0 402 265 906 1094
5635 4 2 0 0 265 402 845 1094
5636 4 2 0 0 573 666 932 1095
5637 4 2 0 0 573 300 614 1095
5638 4 2 0 0 614 300 903 1095
5639 4 2 0 0 903 569 981 1095
5640 4 2 0 0 233 262 742 1110
5641 4 2 0 0 262 217 742 1110
5642 4 2 0 0 217 586 742 1110
5643 4 2 0 0 211 601 1241 1306
5644 4 2 0 0 23 1176 1200 1228
5645 4 2 0 0 1445 1212 376 1220
5646 4 2 0 0 300 573 931 1095
5647 4 2 0 0 569 300 931 1095
5648 4 2 0 0 300 569 903 1095
5649 4 2 0 0 1267 286 1331 1355
5650 4 2 0 0 330 431 1147 1238
5651 4 2 0 0 431 259 1147 1238
5652 4 2 0 0 259 431 937 1238
5653 4 2 0 0 485 468 672 1097
5654 4 2 0 0 238 485 961 1097
5655 4 2 0 0 785 238 961 1097
5656 4 2 0 0 1097 1006 785 723
5657 4 2 0 0 263 501 1055 1214
5658 4 2 0 0 723 238 785 1097
5659 4 2 0 0 1098 23 1233 1092
5660 4 2 0 0 560 199 765 1192
5661 4 2 0 0 560 445 617 1192
5662 4 2 0 0 373 861 1113 1154
5663 4 2 0 0 1097 961 435 485
5664 4 2 0 0 490 435 672 1097
5665 4 2 0 0 490 388 785 1097
5666 4 2 0 0 490 785 961 1097
5667 4 2 0 0 949 398 1006 1097
5668 4 2 0 0 949 398 1191 788
5669 4 2 0 0 435 485 672 1097
5670 4 2 0 0 1006 366 398 949
5671 4 2 0 0 869 403 232 206
5672 4 2 0 0 388 949 1006 1097
5673 4 2 0 0 8 20 1076 1100
5674 4 2 0 0 530 221 687 1102
5675 4 2 0 0 964 563 473 194
5676 4 2 0 0 500 130 827 1131
5677 4 2 0 0 200 760 1119 1120
5678 4 2 0 0 1091 730 1251 1381
5679 4 2 0 0 557 538 450 1057
5680 4 2 0 0 620 530 687 1102
5681 4 2 0 0 456 1423 1503 1530
5682 4 2 0 0 279 225 856 1451
5683 4 2 0 0 141 824 1268 1277
5684 4 2 0 0 1133 1207 1296 1311
5685 4 2 0 0 731 1010 1018 1311
5686 4 2 0 0 556 1502 1507 1511
5687 4 2 0 0 1293 469 1299 1385
5688 4 2 0 0 57 406 1268 1277
5689 4 2 0 0 1047 1112 1242 1269
5690 4 2 0 0 824 57 1268 1277
5691 4 2 0 0 80 165 437 1104
5692 4 2 0 0 420 80 437 1104
5693 4 2 0 0 165 85 437 1104
5694 4 2 0 0 85 431 455 1104
5695 4 2 0 0 85 165 431 1104
5696 4 2 0 0 133 862 972 1182
5697 4 2 0 0 285 822 994 1148
5698 4 2 0 0 587 822 963 1148
5699 4 2 0 0 85 455 466 1104
5700 4 2 0 0 437 85 466 1104
5701 4 2 0 0 1351 25 24 1034
5702 4 2 0 0 30 308 1012 1351
5703 4 2 0 0 727 373 972 1549
5704 4 2 0 0 791 1537 1538 1549
5705 4 2 0 0 331 1045 1047 1210
5706 4 2 0 0 1373 1554 1559 1568
5707 4 2 0 0 331 669 992 1210
5708 4 2 0 0 331 992 1045 1210
5709 4 2 0 0 519 352 776 1109
5710 4 2 0 0 1192 290 1195 1241
5711 4 2 0 0 198 1192 1195 1241
5712 4 2 0 0 233 741 797 1110
5713 4 2 0 0 822 998 904 587
5714 4 2 0 0 742 233 741 915
5715 4 2 0 0 233 742 741 1110
5716 4 2 0 0 217 782 586 1110
5717 4 2 0 0 578 782 883 1110
5718 4 2 0 0 1098 1092 1100 1111
5719 4 2 0 0 1032 122 1128 1163
5720 4 2 0 0 912 952 1087 1194
5721 4 2 0 0 1125 1111 1176 1205
5722 4 2 0 0 430 571 930 1185
5723 4 2 0 0 1067 624 1041 741
5724 4 2 0 0 1006 243 1085 1126
5725 4 2 0 0 721 1039 1067 1126
5726 4 2 0 0 993 699 1036 1113
5727 4 2 0 0 216 526 763 1114
5728 4 2 0 0 763 526 958 1114
5729 4 2 0 0 67 143 228 1151
5730 4 2 0 0 243 297 624 1184
5731 4 2 0 0 535 810 1101 1114
5732 4 2 0 0 810 958 1101 1114
5733 4 2 0 0 11 535 1101 1114
5734 4 2 0 0 1213 238 1170 522
5735 4 2 0 0 958 526 1101 1114
5736 4 2 0 0 879 657 1089 1208
5737 4 2 0 0 428 1154 1179 1197
5738 4 2 0 0 706 900 925 1197
5739 4 2 0 0 890 857 1128 1369
5740 4 2 0 0 666 932 1095 1209
5741 4 2 0 0 273 1265 452 389
5742 4 2 0 0 1307 108 1395 1526
5743 4 2 0 0 1154 292 1179 1197
5744 4 2 0 0 245 361 568 1271
5745 4 2 0 0 300 516 1186 1243
5746 4 2 0 0 428 706 900 1060
5747 4 2 0 0 60 141 695 1342
5748 4 2 0 0 828 202 878 1271
5749 4 2 0 0 424 775 925 1197
5750 4 2 0 0 659 619 1158 1521
5751 4 2 0 0 388 263 982 1162
5752 4 2 0 0 422 389 449 1118
5753 4 2 0 0 449 389 921 1118
5754 4 2 0 0 479 743 382 708
5755 4 2 0 0 93 612 916 1189
5756 4 2 0 0 475 769 852 1121
5757 4 2 0 0 872 69 517 1121
5758 4 2 0 0 1471 1468 1495 1530
5759 4 2 0 0 305 312 399 575
5760 4 2 0 0 475 517 769 1121
5761 4 2 0 0 530 1119 1130 1102
5762 4 2 0 0 530 258 555 1119
5763 4 2 0 0 443 558 760 1119
5764 4 2 0 0 421 920 1293 1299
5765 4 2 0 0 583 1533 634 796
5766 4 2 0 0 105 1395 1527 1572
5767 4 2 0 0 899 1258 1431 842
5768 4 2 0 0 930 571 1074 1185
5769 4 2 0 0 379 463 721 1185
5770 4 2 0 0 923 943 1152 1231
5771 4 2 0 0 1098 1205 862 1176
5772 4 2 0 0 263 982 1196 1214
5773 4 2 0 0 1340 1237 1277 1375
5774 4 2 0 0 388 1214 284 772
5775 4 2 0 0 770 512 1264 1315
5776 4 2 0 0 703 496 907 1123
5777 4 2 0 0 1264 512 1287 1315
5778 4 2 0 0 671 1393 1401 1443
5779 4 2 0 0 496 738 868 1123
5780 4 2 0 0 496 868 907 1123
5781 4 2 0 0 868 738 1066 1123
5782 4 2 0 0 907 868 1066 1123
5783 4 2 0 0 260 1264 1287 1315
5784 4 2 0 0 940 967 849 390
5785 4 2 0 0 260 1068 1298 1315
5786 4 2 0 0 1067 1184 721 1126
5787 4 2 0 0 689 48 966 1399
5788 4 2 0 0 44 868 918 1124
5789 4 2 0 0 417 434 748 1124
5790 4 2 0 0 434 417 598 1124
5791 4 2 0 0 868 45 1066 1124
5792 4 2 0 0 738 868 1066 1124
5793 4 2 0 0 868 738 918 1124
5794 4 2 0 0 972 862 1098 1206
5795 4 2 0 0 1249 1223 1260 1286
5796 4 2 0 0 448 1245 895 247
5797 4 2 0 0 406 377 439 1268
5798 4 2 0 0 624 1067 1041 1126
5799 4 2 0 0 571 785 1074 1185
5800 4 2 0 0 534 702 785 1185
5801 4 2 0 0 1111 1098 1176 1205
5802 4 2 0 0 649 1098 1099 1205
5803 4 2 0 0 457 330 1238 431
5804 4 2 0 0 512 605 434 1127
5805 4 2 0 0 218 1489 1409 1252
5806 4 2 0 0 1384 1393 1556 1569
5807 4 2 0 0 966 1165 627 496
5808 4 2 0 0 213 1136 1149 1164
5809 4 2 0 0 760 844 1052 1136
5810 4 2 0 0 966 1165 615 627
5811 4 2 0 0 1136 1105 213 443
5812 4 2 0 0 200 760 1120 1136
5813 4 2 0 0 1047 255 1137 1146
5814 4 2 0 0 832 247 590 1084
5815 4 2 0 0 248 565 1198 1297
5816 4 2 0 0 597 599 1010 1131
5817 4 2 0 0 1297 244 1290 1284
5818 4 2 0 0 720 500 827 1131
5819 4 2 0 0 1327 1421 1435 1461
5820 4 2 0 0 597 81 599 1131
5821 4 2 0 0 720 597 1010 1131
5822 4 2 0 0 1421 1327 1435 544
5823 4 2 0 0 468 238 923 1132
5824 4 2 0 0 117 520 802 1424
5825 4 2 0 0 1079 541 1097 1132
5826 4 2 0 0 541 398 1097 1132
5827 4 2 0 0 266 475 852 1178
5828 4 2 0 0 343 773 628 358
5829 4 2 0 0 318 1220 1247 1331
5830 4 2 0 0 253 499 1246 1368
5831 4 2 0 0 1125 1284 1337 1289
5832 4 2 0 0 363 283 922 1346
5833 4 2 0 0 1459 327 1460 1465
5834 4 2 0 0 922 377 1013 1346
5835 4 2 0 0 569 971 981 1227
5836 4 2 0 0 995 516 1207 1310
5837 4 2 0 0 822 631 1078 1133
5838 4 2 0 0 478 441 992 1353
5839 4 2 0 0 1300 1266 1321 1358
5840 4 2 0 0 631 731 946 1133
5841 4 2 0 0 486 747 820 1156
5842 4 2 0 0 881 1598 1600 1601
5843 4 2 0 0 1363 1362 1575 1579
5844 4 2 0 0 213 443 1118 1136
5845 4 2 0 0 847 1179 1197 1222
5846 4 2 0 0 1074 982 999 1162
5847 4 2 0 0 624 297 800 1184
5848 4 2 0 0 760 921 1118 1136
5849 4 2 0 0 921 760 1052 1136
5850 4 2 0 0 441 331 323 540
5851 4 2 0 0 981 208 903 352
5852 4 2 0 0 1142 413 1207 1311
5853 4 2 0 0 413 341 1088 1311
5854 4 2 0 0 310 684 900 1255
5855 4 2 0 0 1138 1306 736 460
5856 4 2 0 0 230 11 1114 1138
5857 4 2 0 0 87 341 984 1142
5858 4 2 0 0 399 78 552 1168
5859 4 2 0 0 636 344 1046 1168
5860 4 2 0 0 1174 844 1404 1436
5861 4 2 0 0 859 1553 1198 565
5862 4 2 0 0 577 881 1598 1600
5863 4 2 0 0 867 1129 1482 1486
5864 4 2 0 0 449 213 1118 1149
5865 4 2 0 0 336 677 894 1141
5866 4 2 0 0 264 921 1052 1149
5867 4 2 0 0 1118 213 1136 1149
5868 4 2 0 0 932 264 1052 1149
5869 4 2 0 0 921 1118 1136 1149
5870 4 2 0 0 1067 1184 1126 624
5871 4 2 0 0 1537 791 1538 1545
5872 4 2 0 0 249 894 895 1141
5873 4 2 0 0 543 249 895 1141
5874 4 2 0 0 509 512 1315 1490
5875 4 2 0 0 249 299 894 1141
5876 4 2 0 0 299 249 543 1141
5877 4 2 0 0 1409 1438 1462 1489
5878 4 2 0 0 712 1252 1464 1489
5879 4 2 0 0 1409 1462 1464 1489
5880 4 2 0 0 105 1283 1285 1545
5881 4 2 0 0 207 197 714 1258
5882 4 2 0 0 336 677 1141 1181
5883 4 2 0 0 677 963 1148 1181
5884 4 2 0 0 628 482 1130 1145
5885 4 2 0 0 76 905 1063 1172
5886 4 2 0 0 628 622 1145 358
5887 4 2 0 0 343 358 628 1145
5888 4 2 0 0 517 333 724 1178
5889 4 2 0 0 1102 1072 1130 1145
5890 4 2 0 0 331 261 427 1146
5891 4 2 0 0 331 427 669 1146
5892 4 2 0 0 601 261 851 1146
5893 4 2 0 0 1139 697 1325 1494
5894 4 2 0 0 614 666 1095 1240
5895 4 2 0 0 519 352 1109 1240
5896 4 2 0 0 294 352 519 1240
5897 4 2 0 0 294 519 1215 1240
5898 4 2 0 0 690 601 851 1146
5899 4 2 0 0 690 1567 1146 864
5900 4 2 0 0 1146 1567 726 669
5901 4 2 0 0 1102 687 1476 221
5902 4 2 0 0 427 601 1146 261
5903 4 2 0 0 601 690 726 1146
5904 4 2 0 0 669 601 726 1146
5905 4 2 0 0 690 350 864 1146
5906 4 2 0 0 666 645 1174 1240
5907 4 2 0 0 1159 1048 371 1040
5908 4 2 0 0 590 949 1085 1162
5909 4 2 0 0 949 1006 1085 1162
5910 4 2 0 0 388 982 1074 1162
5911 4 2 0 0 840 782 1090 1189
5912 4 2 0 0 379 1006 1126 1184
5913 4 2 0 0 1398 234 1510 1528
5914 4 2 0 0 1049 376 1061 1356
5915 4 2 0 0 558 269 728 1313
5916 4 2 0 0 995 285 1133 1207
5917 4 2 0 0 339 290 499 1368
5918 4 2 0 0 572 693 779 1394
5919 4 2 0 0 585 448 650 1159
5920 4 2 0 0 1319 1280 1283 583
5921 4 2 0 0 607 399 1046 1168
5922 4 2 0 0 399 552 1046 1168
5923 4 2 0 0 1031 854 1071 1151
5924 4 2 0 0 33 1031 1071 1151
5925 4 2 0 0 292 925 1387 1261
5926 4 2 0 0 290 601 774 1306
5927 4 2 0 0 1362 451 1384 1579
5928 4 2 0 0 560 617 644 1192
5929 4 2 0 0 1239 1374 1269 1146
5930 4 2 0 0 372 1038 1295 1584
5931 4 2 0 0 369 629 855 1160
5932 4 2 0 0 290 502 557 1192
5933 4 2 0 0 131 704 817 1250
5934 4 2 0 0 445 198 617 1192
5935 4 2 0 0 771 529 914 1160
5936 4 2 0 0 585 788 949 1191
5937 4 2 0 0 1153 1538 425 371
5938 4 2 0 0 456 425 781 1153
5939 4 2 0 0 425 371 1007 1153
5940 4 2 0 0 781 425 1007 1153
5941 4 2 0 0 290 339 502 1192
5942 4 2 0 0 215 560 644 1192
5943 4 2 0 0 608 525 626 1155
5944 4 2 0 0 525 591 626 1155
5945 4 2 0 0 166 1425 1413 167
5946 4 2 0 0 899 225 948 1451
5947 4 2 0 0 534 430 820 1156
5948 4 2 0 0 276 534 820 1156
5949 4 2 0 0 700 505 779 1394
5950 4 2 0 0 1035 1477 604 151
5951 4 2 0 0 213 1273 449 422
5952 4 2 0 0 534 276 1073 1156
5953 4 2 0 0 608 663 710 1484
5954 4 2 0 0 710 841 1474 1484
5955 4 2 0 0 973 221 1386 1406
5956 4 2 0 0 590 263 949 1162
5957 4 2 0 0 263 388 949 1162
5958 4 2 0 0 1291 304 1578 1581
5959 4 2 0 0 336 588 1181 1522
5960 4 2 0 0 659 619 689 1158
5961 4 2 0 0 422 328 1337 1400
5962 4 2 0 0 619 47 689 1158
5963 4 2 0 0 1040 585 1153 1159
5964 4 2 0 0 371 1040 1153 1159
5965 4 2 0 0 432 389 1297 1320
5966 4 2 0 0 415 448 543 1159
5967 4 2 0 0 528 567 1167 1512
5968 4 2 0 0 448 249 543 1159
5969 4 2 0 0 249 299 543 1159
5970 4 2 0 0 357 585 650 1159
5971 4 2 0 0 415 357 650 1159
5972 4 2 0 0 1267 640 1313 1320
5973 4 2 0 0 432 269 558 1320
5974 4 2 0 0 389 1284 1297 1320
5975 4 2 0 0 286 472 1331 375
5976 4 2 0 0 1287 1490 512 429
5977 4 2 0 0 1193 1343 1562 1566
5978 4 2 0 0 533 280 914 1160
5979 4 2 0 0 271 533 914 1160
5980 4 2 0 0 369 271 529 1160
5981 4 2 0 0 118 1308 1341 1411
5982 4 2 0 0 1085 1006 1126 1162
5983 4 2 0 0 1039 1085 1126 1162
5984 4 2 0 0 1006 1039 1126 1162
5985 4 2 0 0 263 590 916 1162
5986 4 2 0 0 263 916 982 1162
5987 4 2 0 0 179 517 886 1163
5988 4 2 0 0 179 886 1128 1163
5989 4 2 0 0 178 121 724 1163
5990 4 2 0 0 1165 495 404 698
5991 4 2 0 0 121 179 122 1163
5992 4 2 0 0 179 121 178 1163
5993 4 2 0 0 666 573 932 1164
5994 4 2 0 0 573 1149 1164 213
5995 4 2 0 0 803 645 1105 1164
5996 4 2 0 0 213 803 1105 1164
5997 4 2 0 0 573 645 803 1164
5998 4 2 0 0 213 573 803 1164
5999 4 2 0 0 378 339 502 499
6000 4 2 0 0 290 763 499 104
6001 4 2 0 0 585 880 891 1203
6002 4 2 0 0 1144 1020 1180 1257
6003 4 2 0 0 738 510 748 1166
6004 4 2 0 0 404 510 738 1166
6005 4 2 0 0 404 738 1123 1166
6006 4 2 0 0 841 1474 1484 1491
6007 4 2 0 0 605 512 770 1315
6008 4 2 0 0 238 197 899 1258
6009 4 2 0 0 337 1144 1180 1257
6010 4 2 0 0 821 699 1113 1248
6011 4 2 0 0 387 799 1378 1388
6012 4 2 0 0 321 1293 1299 1385
6013 4 2 0 0 880 585 1040 1203
6014 4 2 0 0 1020 744 1180 1257
6015 4 2 0 0 368 276 1156 1483
6016 4 2 0 0 1006 723 1097 1213
6017 4 2 0 0 612 999 955 982
6018 4 2 0 0 825 835 838 1562
6019 4 2 0 0 343 622 1145 1190
6020 4 2 0 0 1004 1109 1236 1408
6021 4 2 0 0 1038 294 1295 1584
6022 4 2 0 0 1224 343 622 838
6023 4 2 0 0 274 776 1335 1402
6024 4 2 0 0 238 1213 1170 398
6025 4 2 0 0 781 1440 652 1454
6026 4 2 0 0 238 522 923 1170
6027 4 2 0 0 923 1132 1170 1152
6028 4 2 0 0 1130 773 1535 555
6029 4 2 0 0 420 330 1147 1550
6030 4 2 0 0 1072 1130 1145 1171
6031 4 2 0 0 1130 628 1145 1171
6032 4 2 0 0 628 343 1145 1171
6033 4 2 0 0 475 333 517 1178
6034 4 2 0 0 852 475 1121 1178
6035 4 2 0 0 266 333 475 1178
6036 4 2 0 0 872 852 1121 1178
6037 4 2 0 0 852 222 935 1178
6038 4 2 0 0 714 522 969 1173
6039 4 2 0 0 954 470 1201 1245
6040 4 2 0 0 902 904 1438 1439
6041 4 2 0 0 247 895 947 1245
6042 4 2 0 0 470 998 1201 1245
6043 4 2 0 0 207 139 853 1173
6044 4 2 0 0 853 139 1031 1173
6045 4 2 0 0 1048 880 1203 1304
6046 4 2 0 0 269 248 1290 1297
6047 4 2 0 0 516 1259 677 285
6048 4 2 0 0 1270 847 1301 1304
6049 4 2 0 0 895 587 904 1245
6050 4 2 0 0 720 994 1222 1259
6051 4 2 0 0 994 285 1148 1259
6052 4 2 0 0 1135 697 1139 1494
6053 4 2 0 0 286 770 1267 1400
6054 4 2 0 0 103 669 726 1216
6055 4 2 0 0 932 1095 931 573
6056 4 2 0 0 201 686 1199 1229
6057 4 2 0 0 377 210 439 1346
6058 4 2 0 0 287 641 688 1263
6059 4 2 0 0 1133 995 1207 1345
6060 4 2 0 0 265 832 1211 1263
6061 4 2 0 0 260 1049 1068 1442
6062 4 2 0 0 587 335 736 1201
6063 4 2 0 0 23 1098 1111 1092
6064 4 2 0 0 576 1181 336 588
6065 4 2 0 0 1145 618 1072 1177
6066 4 2 0 0 618 1145 1072 1102
6067 4 2 0 0 671 1072 618 1177
6068 4 2 0 0 1505 1082 132 1471
6069 4 2 0 0 660 418 632 313
6070 4 2 0 0 246 1043 809 354
6071 4 2 0 0 416 952 1058 1194
6072 4 2 0 0 1004 451 1038 1404
6073 4 2 0 0 83 416 539 1194
6074 4 2 0 0 333 532 724 1178
6075 4 2 0 0 724 532 942 1178
6076 4 2 0 0 368 276 1073 1180
6077 4 2 0 0 273 452 303 252
6078 4 2 0 0 536 783 1031 1258
6079 4 2 0 0 714 238 1173 1258
6080 4 2 0 0 252 347 368 1180
6081 4 2 0 0 252 337 347 1180
6082 4 2 0 0 337 252 354 1180
6083 4 2 0 0 354 252 368 1180
6084 4 2 0 0 301 368 1073 1180
6085 4 2 0 0 385 788 398 474
6086 4 2 0 0 368 301 1073 1116
6087 4 2 0 0 536 1031 1173 1258
6088 4 2 0 0 1258 899 1431 197
6089 4 2 0 0 197 238 714 1258
6090 4 2 0 0 853 207 1173 1258
6091 4 2 0 0 739 382 866 745
6092 4 2 0 0 1006 243 1126 1184
6093 4 2 0 0 219 1184 721 624
6094 4 2 0 0 800 297 1122 1184
6095 4 2 0 0 1122 297 243 1184
6096 4 2 0 0 886 769 475 517
6097 4 2 0 0 605 512 434 770
6098 4 2 0 0 1103 1277 1309 1336
6099 4 2 0 0 339 1357 1360 1368
6100 4 2 0 0 1090 654 1169 1189
6101 4 2 0 0 895 1141 1181 1183
6102 4 2 0 0 543 1139 1141 1183
6103 4 2 0 0 1141 1139 1181 1183
6104 4 2 0 0 895 543 1141 1183
6105 4 2 0 0 448 895 954 1183
6106 4 2 0 0 1521 1251 1150 525
6107 4 2 0 0 448 543 895 1183
6108 4 2 0 0 297 1122 243 990
6109 4 2 0 0 201 413 722 1207
6110 4 2 0 0 721 930 1039 1185
6111 4 2 0 0 1039 930 1074 1185
6112 4 2 0 0 379 721 1039 1185
6113 4 2 0 0 379 1039 1074 1185
6114 4 2 0 0 463 379 702 1185
6115 4 2 0 0 702 379 785 1185
6116 4 2 0 0 721 839 930 1185
6117 4 2 0 0 522 923 1170 1231
6118 4 2 0 0 244 649 1099 1205
6119 4 2 0 0 923 1152 1170 1231
6120 4 2 0 0 1151 923 1173 1244
6121 4 2 0 0 1186 1099 752 1230
6122 4 2 0 0 1337 1284 422 1400
6123 4 2 0 0 516 677 752 1186
6124 4 2 0 0 1186 394 516 300
6125 4 2 0 0 470 1070 1084 1187
6126 4 2 0 0 607 163 391 1168
6127 4 2 0 0 1330 274 1335 1349
6128 4 2 0 0 457 607 163 391
6129 4 2 0 0 607 457 163 1212
6130 4 2 0 0 335 587 1150 1221
6131 4 2 0 0 867 293 1129 1188
6132 4 2 0 0 697 867 1129 1188
6133 4 2 0 0 1189 999 612 982
6134 4 2 0 0 590 916 1085 1189
6135 4 2 0 0 1162 1189 1085 916
6136 4 2 0 0 782 581 906 1189
6137 4 2 0 0 581 590 906 1189
6138 4 2 0 0 906 590 1085 1189
6139 4 2 0 0 782 906 1085 1189
6140 4 2 0 0 999 1189 612 1169
6141 4 2 0 0 654 999 1169 1189
6142 4 2 0 0 999 654 1085 1189
6143 4 2 0 0 982 999 1085 1189
6144 4 2 0 0 1090 212 877 840
6145 4 2 0 0 93 212 877 1189
6146 4 2 0 0 612 877 1090 1189
6147 4 2 0 0 612 1090 1169 1189
6148 4 2 0 0 612 93 877 1189
6149 4 2 0 0 212 93 220 1189
6150 4 2 0 0 650 541 788 1191
6151 4 2 0 0 585 650 788 1191
6152 4 2 0 0 398 541 1097 1191
6153 4 2 0 0 541 398 788 1191
6154 4 2 0 0 398 949 1191 1097
6155 4 2 0 0 263 388 409 1191
6156 4 2 0 0 263 409 1040 1191
6157 4 2 0 0 263 585 949 1191
6158 4 2 0 0 388 263 949 1191
6159 4 2 0 0 445 560 765 1192
6160 4 2 0 0 198 445 765 1192
6161 4 2 0 0 429 1364 520 512
6162 4 2 0 0 443 605 1315 1398
6163 4 2 0 0 616 780 1343 1562
6164 4 2 0 0 1501 1500 1519 1532
6165 4 2 0 0 253 277 1357 1392
6166 4 2 0 0 1017 1218 137 1480
6167 4 2 0 0 164 83 539 1194
6168 4 2 0 0 307 1260 1286 1318
6169 4 2 0 0 1260 722 1286 1318
6170 4 2 0 0 1454 1423 1495 1503
6171 4 2 0 0 468 672 1079 1218
6172 4 2 0 0 485 468 536 1218
6173 4 2 0 0 536 468 1031 1218
6174 4 2 0 0 211 601 602 1241
6175 4 2 0 0 290 557 601 1241
6176 4 2 0 0 1542 1573 1588 1589
6177 4 2 0 0 1494 1522 1139 1135
6178 4 2 0 0 1195 290 1217 1241
6179 4 2 0 0 237 93 612 1196
6180 4 2 0 0 237 612 740 1196
6181 4 2 0 0 93 237 481 1196
6182 4 2 0 0 613 300 836 1243
6183 4 2 0 0 835 343 1224 838
6184 4 2 0 0 87 341 1142 1311
6185 4 2 0 0 613 1219 1243 1256
6186 4 2 0 0 729 734 739 503
6187 4 2 0 0 835 825 838 1224
6188 4 2 0 0 1493 860 1517 1543
6189 4 2 0 0 318 248 472 1290
6190 4 2 0 0 1478 1430 1453 357
6191 4 2 0 0 59 157 610 1292
6192 4 2 0 0 932 1095 1209 1227
6193 4 2 0 0 775 501 879 1208
6194 4 2 0 0 1087 416 83 1194
6195 4 2 0 0 1095 932 931 1227
6196 4 2 0 0 735 278 1321 1358
6197 4 2 0 0 1269 1374 1276 255
6198 4 2 0 0 599 1010 1296 1311
6199 4 2 0 0 375 326 1331 1355
6200 4 2 0 0 1354 226 1446 1448
6201 4 2 0 0 981 1109 1227 1236
6202 4 2 0 0 1040 1007 371 1153
6203 4 2 0 0 1155 619 1158 1234
6204 4 2 0 0 21 1233 1098 997
6205 4 2 0 0 47 591 1158 1234
6206 4 2 0 0 591 46 626 1234
6207 4 2 0 0 440 494 497 1201
6208 4 2 0 0 619 47 1158 1234
6209 4 2 0 0 1390 1391 1397 1433
6210 4 2 0 0 1137 255 1242 1305
6211 4 2 0 0 1150 588 1161 1521
6212 4 2 0 0 132 713 1218 1487
6213 4 2 0 0 7 964 393 933
6214 4 2 0 0 755 1438 763 218
6215 4 2 0 0 1039 1184 721 379
6216 4 2 0 0 558 269 1313 1320
6217 4 2 0 0 947 848 994 1222
6218 4 2 0 0 1222 1427 1304 947
6219 4 2 0 0 470 887 954 1201
6220 4 2 0 0 887 470 1187 1201
6221 4 2 0 0 494 887 1187 1201
6222 4 2 0 0 408 328 836 1256
6223 4 2 0 0 1219 1166 1370 1202
6224 4 2 0 0 249 895 947 1203
6225 4 2 0 0 721 463 754 1204
6226 4 2 0 0 1551 1137 226 1520
6227 4 2 0 0 814 1075 1077 1330
6228 4 2 0 0 754 482 855 1204
6229 4 2 0 0 482 629 855 1204
6230 4 2 0 0 629 482 1145 1204
6231 4 2 0 0 618 629 1145 1204
6232 4 2 0 0 482 618 1145 1204
6233 4 2 0 0 649 1098 1205 1206
6234 4 2 0 0 244 649 1205 1206
6235 4 2 0 0 1205 1098 862 1206
6236 4 2 0 0 1205 1206 1332 244
6237 4 2 0 0 512 1264 1287 1364
6238 4 2 0 0 1273 1230 1125 1312
6239 4 2 0 0 1186 408 1230 1312
6240 4 2 0 0 626 525 730 1381
6241 4 2 0 0 469 582 692 1385
6242 4 2 0 0 1245 1183 954 895
6243 4 2 0 0 406 1103 1277 1309
6244 4 2 0 0 77 376 1212 1220
6245 4 2 0 0 946 201 1199 1207
6246 4 2 0 0 201 946 1142 1207
6247 4 2 0 0 408 863 1230 1312
6248 4 2 0 0 1055 380 515 1208
6249 4 2 0 0 380 1055 515 479
6250 4 2 0 0 380 743 708 603
6251 4 2 0 0 23 449 1176 1228
6252 4 2 0 0 1499 697 1139 543
6253 4 2 0 0 829 254 1065 1263
6254 4 2 0 0 254 832 1065 1263
6255 4 2 0 0 23 405 449 1228
6256 4 2 0 0 141 1237 1277 1336
6257 4 2 0 0 458 465 669 1210
6258 4 2 0 0 465 458 630 1210
6259 4 2 0 0 669 465 992 1210
6260 4 2 0 0 992 465 1045 1210
6261 4 2 0 0 608 528 1491 1512
6262 4 2 0 0 1112 1242 1269 1276
6263 4 2 0 0 253 257 831 1211
6264 4 2 0 0 257 1187 1263 1211
6265 4 2 0 0 199 944 96 1299
6266 4 2 0 0 1188 587 1201 1221
6267 4 2 0 0 615 335 1150 1221
6268 4 2 0 0 669 1210 1216 1275
6269 4 2 0 0 103 458 669 1275
6270 4 2 0 0 458 630 1210 1275
6271 4 2 0 0 398 1006 1097 1213
6272 4 2 0 0 1213 970 714 522
6273 4 2 0 0 970 732 990 1213
6274 4 2 0 0 970 1213 366 522
6275 4 2 0 0 1097 1213 238 398
6276 4 2 0 0 14 1407 1349 843
6277 4 2 0 0 22 1262 24 1233
6278 4 2 0 0 1115 1055 515 1208
6279 4 2 0 0 1055 1115 515 1214
6280 4 2 0 0 501 263 511 1214
6281 4 2 0 0 501 511 1115 1214
6282 4 2 0 0 772 740 982 1214
6283 4 2 0 0 982 740 1196 1214
6284 4 2 0 0 602 198 1195 1241
6285 4 2 0 0 422 1273 1125 1312
6286 4 2 0 0 516 413 1088 1296
6287 4 2 0 0 285 1010 1133 1296
6288 4 2 0 0 798 1027 1042 1226
6289 4 2 0 0 1340 1237 1372 1336
6290 4 2 0 0 860 1343 1524 616
6291 4 2 0 0 97 476 864 1216
6292 4 2 0 0 1071 468 1218 1031
6293 4 2 0 0 854 1031 1071 1218
6294 4 2 0 0 680 468 1002 1079
6295 4 2 0 0 1071 468 680 1218
6296 4 2 0 0 132 680 1079 1218
6297 4 2 0 0 429 392 1477 1490
6298 4 2 0 0 1072 1130 1171 1535
6299 4 2 0 0 870 1021 633 268
6300 4 2 0 0 854 1017 1218 647
6301 4 2 0 0 485 536 1017 1218
6302 4 2 0 0 1017 536 1031 1218
6303 4 2 0 0 1045 630 1571 1573
6304 4 2 0 0 781 1423 1454 1503
6305 4 2 0 0 680 713 1071 1218
6306 4 2 0 0 713 854 1071 1218
6307 4 2 0 0 680 132 713 1218
6308 4 2 0 0 137 647 713 1218
6309 4 2 0 0 713 647 854 1218
6310 4 2 0 0 228 37 1151 1244
6311 4 2 0 0 522 923 1231 1244
6312 4 2 0 0 536 899 948 1258
6313 4 2 0 0 556 435 744 1257
6314 4 2 0 0 354 337 1180 1257
6315 4 2 0 0 37 923 1151 1244
6316 4 2 0 0 207 783 853 40
6317 4 2 0 0 899 842 948 1258
6318 4 2 0 0 914 771 1160 1224
6319 4 2 0 0 280 622 838 1224
6320 4 2 0 0 1399 1381 1396 591
6321 4 2 0 0 1405 1421 1372 313
6322 4 2 0 0 1061 1080 1356 1410
6323 4 2 0 0 1219 613 1243 1348
6324 4 2 0 0 1266 14 1316 1349
6325 4 2 0 0 939 1061 1397 1410
6326 4 2 0 0 1383 188 1391 1417
6327 4 2 0 0 894 249 895 1222
6328 4 2 0 0 249 428 1179 1222
6329 4 2 0 0 1179 428 1197 1222
6330 4 2 0 0 895 947 994 1222
6331 4 2 0 0 895 249 947 1222
6332 4 2 0 0 803 328 1105 1256
6333 4 2 0 0 580 803 1105 1256
6334 4 2 0 0 357 1153 1159 1319
6335 4 2 0 0 307 381 1242 1260
6336 4 2 0 0 1166 359 1219 1256
6337 4 2 0 0 1219 359 1243 1256
6338 4 2 0 0 328 803 836 1256
6339 4 2 0 0 895 994 1148 1222
6340 4 2 0 0 894 895 1148 1222
6341 4 2 0 0 1363 1106 1558 1564
6342 4 2 0 0 671 1177 1401 1564
6343 4 2 0 0 372 1350 1362 1575
6344 4 2 0 0 99 1389 1509 1543
6345 4 2 0 0 946 631 1133 1226
6346 4 2 0 0 971 569 931 1227
6347 4 2 0 0 569 971 931 642
6348 4 2 0 0 287 402 641 1263
6349 4 2 0 0 281 265 1211 1263
6350 4 2 0 0 423 287 829 1263
6351 4 2 0 0 465 478 992 1353
6352 4 2 0 0 639 888 465 804
6353 4 2 0 0 229 478 639 1353
6354 4 2 0 0 23 8 405 1352
6355 4 2 0 0 1200 1351 1352 1228
6356 4 2 0 0 292 925 1197 1387
6357 4 2 0 0 847 501 1270 1301
6358 4 2 0 0 229 441 478 1353
6359 4 2 0 0 598 1355 436 43
6360 4 2 0 0 512 434 770 1355
6361 4 2 0 0 405 1351 1228 1352
6362 4 2 0 0 992 441 1045 1353
6363 4 2 0 0 904 596 947 1232
6364 4 2 0 0 1442 1049 1356 1445
6365 4 2 0 0 947 891 1232 596
6366 4 2 0 0 1459 806 1083 1465
6367 4 2 0 0 23 1098 1176 1111
6368 4 2 0 0 300 394 931 1273
6369 4 2 0 0 573 300 931 1273
6370 4 2 0 0 449 573 931 1273
6371 4 2 0 0 217 586 1062 1246
6372 4 2 0 0 163 77 457 1428
6373 4 2 0 0 600 809 353 279
6374 4 2 0 0 333 1015 1032 793
6375 4 2 0 0 1083 1434 1459 1465
6376 4 2 0 0 414 327 1434 1465
6377 4 2 0 0 1505 1082 1471 672
6378 4 2 0 0 1470 429 1477 1490
6379 4 2 0 0 1248 743 1261 1387
6380 4 2 0 0 776 1236 981 746
6381 4 2 0 0 1386 1054 1015 767
6382 4 2 0 0 423 788 1005 251
6383 4 2 0 0 576 619 1167 1235
6384 4 2 0 0 140 47 907 1235
6385 4 2 0 0 606 140 907 1235
6386 4 2 0 0 47 1235 619 907
6387 4 2 0 0 925 1255 1197 900
6388 4 2 0 0 619 576 703 1235
6389 4 2 0 0 703 576 907 1235
6390 4 2 0 0 619 703 907 1235
6391 4 2 0 0 47 46 1234 1235
6392 4 2 0 0 46 47 140 1235
6393 4 2 0 0 751 1378 32 28
6394 4 2 0 0 1471 1423 1478 1530
6395 4 2 0 0 870 1021 268 796
6396 4 2 0 0 643 259 928 1238
6397 4 2 0 0 928 259 937 1238
6398 4 2 0 0 928 985 1064 643
6399 4 2 0 0 937 928 985 1064
6400 4 2 0 0 565 248 1030 1238
6401 4 2 0 0 643 565 1030 1238
6402 4 2 0 0 928 937 985 1238
6403 4 2 0 0 928 985 643 1238
6404 4 2 0 0 889 1500 781 556
6405 4 2 0 0 1359 1242 1249 1223
6406 4 2 0 0 1133 946 1226 1345
6407 4 2 0 0 1229 1207 1310 1345
6408 4 2 0 0 1095 666 1109 1240
6409 4 2 0 0 352 1095 1109 1240
6410 4 2 0 0 226 1343 1524 1571
6411 4 2 0 0 859 1280 1283 1516
6412 4 2 0 0 1516 643 859 986
6413 4 2 0 0 352 294 1063 1240
6414 4 2 0 0 304 1063 1215 1240
6415 4 2 0 0 1063 294 1215 1240
6416 4 2 0 0 451 1038 1362 1384
6417 4 2 0 0 643 1250 412 131
6418 4 2 0 0 424 500 720 1255
6419 4 2 0 0 424 847 1197 1255
6420 4 2 0 0 500 424 684 1255
6421 4 2 0 0 293 730 1129 1251
6422 4 2 0 0 730 525 1129 1251
6423 4 2 0 0 307 1112 1223 1242
6424 4 2 0 0 986 928 988 1250
6425 4 2 0 0 424 720 847 1255
6426 4 2 0 0 1242 1137 1305 1520
6427 4 2 0 0 1033 390 365 437
6428 4 2 0 0 408 836 1186 1243
6429 4 2 0 0 929 730 549 364
6430 4 2 0 0 1245 1183 895 587
6431 4 2 0 0 842 536 948 1258
6432 4 2 0 0 1380 1373 1450 1554
6433 4 2 0 0 556 744 1020 1257
6434 4 2 0 0 587 1201 998 1245
6435 4 2 0 0 587 998 904 1245
6436 4 2 0 0 1201 587 998 736
6437 4 2 0 0 448 1245 954 895
6438 4 2 0 0 217 239 742 1246
6439 4 2 0 0 239 217 811 1246
6440 4 2 0 0 303 25 308 32
6441 4 2 0 0 321 582 807 1293
6442 4 2 0 0 57 778 824 1268
6443 4 2 0 0 57 406 778 1268
6444 4 2 0 0 1283 456 1418 1453
6445 4 2 0 0 1514 1135 1521 1522
6446 4 2 0 0 564 1068 1470 1490
6447 4 2 0 0 357 1430 1440 1478
6448 4 2 0 0 699 382 1053 1248
6449 4 2 0 0 1248 382 866 699
6450 4 2 0 0 706 1113 1154 1248
6451 4 2 0 0 292 706 1154 1248
6452 4 2 0 0 1113 292 1036 1154
6453 4 2 0 0 1113 292 1248 1036
6454 4 2 0 0 1333 878 1335 1349
6455 4 2 0 0 382 1053 1248 1261
6456 4 2 0 0 1261 380 1055 775
6457 4 2 0 0 743 1055 382 1261
6458 4 2 0 0 1233 1200 1176 1262
6459 4 2 0 0 775 501 1055 1261
6460 4 2 0 0 501 1053 1055 1261
6461 4 2 0 0 963 359 995 1345
6462 4 2 0 0 359 963 1027 1345
6463 4 2 0 0 946 1133 1207 1345
6464 4 2 0 0 321 1299 1366 1385
6465 4 2 0 0 199 765 1192 1360
6466 4 2 0 0 730 293 1091 1251
6467 4 2 0 0 568 735 1358 1479
6468 4 2 0 0 293 1188 1221 1251
6469 4 2 0 0 1129 1150 1188 1251
6470 4 2 0 0 293 1129 1188 1251
6471 4 2 0 0 188 295 1391 1417
6472 4 2 0 0 371 373 1036 1557
6473 4 2 0 0 185 168 635 1417
6474 4 2 0 0 1387 866 1248 743
6475 4 2 0 0 1013 824 1292 1294
6476 4 2 0 0 266 333 1015 1253
6477 4 2 0 0 767 266 1015 1253
6478 4 2 0 0 1328 59 610 1292
6479 4 2 0 0 333 475 517 1253
6480 4 2 0 0 517 475 886 1253
6481 4 2 0 0 333 266 475 1253
6482 4 2 0 0 475 266 767 1253
6483 4 2 0 0 1356 1080 1411 1413
6484 4 2 0 0 363 823 945 1328
6485 4 2 0 0 1075 735 1321 1330
6486 4 2 0 0 7 393 542 1351
6487 4 2 0 0 59 1328 610 282
6488 4 2 0 0 986 412 1250 1516
6489 4 2 0 0 428 900 1197 1255
6490 4 2 0 0 500 720 1259 1296
6491 4 2 0 0 1412 1461 609 463
6492 4 2 0 0 1223 307 1242 1260
6493 4 2 0 0 1197 775 1261 1270
6494 4 2 0 0 603 684 196 938
6495 4 2 0 0 925 1255 900 684
6496 4 2 0 0 900 428 919 1255
6497 4 2 0 0 310 900 919 1255
6498 4 2 0 0 613 381 614 1260
6499 4 2 0 0 613 614 722 1260
6500 4 2 0 0 1348 381 613 1260
6501 4 2 0 0 671 1156 1393 1443
6502 4 2 0 0 157 156 610 1292
6503 4 2 0 0 408 836 1243 1256
6504 4 2 0 0 359 408 1243 1256
6505 4 2 0 0 512 605 1127 1315
6506 4 2 0 0 328 408 748 1256
6507 4 2 0 0 59 1328 282 58
6508 4 2 0 0 1256 748 510 1166
6509 4 2 0 0 783 207 853 1258
6510 4 2 0 0 783 853 1031 1258
6511 4 2 0 0 1031 853 1173 1258
6512 4 2 0 0 1259 1148 677 285
6513 4 2 0 0 919 310 1255 1259
6514 4 2 0 0 894 428 1222 1259
6515 4 2 0 0 1222 428 1255 1259
6516 4 2 0 0 894 677 919 1259
6517 4 2 0 0 677 310 919 1259
6518 4 2 0 0 428 919 1255 1259
6519 4 2 0 0 428 894 919 1259
6520 4 2 0 0 1079 132 1218 1487
6521 4 2 0 0 371 373 1538 425
6522 4 2 0 0 827 806 879 1459
6523 4 2 0 0 1561 1190 1564 1403
6524 4 2 0 0 1139 336 1181 1522
6525 4 2 0 0 241 865 1254 1525
6526 4 2 0 0 1440 781 652 1153
6527 4 2 0 0 1210 1216 1275 1567
6528 4 2 0 0 429 1364 512 1287
6529 4 2 0 0 359 1181 588 963
6530 4 2 0 0 880 1270 1301 1304
6531 4 2 0 0 367 187 457 1428
6532 4 2 0 0 973 856 936 227
6533 4 2 0 0 290 104 499 1317
6534 4 2 0 0 118 367 375 1308
6535 4 2 0 0 514 630 1567 1573
6536 4 2 0 0 1240 1578 1581 1593
6537 4 2 0 0 862 972 1233 1262
6538 4 2 0 0 1571 804 1343 780
6539 4 2 0 0 1167 1135 1514 1522
6540 4 2 0 0 1362 451 1363 1389
6541 4 2 0 0 799 387 32 31
6542 4 2 0 0 24 1200 1233 1262
6543 4 2 0 0 387 799 32 1378
6544 4 2 0 0 254 287 688 1263
6545 4 2 0 0 281 254 688 1263
6546 4 2 0 0 1187 1263 1211 832
6547 4 2 0 0 199 1366 897 1299
6548 4 2 0 0 421 96 920 1299
6549 4 2 0 0 572 609 693 1405
6550 4 2 0 0 1320 1422 432 269
6551 4 2 0 0 1333 876 1335 1380
6552 4 2 0 0 405 8 964 1352
6553 4 2 0 0 452 135 1262 1265
6554 4 2 0 0 25 1351 24 1265
6555 4 2 0 0 1177 343 1190 1561
6556 4 2 0 0 1044 1202 1374 1379
6557 4 2 0 0 354 137 1473 1480
6558 4 2 0 0 1192 198 1195 1317
6559 4 2 0 0 101 414 596 1272
6560 4 2 0 0 1313 962 443 640
6561 4 2 0 0 314 784 863 1289
6562 4 2 0 0 1313 1247 728 1264
6563 4 2 0 0 679 523 691 1316
6564 4 2 0 0 1099 1205 1230 1289
6565 4 2 0 0 1099 244 1205 1289
6566 4 2 0 0 269 248 318 1290
6567 4 2 0 0 957 1349 1266 828
6568 4 2 0 0 1205 1125 1230 1289
6569 4 2 0 0 876 1335 1380 1583
6570 4 2 0 0 1282 98 1578 1582
6571 4 2 0 0 1182 859 1175 1285
6572 4 2 0 0 564 438 942 1278
6573 4 2 0 0 438 555 935 1278
6574 4 2 0 0 255 1047 1242 1269
6575 4 2 0 0 775 501 1261 1270
6576 4 2 0 0 1053 292 1261 1270
6577 4 2 0 0 775 847 1197 424
6578 4 2 0 0 847 775 1197 1270
6579 4 2 0 0 1358 965 278 471
6580 4 2 0 0 1179 847 1197 1270
6581 4 2 0 0 292 1179 1197 1270
6582 4 2 0 0 244 1297 1332 1284
6583 4 2 0 0 1337 1125 1312 422
6584 4 2 0 0 1305 803 1551 580
6585 4 2 0 0 1324 372 1404 1295
6586 4 2 0 0 501 880 1053 1270
6587 4 2 0 0 501 1053 1261 1270
6588 4 2 0 0 1284 1289 1205 244
6589 4 2 0 0 396 202 828 1271
6590 4 2 0 0 511 220 916 1272
6591 4 2 0 0 596 891 1232 1272
6592 4 2 0 0 511 1272 891 596
6593 4 2 0 0 163 162 636 1274
6594 4 2 0 0 162 874 980 1274
6595 4 2 0 0 874 73 1061 1274
6596 4 2 0 0 73 376 1061 1274
6597 4 2 0 0 1274 1049 980 344
6598 4 2 0 0 1049 874 1061 1274
6599 4 2 0 0 376 344 1049 1274
6600 4 2 0 0 376 1049 1061 1274
6601 4 2 0 0 163 73 162 1274
6602 4 2 0 0 73 163 77 1274
6603 4 2 0 0 669 458 1210 1275
6604 4 2 0 0 1226 1229 1344 1345
6605 4 2 0 0 963 995 1133 1345
6606 4 2 0 0 1112 1223 1242 1276
6607 4 2 0 0 1359 1242 1223 1276
6608 4 2 0 0 406 1103 1268 1277
6609 4 2 0 0 1207 722 1229 1310
6610 4 2 0 0 413 516 910 1310
6611 4 2 0 0 1010 1133 1296 1311
6612 4 2 0 0 1355 169 43 375
6613 4 2 0 0 169 436 520 1341
6614 4 2 0 0 722 413 910 1310
6615 4 2 0 0 413 722 1207 1310
6616 4 2 0 0 507 141 1237 1277
6617 4 2 0 0 698 1059 1202 1379
6618 4 2 0 0 1278 1298 260 1068
6619 4 2 0 0 1049 260 1068 1278
6620 4 2 0 0 258 260 305 1278
6621 4 2 0 0 305 260 1049 1278
6622 4 2 0 0 106 105 1418 1468
6623 4 2 0 0 234 1024 1127 1279
6624 4 2 0 0 968 234 1127 1279
6625 4 2 0 0 556 1257 1507 1502
6626 4 2 0 0 981 208 488 569
6627 4 2 0 0 199 96 765 1371
6628 4 2 0 0 1256 580 1024 1105
6629 4 2 0 0 1105 1024 1256 328
6630 4 2 0 0 1024 1256 328 510
6631 4 2 0 0 1024 510 1279 1281
6632 4 2 0 0 580 1024 1279 1281
6633 4 2 0 0 199 765 1360 1371
6634 4 2 0 0 1219 255 1370 1281
6635 4 2 0 0 1219 1370 1256 1281
6636 4 2 0 0 351 601 815 1306
6637 4 2 0 0 580 1256 1024 1281
6638 4 2 0 0 811 1368 1317 1246
6639 4 2 0 0 389 640 1284 1320
6640 4 2 0 0 722 686 1249 1286
6641 4 2 0 0 722 1249 1260 1286
6642 4 2 0 0 722 903 910 1419
6643 4 2 0 0 201 413 934 1419
6644 4 2 0 0 269 1267 1313 1320
6645 4 2 0 0 1284 1290 1297 1320
6646 4 2 0 0 1284 1267 1290 1320
6647 4 2 0 0 1220 318 1308 1331
6648 4 2 0 0 558 640 1320 1313
6649 4 2 0 0 1267 286 1290 1331
6650 4 2 0 0 413 722 910 1419
6651 4 2 0 0 614 722 1260 1419
6652 4 2 0 0 1444 1597 1555 1380
6653 4 2 0 0 910 1419 1596 413
6654 4 2 0 0 818 1409 1143 1062
6655 4 2 0 0 487 679 691 1316
6656 4 2 0 0 1441 1565 1577 1579
6657 4 2 0 0 632 469 692 1385
6658 4 2 0 0 102 1027 1344 1374
6659 4 2 0 0 1266 523 1300 1316
6660 4 2 0 0 957 523 1266 1316
6661 4 2 0 0 679 278 1300 1316
6662 4 2 0 0 728 260 258 1298
6663 4 2 0 0 70 857 179 886
6664 4 2 0 0 525 626 730 1482
6665 4 2 0 0 470 1462 247 1084
6666 4 2 0 0 728 258 558 1298
6667 4 2 0 0 728 258 305 558
6668 4 2 0 0 523 397 957 1288
6669 4 2 0 0 957 828 1266 1288
6670 4 2 0 0 511 501 1083 1301
6671 4 2 0 0 163 457 682 1428
6672 4 2 0 0 361 515 568 1288
6673 4 2 0 0 361 396 515 1288
6674 4 2 0 0 1089 805 1208 1288
6675 4 2 0 0 515 1089 1208 1288
6676 4 2 0 0 805 380 1208 1288
6677 4 2 0 0 380 515 1208 1288
6678 4 2 0 0 1266 828 1271 1288
6679 4 2 0 0 828 396 1271 1288
6680 4 2 0 0 568 1266 1271 1288
6681 4 2 0 0 361 568 1271 1288
6682 4 2 0 0 396 361 1271 1288
6683 4 2 0 0 397 396 957 1288
6684 4 2 0 0 396 828 957 1288
6685 4 2 0 0 269 318 1267 1290
6686 4 2 0 0 565 1297 1307 1332
6687 4 2 0 0 1206 1182 1332 1198
6688 4 2 0 0 565 1198 1297 1332
6689 4 2 0 0 1393 671 1565 1579
6690 4 2 0 0 888 226 1045 1571
6691 4 2 0 0 671 1363 1565 1579
6692 4 2 0 0 214 876 1380 1583
6693 4 2 0 0 298 1581 1587 1600
6694 4 2 0 0 881 577 1419 1593
6695 4 2 0 0 451 1362 1363 1579
6696 4 2 0 0 413 516 1207 1296
6697 4 2 0 0 720 500 1131 1296
6698 4 2 0 0 461 356 801 180
6699 4 2 0 0 957 1349 828 14
6700 4 2 0 0 421 548 622 1293
6701 4 2 0 0 469 421 622 1293
6702 4 2 0 0 358 639 807 1293
6703 4 2 0 0 807 639 944 1293
6704 4 2 0 0 709 358 639 236
6705 4 2 0 0 709 358 548 1293
6706 4 2 0 0 709 548 920 1293
6707 4 2 0 0 548 421 920 1293
6708 4 2 0 0 113 329 513 116
6709 4 2 0 0 1221 1251 1091 293
6710 4 2 0 0 1150 615 1221 1347
6711 4 2 0 0 1161 1150 1251 1347
6712 4 2 0 0 824 156 1292 1294
6713 4 2 0 0 155 156 824 1294
6714 4 2 0 0 155 115 156 1294
6715 4 2 0 0 378 1016 976 454
6716 4 2 0 0 116 115 155 1294
6717 4 2 0 0 285 1133 1207 1296
6718 4 2 0 0 720 994 1259 1296
6719 4 2 0 0 994 720 1010 1296
6720 4 2 0 0 599 1010 1131 1296
6721 4 2 0 0 1348 1256 1305 1219
6722 4 2 0 0 1230 863 1289 1312
6723 4 2 0 0 1232 247 1455 1462
6724 4 2 0 0 635 168 802 1433
6725 4 2 0 0 1273 422 1125 449
6726 4 2 0 0 328 408 836 1312
6727 4 2 0 0 16 341 1131 1296
6728 4 2 0 0 341 599 1131 1296
6729 4 2 0 0 278 274 1075 1321
6730 4 2 0 0 278 1300 1316 1321
6731 4 2 0 0 998 904 1245 1455
6732 4 2 0 0 626 549 929 1381
6733 4 2 0 0 326 375 1308 1341
6734 4 2 0 0 776 1038 1077 1335
6735 4 2 0 0 249 947 1222 1304
6736 4 2 0 0 1048 1179 1270 1304
6737 4 2 0 0 1179 847 1270 1304
6738 4 2 0 0 249 1048 1203 1304
6739 4 2 0 0 947 249 1203 1304
6740 4 2 0 0 475 693 886 1322
6741 4 2 0 0 805 523 884 1300
6742 4 2 0 0 384 805 884 1300
6743 4 2 0 0 1300 884 679 523
6744 4 2 0 0 1229 1226 1344 1359
6745 4 2 0 0 215 199 1192 1360
6746 4 2 0 0 199 215 339 1360
6747 4 2 0 0 1249 1229 1344 1359
6748 4 2 0 0 1192 198 1317 1360
6749 4 2 0 0 263 501 511 1301
6750 4 2 0 0 1442 429 1470 1490
6751 4 2 0 0 693 584 1405 1435
6752 4 2 0 0 1412 197 1431 1437
6753 4 2 0 0 1305 1281 1137 255
6754 4 2 0 0 381 613 803 1305
6755 4 2 0 0 263 511 891 1301
6756 4 2 0 0 880 263 891 1301
6757 4 2 0 0 443 558 1119 1302
6758 4 2 0 0 258 558 1298 1302
6759 4 2 0 0 558 258 1119 1302
6760 4 2 0 0 968 438 1398 1510
6761 4 2 0 0 520 1339 1341 1364
6762 4 2 0 0 1389 200 1544 1548
6763 4 2 0 0 107 1508 444 1507
6764 4 2 0 0 141 507 1237 1342
6765 4 2 0 0 1519 1501 1532 1537
6766 4 2 0 0 1444 1420 1554 1555
6767 4 2 0 0 762 299 1547 1549
6768 4 2 0 0 187 367 1426 1428
6769 4 2 0 0 457 77 1220 1428
6770 4 2 0 0 1179 249 1222 1304
6771 4 2 0 0 847 1179 1222 1304
6772 4 2 0 0 1219 255 1281 1305
6773 4 2 0 0 290 1217 1241 1306
6774 4 2 0 0 601 290 1241 1306
6775 4 2 0 0 535 810 1138 1306
6776 4 2 0 0 1306 1138 736 1114
6777 4 2 0 0 810 1114 1138 1306
6778 4 2 0 0 290 763 1306 497
6779 4 2 0 0 1089 1115 1208 657
6780 4 2 0 0 300 836 1186 1273
6781 4 2 0 0 1306 736 763 1114
6782 4 2 0 0 497 290 774 1306
6783 4 2 0 0 774 736 1306 460
6784 4 2 0 0 104 763 958 1306
6785 4 2 0 0 1114 1306 958 763
6786 4 2 0 0 810 211 1217 1306
6787 4 2 0 0 104 810 1217 1306
6788 4 2 0 0 818 581 1062 840
6789 4 2 0 0 218 1252 1409 1416
6790 4 2 0 0 242 535 1138 1306
6791 4 2 0 0 810 104 958 1306
6792 4 2 0 0 430 1401 629 1443
6793 4 2 0 0 324 1253 1322 1386
6794 4 2 0 0 375 118 1308 1341
6795 4 2 0 0 1161 615 1347 1414
6796 4 2 0 0 426 346 1401 1443
6797 4 2 0 0 1329 1412 1406 349
6798 4 2 0 0 64 406 1277 1309
6799 4 2 0 0 418 406 837 1309
6800 4 2 0 0 406 64 837 1309
6801 4 2 0 0 1096 418 584 837
6802 4 2 0 0 1310 1345 1243 1229
6803 4 2 0 0 863 1289 1312 1337
6804 4 2 0 0 863 286 1289 1337
6805 4 2 0 0 430 1401 618 629
6806 4 2 0 0 748 417 863 1337
6807 4 2 0 0 1010 599 1018 1311
6808 4 2 0 0 946 1142 1207 1311
6809 4 2 0 0 731 946 1133 1311
6810 4 2 0 0 1133 946 1207 1311
6811 4 2 0 0 731 87 1142 1311
6812 4 2 0 0 341 87 599 1311
6813 4 2 0 0 87 731 1018 1311
6814 4 2 0 0 599 87 1018 1311
6815 4 2 0 0 946 731 1142 1311
6816 4 2 0 0 1350 1362 1389 1436
6817 4 2 0 0 339 253 1357 1368
6818 4 2 0 0 418 544 582 1421
6819 4 2 0 0 102 798 1027 1374
6820 4 2 0 0 1350 1324 1362 1436
6821 4 2 0 0 1247 1313 728 269
6822 4 2 0 0 1264 1247 1267 1313
6823 4 2 0 0 907 606 1235 1314
6824 4 2 0 0 576 907 1235 1314
6825 4 2 0 0 606 576 1235 1314
6826 4 2 0 0 576 606 863 1314
6827 4 2 0 0 408 576 863 1314
6828 4 2 0 0 748 408 863 1314
6829 4 2 0 0 606 748 863 1314
6830 4 2 0 0 748 606 1066 1314
6831 4 2 0 0 748 1066 1123 1314
6832 4 2 0 0 748 1166 1256 1314
6833 4 2 0 0 408 748 1256 1314
6834 4 2 0 0 804 1571 1343 888
6835 4 2 0 0 443 770 1298 1315
6836 4 2 0 0 443 605 770 1315
6837 4 2 0 0 966 929 1396 1399
6838 4 2 0 0 1158 659 1396 1399
6839 4 2 0 0 1399 1381 591 929
6840 4 2 0 0 1264 770 1298 1313
6841 4 2 0 0 1057 826 941 56
6842 4 2 0 0 14 957 1266 1316
6843 4 2 0 0 691 523 953 1316
6844 4 2 0 0 956 523 957 1316
6845 4 2 0 0 953 523 956 1316
6846 4 2 0 0 14 956 957 1316
6847 4 2 0 0 14 953 956 1316
6848 4 2 0 0 1349 274 1402 1407
6849 4 2 0 0 290 1192 1195 1317
6850 4 2 0 0 377 922 1103 1361
6851 4 2 0 0 1146 851 1239 1374
6852 4 2 0 0 201 686 722 1318
6853 4 2 0 0 722 686 1286 1318
6854 4 2 0 0 330 420 663 1550
6855 4 2 0 0 1485 634 1536 1546
6856 4 2 0 0 841 268 1506 1546
6857 4 2 0 0 268 796 1506 1546
6858 4 2 0 0 299 791 1175 1539
6859 4 2 0 0 415 583 989 1319
6860 4 2 0 0 357 415 989 1319
6861 4 2 0 0 357 1283 1280 1453
6862 4 2 0 0 518 1361 377 406
6863 4 2 0 0 475 886 1253 1322
6864 4 2 0 0 857 1334 324 1322
6865 4 2 0 0 1334 857 324 609
6866 4 2 0 0 693 857 886 1322
6867 4 2 0 0 773 639 888 1353
6868 4 2 0 0 1228 273 1265 1351
6869 4 2 0 0 886 857 1128 1322
6870 4 2 0 0 857 324 1128 1322
6871 4 2 0 0 1128 324 1253 1322
6872 4 2 0 0 886 1128 1253 1322
6873 4 2 0 0 188 1051 1390 1391
6874 4 2 0 0 204 203 876 1335
6875 4 2 0 0 876 203 1333 1335
6876 4 2 0 0 294 204 876 1335
6877 4 2 0 0 1387 866 813 821
6878 4 2 0 0 706 813 821 1387
6879 4 2 0 0 1013 363 1294 1328
6880 4 2 0 0 1013 1292 58 1328
6881 4 2 0 0 58 823 1013 1328
6882 4 2 0 0 363 1292 156 1294
6883 4 2 0 0 823 282 945 1328
6884 4 2 0 0 482 544 1054 1323
6885 4 2 0 0 735 1266 1321 1330
6886 4 2 0 0 292 1248 1261 1387
6887 4 2 0 0 706 821 1248 1387
6888 4 2 0 0 1054 1386 1323 767
6889 4 2 0 0 544 767 1054 1323
6890 4 2 0 0 743 925 1261 1387
6891 4 2 0 0 603 813 925 1387
6892 4 2 0 0 743 603 925 1387
6893 4 2 0 0 1468 1497 411 1458
6894 4 2 0 0 1297 985 1307 1422
6895 4 2 0 0 1075 274 1077 1330
6896 4 2 0 0 370 270 939 1397
6897 4 2 0 0 1247 1220 1308 1331
6898 4 2 0 0 730 525 1251 1381
6899 4 2 0 0 544 767 1323 1334
6900 4 2 0 0 282 610 945 1328
6901 4 2 0 0 1413 1061 1356 1410
6902 4 2 0 0 132 1082 1430 1471
6903 4 2 0 0 687 225 1116 1476
6904 4 2 0 0 205 15 488 1466
6905 4 2 0 0 1323 482 1327 1329
6906 4 2 0 0 618 482 1102 1329
6907 4 2 0 0 151 604 1009 1477
6908 4 2 0 0 357 704 1082 1430
6909 4 2 0 0 166 1425 1382 1413
6910 4 2 0 0 132 131 411 1458
6911 4 2 0 0 1551 1467 1137 580
6912 4 2 0 0 1054 482 1323 1329
6913 4 2 0 0 221 1054 1323 1329
6914 4 2 0 0 1054 221 1102 1329
6915 4 2 0 0 482 1054 1102 1329
6916 4 2 0 0 929 966 1396 1414
6917 4 2 0 0 520 1356 429 1080
6918 4 2 0 0 375 367 472 1331
6919 4 2 0 0 487 1321 274 278
6920 4 2 0 0 367 318 472 1331
6921 4 2 0 0 472 318 1290 1331
6922 4 2 0 0 1206 1332 244 1198
6923 4 2 0 0 1315 1302 1298 1398
6924 4 2 0 0 1154 762 1179 1557
6925 4 2 0 0 200 671 1389 1564
6926 4 2 0 0 330 663 1523 1550
6927 4 2 0 0 1174 844 1436 1548
6928 4 2 0 0 1284 1205 1332 244
6929 4 2 0 0 1373 214 1380 1450
6930 4 2 0 0 1038 1077 1335 1583
6931 4 2 0 0 1453 456 1478 357
6932 4 2 0 0 535 810 1306 1415
6933 4 2 0 0 591 525 626 1381
6934 4 2 0 0 973 1015 1032 1386
6935 4 2 0 0 393 30 1012 1351
6936 4 2 0 0 1365 579 119 898
6937 4 2 0 0 204 843 1333 1335
6938 4 2 0 0 203 204 1333 1335
6939 4 2 0 0 542 393 1012 1351
6940 4 2 0 0 1411 1356 520 1080
6941 4 2 0 0 328 408 1312 1337
6942 4 2 0 0 408 328 748 1337
6943 4 2 0 0 451 200 760 671
6944 4 2 0 0 671 1363 1564 1565
6945 4 2 0 0 486 568 878 1444
6946 4 2 0 0 1287 1356 1442 429
6947 4 2 0 0 1215 304 1240 1570
6948 4 2 0 0 878 1271 1420 1444
6949 4 2 0 0 408 863 1312 1337
6950 4 2 0 0 408 748 863 1337
6951 4 2 0 0 486 245 568 1444
6952 4 2 0 0 346 629 662 1401
6953 4 2 0 0 1246 253 1392 742
6954 4 2 0 0 418 582 692 1421
6955 4 2 0 0 283 277 1346 1357
6956 4 2 0 0 1027 1202 1219 1374
6957 4 2 0 0 632 1385 418 1361
6958 4 2 0 0 339 283 480 1357
6959 4 2 0 0 188 1025 1051 1391
6960 4 2 0 0 609 197 890 1412
6961 4 2 0 0 1276 102 1344 1374
6962 4 2 0 0 579 857 890 1369
6963 4 2 0 0 1494 1522 1167 1139
6964 4 2 0 0 848 596 1429 1434
6965 4 2 0 0 674 430 896 1443
6966 4 2 0 0 1323 324 1406 1412
6967 4 2 0 0 1412 800 609 197
6968 4 2 0 0 430 346 896 1443
6969 4 2 0 0 1219 255 1344 1374
6970 4 2 0 0 346 430 629 1443
6971 4 2 0 0 1284 1297 1332 1518
6972 4 2 0 0 444 108 1303 1518
6973 4 2 0 0 223 616 780 1343
6974 4 2 0 0 720 847 848 1459
6975 4 2 0 0 505 63 507 1375
6976 4 2 0 0 1595 881 1596 873
6977 4 2 0 0 102 1027 1226 1344
6978 4 2 0 0 363 1013 1294 1346
6979 4 2 0 0 579 718 1365 174
6980 4 2 0 0 122 890 1128 1369
6981 4 2 0 0 579 898 1365 1369
6982 4 2 0 0 70 572 1369 857
6983 4 2 0 0 1242 1359 1344 1276
6984 4 2 0 0 1374 1242 1276 255
6985 4 2 0 0 572 579 718 1369
6986 4 2 0 0 290 339 1192 1360
6987 4 2 0 0 1277 63 1340 1375
6988 4 2 0 0 179 857 1128 886
6989 4 2 0 0 631 1078 1133 1345
6990 4 2 0 0 1226 1199 1229 1345
6991 4 2 0 0 1219 1027 1344 1345
6992 4 2 0 0 1229 1219 1344 1345
6993 4 2 0 0 359 1027 1219 1345
6994 4 2 0 0 995 359 1243 1345
6995 4 2 0 0 1345 1310 1243 995
6996 4 2 0 0 1340 1237 1375 1372
6997 4 2 0 0 1199 1207 1229 1345
6998 4 2 0 0 1199 946 1207 1345
6999 4 2 0 0 1219 1229 1243 1345
7000 4 2 0 0 359 1219 1243 1345
7001 4 2 0 0 946 1199 1226 1345
7002 4 2 0 0 278 471 1300 1358
7003 4 2 0 0 471 479 1300 1358
7004 4 2 0 0 633 385 466 251
7005 4 2 0 0 1268 1346 1013 377
7006 4 2 0 0 1366 1357 199 897
7007 4 2 0 0 1588 1525 1571 1563
7008 4 2 0 0 1221 1251 1150 1347
7009 4 2 0 0 1251 1221 1150 1188
7010 4 2 0 0 1091 1221 494 1347
7011 4 2 0 0 759 878 1333 1349
7012 4 2 0 0 828 1349 759 14
7013 4 2 0 0 878 1266 1330 1349
7014 4 2 0 0 844 1004 1052 1408
7015 4 2 0 0 1209 1052 1236 1408
7016 4 2 0 0 519 776 1004 1408
7017 4 2 0 0 1316 1407 14 953
7018 4 2 0 0 1316 274 1321 1349
7019 4 2 0 0 1266 1316 1321 1349
7020 4 2 0 0 726 1567 1216 669
7021 4 2 0 0 1356 1287 1445 1339
7022 4 2 0 0 771 550 1190 1403
7023 4 2 0 0 1109 1209 1236 1408
7024 4 2 0 0 1321 274 1330 1349
7025 4 2 0 0 1266 1321 1330 1349
7026 4 2 0 0 1109 666 1209 1408
7027 4 2 0 0 843 14 1333 1349
7028 4 2 0 0 14 759 1333 1349
7029 4 2 0 0 751 1378 28 387
7030 4 2 0 0 14 1407 843 953
7031 4 2 0 0 478 465 639 1353
7032 4 2 0 0 465 992 1045 1353
7033 4 2 0 0 30 7 1034 1351
7034 4 2 0 0 1034 24 1351 1352
7035 4 2 0 0 7 1034 1351 1352
7036 4 2 0 0 964 7 1352 933
7037 4 2 0 0 405 1351 1352 542
7038 4 2 0 0 542 405 964 1352
7039 4 2 0 0 1464 1272 891 916
7040 4 2 0 0 486 1384 1393 1556
7041 4 2 0 0 1464 1272 1498 1232
7042 4 2 0 0 1439 1455 904 1438
7043 4 2 0 0 862 133 1449 1452
7044 4 2 0 0 1409 581 1416 1464
7045 4 2 0 0 614 645 1240 1570
7046 4 2 0 0 326 770 1267 1355
7047 4 2 0 0 326 1267 1331 1355
7048 4 2 0 0 486 814 1156 1393
7049 4 2 0 0 404 1166 1202 1370
7050 4 2 0 0 1137 1370 255 1281
7051 4 2 0 0 1333 759 1373 1380
7052 4 2 0 0 467 119 898 1365
7053 4 2 0 0 310 516 752 360
7054 4 2 0 0 210 199 480 1357
7055 4 2 0 0 386 406 418 1361
7056 4 2 0 0 1368 104 1317 499
7057 4 2 0 0 418 406 1309 1361
7058 4 2 0 0 199 210 897 1357
7059 4 2 0 0 1357 1366 277 1346
7060 4 2 0 0 301 354 1257 1480
7061 4 2 0 0 435 301 1257 1480
7062 4 2 0 0 1231 474 453 1170
7063 4 2 0 0 886 769 779 475
7064 4 2 0 0 592 332 965 1358
7065 4 2 0 0 479 471 965 1358
7066 4 2 0 0 471 479 965 708
7067 4 2 0 0 339 215 1192 1360
7068 4 2 0 0 1044 698 1202 1379
7069 4 2 0 0 1309 1336 1340 1372
7070 4 2 0 0 25 32 303 1376
7071 4 2 0 0 136 303 1376 452
7072 4 2 0 0 1348 381 1305 613
7073 4 2 0 0 1309 313 1336 1372
7074 4 2 0 0 1504 1506 796 1546
7075 4 2 0 0 386 321 406 1361
7076 4 2 0 0 1103 660 1309 1361
7077 4 2 0 0 770 1264 1298 1315
7078 4 2 0 0 1309 632 418 1361
7079 4 2 0 0 406 1103 1309 1361
7080 4 2 0 0 406 377 1103 1361
7081 4 2 0 0 274 1402 487 776
7082 4 2 0 0 1032 1015 1253 1386
7083 4 2 0 0 1237 572 1394 1405
7084 4 2 0 0 572 693 1394 1405
7085 4 2 0 0 1520 1517 1580 1585
7086 4 2 0 0 1324 372 1350 1362
7087 4 2 0 0 1361 321 1366 1385
7088 4 2 0 0 372 1324 1404 1362
7089 4 2 0 0 1355 512 436 1364
7090 4 2 0 0 277 253 742 1392
7091 4 2 0 0 605 1127 1315 1398
7092 4 2 0 0 225 349 1437 1457
7093 4 2 0 0 1287 1490 1442 1315
7094 4 2 0 0 244 472 1523 1529
7095 4 2 0 0 429 1364 1287 520
7096 4 2 0 0 510 323 404 537
7097 4 2 0 0 1438 216 998 902
7098 4 2 0 0 1166 510 1281 1370
7099 4 2 0 0 762 1154 1549 1557
7100 4 2 0 0 1253 767 1322 1386
7101 4 2 0 0 811 763 1143 755
7102 4 2 0 0 1386 324 1334 1322
7103 4 2 0 0 973 221 1015 1386
7104 4 2 0 0 922 377 1346 1366
7105 4 2 0 0 277 922 1346 1366
7106 4 2 0 0 390 1005 268 633
7107 4 2 0 0 1357 1366 199 277
7108 4 2 0 0 1357 897 1346 210
7109 4 2 0 0 1235 47 619 1234
7110 4 2 0 0 377 897 1346 1366
7111 4 2 0 0 897 377 1346 210
7112 4 2 0 0 104 1246 499 1368
7113 4 2 0 0 1246 1317 239 1368
7114 4 2 0 0 226 1446 1448 1467
7115 4 2 0 0 1004 776 1109 1408
7116 4 2 0 0 1246 1317 811 239
7117 4 2 0 0 898 467 1365 1369
7118 4 2 0 0 1205 1332 862 1176
7119 4 2 0 0 857 70 179 1369
7120 4 2 0 0 122 467 890 1369
7121 4 2 0 0 179 718 1365 1369
7122 4 2 0 0 718 579 1365 1369
7123 4 2 0 0 179 70 718 1369
7124 4 2 0 0 122 179 1365 1369
7125 4 2 0 0 467 122 1365 1369
7126 4 2 0 0 856 349 1431 1451
7127 4 2 0 0 274 1335 1349 1402
7128 4 2 0 0 198 1317 1360 1371
7129 4 2 0 0 765 198 1360 1371
7130 4 2 0 0 635 802 939 1433
7131 4 2 0 0 635 939 1391 1433
7132 4 2 0 0 331 261 1146 1379
7133 4 2 0 0 331 323 1059 1379
7134 4 2 0 0 166 73 1061 1397
7135 4 2 0 0 1508 1262 135 1332
7136 4 2 0 0 939 270 1391 1397
7137 4 2 0 0 203 876 1333 1373
7138 4 2 0 0 242 535 1306 1415
7139 4 2 0 0 1339 520 1341 1411
7140 4 2 0 0 716 1459 827 1460
7141 4 2 0 0 1420 1554 1559 1560
7142 4 2 0 0 1380 1444 1554 1555
7143 4 2 0 0 759 1373 1554 1560
7144 4 2 0 0 1333 759 1367 1373
7145 4 2 0 0 203 1333 1367 1373
7146 4 2 0 0 544 418 584 1421
7147 4 2 0 0 1299 469 1366 1385
7148 4 2 0 0 321 582 1293 1385
7149 4 2 0 0 1421 632 692 418
7150 4 2 0 0 430 1401 1443 618
7151 4 2 0 0 1239 102 1276 1374
7152 4 2 0 0 798 102 1239 1374
7153 4 2 0 0 507 63 1277 1375
7154 4 2 0 0 1059 323 1370 1379
7155 4 2 0 0 255 1137 1146 1379
7156 4 2 0 0 1379 1137 1370 255
7157 4 2 0 0 1376 799 32 303
7158 4 2 0 0 20 310 919 360
7159 4 2 0 0 551 889 1020 1378
7160 4 2 0 0 1350 1362 1363 1389
7161 4 2 0 0 136 135 452 1376
7162 4 2 0 0 24 25 1265 1377
7163 4 2 0 0 1202 1059 1370 1379
7164 4 2 0 0 645 381 1517 1570
7165 4 2 0 0 486 1380 1384 1556
7166 4 2 0 0 25 24 1140 1377
7167 4 2 0 0 451 671 1363 1389
7168 4 2 0 0 486 1443 1556 1393
7169 4 2 0 0 1376 136 889 1378
7170 4 2 0 0 889 136 1020 1378
7171 4 2 0 0 435 652 672 764
7172 4 2 0 0 734 551 1378 889
7173 4 2 0 0 387 28 734 1378
7174 4 2 0 0 929 730 1381 549
7175 4 2 0 0 1376 889 503 1378
7176 4 2 0 0 1378 503 734 889
7177 4 2 0 0 1376 28 32 1378
7178 4 2 0 0 28 1376 503 1378
7179 4 2 0 0 1146 851 1374 1379
7180 4 2 0 0 323 331 1137 1379
7181 4 2 0 0 1137 1379 1370 323
7182 4 2 0 0 1421 1405 1372 584
7183 4 2 0 0 386 418 582 1385
7184 4 2 0 0 418 386 1361 1385
7185 4 2 0 0 767 1323 1334 1386
7186 4 2 0 0 1440 1454 1423 652
7187 4 2 0 0 214 876 1373 1380
7188 4 2 0 0 842 899 948 1451
7189 4 2 0 0 1372 1421 418 313
7190 4 2 0 0 549 626 730 1381
7191 4 2 0 0 117 118 520 1411
7192 4 2 0 0 1356 1411 520 1339
7193 4 2 0 0 1308 1339 1341 1411
7194 4 2 0 0 295 270 1025 1391
7195 4 2 0 0 234 605 1105 1398
7196 4 2 0 0 511 414 596 1434
7197 4 2 0 0 270 295 635 1391
7198 4 2 0 0 720 827 1459 1460
7199 4 2 0 0 1237 507 1375 1394
7200 4 2 0 0 1120 1398 1510 1528
7201 4 2 0 0 442 412 643 1395
7202 4 2 0 0 1181 1150 1183 1522
7203 4 2 0 0 565 442 643 1395
7204 4 2 0 0 507 505 1375 1394
7205 4 2 0 0 720 848 996 1496
7206 4 2 0 0 168 1383 635 1417
7207 4 2 0 0 1382 1410 1424 1433
7208 4 2 0 0 1350 1363 1575 1577
7209 4 2 0 0 430 820 1156 1443
7210 4 2 0 0 802 117 1424 1433
7211 4 2 0 0 1335 1038 1583 1584
7212 4 2 0 0 487 274 1316 1407
7213 4 2 0 0 1402 274 487 1407
7214 4 2 0 0 1407 1316 14 1349
7215 4 2 0 0 603 743 813 1387
7216 4 2 0 0 737 715 744 1388
7217 4 2 0 0 1388 284 744 551
7218 4 2 0 0 799 1020 1378 1388
7219 4 2 0 0 737 799 1020 1144
7220 4 2 0 0 332 737 799 1388
7221 4 2 0 0 555 1120 1463 1535
7222 4 2 0 0 1153 371 1319 1538
7223 4 2 0 0 1509 616 1531 1540
7224 4 2 0 0 1524 1544 1543 1531
7225 4 2 0 0 1549 972 1537 373
7226 4 2 0 0 197 723 899 1437
7227 4 2 0 0 197 899 1431 1437
7228 4 2 0 0 244 248 472 1529
7229 4 2 0 0 1063 1240 881 352
7230 4 2 0 0 697 1135 1325 1494
7231 4 2 0 0 1412 1437 800 197
7232 4 2 0 0 435 764 1481 1511
7233 4 2 0 0 438 968 991 1510
7234 4 2 0 0 1462 590 1464 247
7235 4 2 0 0 1302 1120 1398 1510
7236 4 2 0 0 556 435 1502 1511
7237 4 2 0 0 262 239 1371 1392
7238 4 2 0 0 1360 239 1371 1317
7239 4 2 0 0 486 1330 1380 1444
7240 4 2 0 0 451 814 1384 1393
7241 4 2 0 0 1038 1384 1077 1583
7242 4 2 0 0 451 671 814 1393
7243 4 2 0 0 776 294 1335 1402
7244 4 2 0 0 634 244 1523 1529
7245 4 2 0 0 991 234 1019 1467
7246 4 2 0 0 991 1019 1448 1467
7247 4 2 0 0 1557 292 1154 1036
7248 4 2 0 0 666 519 1174 1408
7249 4 2 0 0 204 205 843 1402
7250 4 2 0 0 1052 1004 1236 1408
7251 4 2 0 0 294 204 1335 1402
7252 4 2 0 0 842 856 1431 1451
7253 4 2 0 0 352 294 776 1402
7254 4 2 0 0 234 1105 1467 1528
7255 4 2 0 0 357 1283 1319 1280
7256 4 2 0 0 1446 1120 1463 1528
7257 4 2 0 0 848 847 1434 1459
7258 4 2 0 0 1436 99 1493 1543
7259 4 2 0 0 1563 514 1567 1573
7260 4 2 0 0 1210 1047 1567 1573
7261 4 2 0 0 525 1251 1381 1396
7262 4 2 0 0 827 720 1131 1460
7263 4 2 0 0 270 1025 1391 1397
7264 4 2 0 0 270 1397 1022 1025
7265 4 2 0 0 1397 270 1022 874
7266 4 2 0 0 1025 1022 1051 1397
7267 4 2 0 0 874 370 1061 1397
7268 4 2 0 0 73 874 1061 1397
7269 4 2 0 0 874 73 1022 1397
7270 4 2 0 0 1022 73 1051 1397
7271 4 2 0 0 1051 166 1390 1397
7272 4 2 0 0 73 166 1051 1397
7273 4 2 0 0 1421 313 1435 1461
7274 4 2 0 0 634 1030 1198 1529
7275 4 2 0 0 509 438 1315 1398
7276 4 2 0 0 1127 509 1315 1398
7277 4 2 0 0 438 509 968 1398
7278 4 2 0 0 968 509 1127 1398
7279 4 2 0 0 689 659 1158 1399
7280 4 2 0 0 47 689 1158 1399
7281 4 2 0 0 145 48 913 1399
7282 4 2 0 0 286 1267 1284 1400
7283 4 2 0 0 1284 1267 1320 1400
7284 4 2 0 0 640 1284 1320 1400
7285 4 2 0 0 1267 640 1320 1400
7286 4 2 0 0 618 671 1177 1401
7287 4 2 0 0 629 618 1177 1401
7288 4 2 0 0 629 1177 1190 1401
7289 4 2 0 0 841 1325 1474 1491
7290 4 2 0 0 618 1457 1476 1483
7291 4 2 0 0 550 92 662 1401
7292 4 2 0 0 662 1190 1401 629
7293 4 2 0 0 1302 1068 1315 1298
7294 4 2 0 0 486 878 1330 1444
7295 4 2 0 0 1048 249 1547 1557
7296 4 2 0 0 844 519 1174 1404
7297 4 2 0 0 372 1404 1038 1362
7298 4 2 0 0 844 451 1004 1404
7299 4 2 0 0 426 346 662 1401
7300 4 2 0 0 371 1048 1547 1557
7301 4 2 0 0 92 426 662 1401
7302 4 2 0 0 1024 234 1105 1467
7303 4 2 0 0 723 702 899 1437
7304 4 2 0 0 1437 800 702 463
7305 4 2 0 0 313 477 1237 1405
7306 4 2 0 0 477 313 609 1405
7307 4 2 0 0 572 477 609 1405
7308 4 2 0 0 399 432 459 1422
7309 4 2 0 0 700 1372 584 1096
7310 4 2 0 0 1039 1184 379 1126
7311 4 2 0 0 1372 700 1405 1375
7312 4 2 0 0 1375 1237 1394 1405
7313 4 2 0 0 700 1375 1394 1405
7314 4 2 0 0 1372 1237 1375 1405
7315 4 2 0 0 1372 700 1375 1096
7316 4 2 0 0 432 1297 1303 1422
7317 4 2 0 0 138 399 459 1422
7318 4 2 0 0 399 138 985 1422
7319 4 2 0 0 973 936 1406 1032
7320 4 2 0 0 459 246 432 353
7321 4 2 0 0 1329 1406 221 349
7322 4 2 0 0 221 1323 1386 1406
7323 4 2 0 0 205 843 1402 1407
7324 4 2 0 0 843 953 1407 205
7325 4 2 0 0 1362 1583 1384 1038
7326 4 2 0 0 1319 1545 1538 1539
7327 4 2 0 0 488 1407 531 205
7328 4 2 0 0 531 691 953 1407
7329 4 2 0 0 205 531 953 1407
7330 4 2 0 0 1004 844 1404 1408
7331 4 2 0 0 519 1004 1404 1408
7332 4 2 0 0 844 519 1404 1408
7333 4 2 0 0 218 1070 1143 1409
7334 4 2 0 0 224 581 1062 1409
7335 4 2 0 0 456 781 1423 1440
7336 4 2 0 0 818 1409 1062 1416
7337 4 2 0 0 224 1062 1143 1409
7338 4 2 0 0 1070 224 1143 1409
7339 4 2 0 0 1081 1489 218 1252
7340 4 2 0 0 1409 818 1143 218
7341 4 2 0 0 929 611 966 1414
7342 4 2 0 0 1161 1251 1396 1414
7343 4 2 0 0 615 1414 627 1347
7344 4 2 0 0 1251 1381 1396 1414
7345 4 2 0 0 1200 1351 1228 24
7346 4 2 0 0 1091 1251 1347 1414
7347 4 2 0 0 117 1425 118 1411
7348 4 2 0 0 1251 1161 1347 1414
7349 4 2 0 0 1251 1091 1381 1414
7350 4 2 0 0 218 1489 1438 1409
7351 4 2 0 0 1153 357 1191 1440
7352 4 2 0 0 1264 260 1287 1445
7353 4 2 0 0 324 936 1406 1412
7354 4 2 0 0 281 819 789 610
7355 4 2 0 0 789 281 454 819
7356 4 2 0 0 609 324 890 857
7357 4 2 0 0 890 197 936 1412
7358 4 2 0 0 324 890 936 1412
7359 4 2 0 0 899 842 1431 1451
7360 4 2 0 0 260 344 1049 1445
7361 4 2 0 0 260 1049 1442 1445
7362 4 2 0 0 1091 929 1381 1414
7363 4 2 0 0 611 929 1091 1414
7364 4 2 0 0 611 1091 1347 1414
7365 4 2 0 0 211 815 1306 1415
7366 4 2 0 0 810 211 1306 1415
7367 4 2 0 0 818 581 1416 1062
7368 4 2 0 0 818 581 840 1416
7369 4 2 0 0 818 1409 1416 218
7370 4 2 0 0 581 1062 1409 1416
7371 4 2 0 0 511 596 1301 1434
7372 4 2 0 0 171 185 913 1417
7373 4 2 0 0 665 295 913 1417
7374 4 2 0 0 295 171 913 1417
7375 4 2 0 0 185 665 913 1417
7376 4 2 0 0 117 1382 1411 1424
7377 4 2 0 0 939 802 1080 1424
7378 4 2 0 0 1220 1247 1339 1445
7379 4 2 0 0 257 1263 254 281
7380 4 2 0 0 207 1431 842 936
7381 4 2 0 0 1406 349 1412 1431
7382 4 2 0 0 847 1459 1083 1434
7383 4 2 0 0 1013 1292 1328 1294
7384 4 2 0 0 722 614 903 1419
7385 4 2 0 0 1565 1441 1569 1579
7386 4 2 0 0 1432 1555 1556 1597
7387 4 2 0 0 934 577 1318 1419
7388 4 2 0 0 201 934 1318 1419
7389 4 2 0 0 1287 260 1442 1445
7390 4 2 0 0 635 1383 1391 1417
7391 4 2 0 0 1410 939 1424 1433
7392 4 2 0 0 934 577 1596 1598
7393 4 2 0 0 565 643 859 1572
7394 4 2 0 0 1389 1404 844 1436
7395 4 2 0 0 1242 1047 1520 1525
7396 4 2 0 0 299 791 1538 1549
7397 4 2 0 0 1325 1135 1491 1494
7398 4 2 0 0 945 667 816 823
7399 4 2 0 0 444 354 459 1473
7400 4 2 0 0 459 137 1472 1473
7401 4 2 0 0 391 269 399 1422
7402 4 2 0 0 248 985 1297 1422
7403 4 2 0 0 248 391 985 1422
7404 4 2 0 0 269 248 1297 1422
7405 4 2 0 0 248 269 391 1422
7406 4 2 0 0 319 701 710 1474
7407 4 2 0 0 842 856 936 1431
7408 4 2 0 0 1307 1303 1422 1472
7409 4 2 0 0 1382 1411 1413 1425
7410 4 2 0 0 1308 167 1339 1425
7411 4 2 0 0 1339 167 1413 1425
7412 4 2 0 0 1308 1339 1411 1425
7413 4 2 0 0 1411 1339 1413 1425
7414 4 2 0 0 187 367 464 1426
7415 4 2 0 0 117 1425 1411 1382
7416 4 2 0 0 693 609 1334 1435
7417 4 2 0 0 827 806 1459 1465
7418 4 2 0 0 596 101 848 1429
7419 4 2 0 0 77 167 1220 1428
7420 4 2 0 0 367 457 1220 1428
7421 4 2 0 0 367 167 1426 1428
7422 4 2 0 0 167 367 1220 1428
7423 4 2 0 0 1323 544 1334 1435
7424 4 2 0 0 544 1323 1327 1435
7425 4 2 0 0 544 584 693 1435
7426 4 2 0 0 584 544 1421 1435
7427 4 2 0 0 835 316 1561 1566
7428 4 2 0 0 225 349 856 1451
7429 4 2 0 0 229 991 1019 1448
7430 4 2 0 0 1508 862 135 1452
7431 4 2 0 0 764 652 1423 1454
7432 4 2 0 0 720 424 847 1459
7433 4 2 0 0 424 827 879 1459
7434 4 2 0 0 555 229 773 1463
7435 4 2 0 0 1439 1455 1232 904
7436 4 2 0 0 773 229 1354 1463
7437 4 2 0 0 409 556 781 1454
7438 4 2 0 0 204 205 1402 1466
7439 4 2 0 0 692 219 1421 1461
7440 4 2 0 0 1287 260 1315 1442
7441 4 2 0 0 862 972 1262 1449
7442 4 2 0 0 1212 1445 376 344
7443 4 2 0 0 249 762 1547 1557
7444 4 2 0 0 1232 101 1272 1498
7445 4 2 0 0 441 229 1019 1448
7446 4 2 0 0 1397 939 1410 1433
7447 4 2 0 0 166 1397 1410 1433
7448 4 2 0 0 1382 166 1410 1433
7449 4 2 0 0 166 1390 1397 1433
7450 4 2 0 0 117 168 1383 1433
7451 4 2 0 0 1382 117 1383 1433
7452 4 2 0 0 1383 168 635 1433
7453 4 2 0 0 1382 1383 1390 1433
7454 4 2 0 0 166 1382 1390 1433
7455 4 2 0 0 596 848 1427 1434
7456 4 2 0 0 414 327 1429 1434
7457 4 2 0 0 1462 247 1464 1232
7458 4 2 0 0 528 1167 1492 1494
7459 4 2 0 0 519 1174 1404 1436
7460 4 2 0 0 1174 519 1215 1436
7461 4 2 0 0 1295 519 1404 1436
7462 4 2 0 0 1324 1295 1404 1436
7463 4 2 0 0 1215 519 1295 1436
7464 4 2 0 0 99 1324 1350 1436
7465 4 2 0 0 1280 859 1283 583
7466 4 2 0 0 1215 1295 1324 1436
7467 4 2 0 0 723 197 800 1437
7468 4 2 0 0 800 1437 702 723
7469 4 2 0 0 1437 1412 800 463
7470 4 2 0 0 1080 1061 1356 1456
7471 4 2 0 0 735 592 1358 1479
7472 4 2 0 0 763 998 1070 1438
7473 4 2 0 0 218 763 1070 1438
7474 4 2 0 0 525 730 1129 1482
7475 4 2 0 0 715 332 747 1479
7476 4 2 0 0 429 1009 1080 1456
7477 4 2 0 0 627 1414 611 1347
7478 4 2 0 0 755 1438 218 216
7479 4 2 0 0 902 218 1081 1438
7480 4 2 0 0 781 456 1153 1440
7481 4 2 0 0 332 479 1358 1479
7482 4 2 0 0 568 715 747 1479
7483 4 2 0 0 592 735 747 1479
7484 4 2 0 0 592 332 1358 1479
7485 4 2 0 0 630 1210 1275 1567
7486 4 2 0 0 1393 671 1401 1565
7487 4 2 0 0 1272 1464 891 1232
7488 4 2 0 0 1193 616 1343 1566
7489 4 2 0 0 1380 1077 1384 1583
7490 4 2 0 0 1401 671 1564 1565
7491 4 2 0 0 229 441 1354 1448
7492 4 2 0 0 411 1513 1468 1458
7493 4 2 0 0 108 1303 1307 1472
7494 4 2 0 0 618 671 1401 1443
7495 4 2 0 0 671 618 1156 1443
7496 4 2 0 0 820 486 1156 1443
7497 4 2 0 0 1156 486 1393 1443
7498 4 2 0 0 674 245 820 1443
7499 4 2 0 0 245 486 820 1443
7500 4 2 0 0 346 426 674 1443
7501 4 2 0 0 426 245 674 1443
7502 4 2 0 0 346 674 896 1443
7503 4 2 0 0 568 245 1271 1444
7504 4 2 0 0 1343 616 1562 1566
7505 4 2 0 0 1420 245 1432 1444
7506 4 2 0 0 1271 245 1420 1444
7507 4 2 0 0 326 1264 1287 1445
7508 4 2 0 0 326 1247 1264 1445
7509 4 2 0 0 1287 1356 1445 1442
7510 4 2 0 0 326 1287 1339 1445
7511 4 2 0 0 1247 326 1339 1445
7512 4 2 0 0 1049 376 1356 1445
7513 4 2 0 0 376 1339 1356 1445
7514 4 2 0 0 1357 1366 1346 897
7515 4 2 0 0 133 504 972 1449
7516 4 2 0 0 862 133 972 1449
7517 4 2 0 0 1499 1491 1552 1485
7518 4 2 0 0 1462 590 1084 1464
7519 4 2 0 0 1462 590 247 1084
7520 4 2 0 0 712 212 916 1464
7521 4 2 0 0 619 1155 1158 1514
7522 4 2 0 0 712 1252 1489 1498
7523 4 2 0 0 135 862 1262 1449
7524 4 2 0 0 135 1262 1377 1449
7525 4 2 0 0 22 504 1140 1449
7526 4 2 0 0 504 22 972 1449
7527 4 2 0 0 281 265 1263 831
7528 4 2 0 0 357 1280 1319 989
7529 4 2 0 0 357 1280 989 1453
7530 4 2 0 0 411 1513 1458 412
7531 4 2 0 0 1262 1140 1377 1449
7532 4 2 0 0 1140 1262 22 1449
7533 4 2 0 0 22 1262 1233 972
7534 4 2 0 0 22 1262 972 1449
7535 4 2 0 0 1140 1262 1377 24
7536 4 2 0 0 1013 141 824 1268
7537 4 2 0 0 1566 343 1193 1561
7538 4 2 0 0 133 862 1182 1452
7539 4 2 0 0 1182 862 1332 1452
7540 4 2 0 0 107 354 1473 1502
7541 4 2 0 0 1473 354 1480 1502
7542 4 2 0 0 1475 1473 1480 1502
7543 4 2 0 0 424 720 827 1459
7544 4 2 0 0 704 989 1250 1453
7545 4 2 0 0 525 1135 1150 1521
7546 4 2 0 0 528 663 1485 1523
7547 4 2 0 0 841 420 870 1552
7548 4 2 0 0 472 314 1289 1523
7549 4 2 0 0 1439 1455 1438 1232
7550 4 2 0 0 947 247 1245 1455
7551 4 2 0 0 904 947 1245 1455
7552 4 2 0 0 947 904 1232 1455
7553 4 2 0 0 247 947 1232 1455
7554 4 2 0 0 1448 1463 1528 1446
7555 4 2 0 0 1048 249 1159 1547
7556 4 2 0 0 555 1510 1463 1120
7557 4 2 0 0 1410 1456 1080 939
7558 4 2 0 0 1009 939 1080 1456
7559 4 2 0 0 370 1456 939 1009
7560 4 2 0 0 961 534 1116 1457
7561 4 2 0 0 225 961 1116 1457
7562 4 2 0 0 534 702 1185 1457
7563 4 2 0 0 13 1208 1089 805
7564 4 2 0 0 1204 463 1329 1457
7565 4 2 0 0 311 392 509 1477
7566 4 2 0 0 509 564 604 1477
7567 4 2 0 0 429 802 1009 1477
7568 4 2 0 0 429 1009 1470 1477
7569 4 2 0 0 652 1505 764 1471
7570 4 2 0 0 463 702 1437 1457
7571 4 2 0 0 1329 463 1437 1457
7572 4 2 0 0 899 225 1437 1457
7573 4 2 0 0 702 899 1437 1457
7574 4 2 0 0 702 463 1185 1457
7575 4 2 0 0 1185 463 1204 1457
7576 4 2 0 0 1215 1174 1436 1493
7577 4 2 0 0 392 604 1035 1477
7578 4 2 0 0 204 352 905 1466
7579 4 2 0 0 1327 692 1421 1461
7580 4 2 0 0 1030 248 1198 1529
7581 4 2 0 0 1430 1453 1458 1497
7582 4 2 0 0 1429 848 1434 1459
7583 4 2 0 0 327 1429 1434 1459
7584 4 2 0 0 1497 1430 411 1458
7585 4 2 0 0 352 15 905 1466
7586 4 2 0 0 1453 1418 1458 1497
7587 4 2 0 0 609 219 800 1461
7588 4 2 0 0 463 609 800 1461
7589 4 2 0 0 219 463 800 1461
7590 4 2 0 0 1070 1409 1438 1462
7591 4 2 0 0 1070 1084 1409 1462
7592 4 2 0 0 1070 1438 1455 1462
7593 4 2 0 0 1068 509 1315 1490
7594 4 2 0 0 1287 1490 429 1442
7595 4 2 0 0 564 1470 1477 1490
7596 4 2 0 0 470 1070 1455 1462
7597 4 2 0 0 1070 470 1084 1462
7598 4 2 0 0 1462 470 247 1455
7599 4 2 0 0 229 991 1448 1463
7600 4 2 0 0 658 1354 1446 1463
7601 4 2 0 0 1446 1354 1448 1463
7602 4 2 0 0 1354 229 1448 1463
7603 4 2 0 0 1446 226 1524 1551
7604 4 2 0 0 381 645 1517 1551
7605 4 2 0 0 200 1072 1534 1535
7606 4 2 0 0 773 1130 1535 1171
7607 4 2 0 0 590 916 1189 1464
7608 4 2 0 0 581 590 1189 1464
7609 4 2 0 0 590 247 891 1464
7610 4 2 0 0 891 247 1232 1464
7611 4 2 0 0 1084 1409 1462 1464
7612 4 2 0 0 1084 581 1409 1464
7613 4 2 0 0 1252 1409 1416 1464
7614 4 2 0 0 581 212 1416 1464
7615 4 2 0 0 916 212 1189 1464
7616 4 2 0 0 212 581 1189 1464
7617 4 2 0 0 712 1252 1416 1464
7618 4 2 0 0 212 712 1416 1464
7619 4 2 0 0 716 275 806 1465
7620 4 2 0 0 716 806 827 1465
7621 4 2 0 0 323 1019 1279 1467
7622 4 2 0 0 580 323 1279 1467
7623 4 2 0 0 1024 580 1279 1467
7624 4 2 0 0 234 1024 1279 1467
7625 4 2 0 0 441 226 1448 1467
7626 4 2 0 0 870 420 1536 1552
7627 4 2 0 0 323 441 1019 1467
7628 4 2 0 0 839 1185 430 930
7629 4 2 0 0 226 441 1137 1467
7630 4 2 0 0 323 580 1137 1467
7631 4 2 0 0 441 323 1137 1467
7632 4 2 0 0 108 1307 1395 1472
7633 4 2 0 0 618 671 1156 1483
7634 4 2 0 0 870 1536 1546 1552
7635 4 2 0 0 1510 1463 1528 991
7636 4 2 0 0 381 1242 1305 1520
7637 4 2 0 0 841 319 1474 1486
7638 4 2 0 0 435 1480 1481 1487
7639 4 2 0 0 608 1135 1155 1512
7640 4 2 0 0 859 1280 986 583
7641 4 2 0 0 370 355 1049 1470
7642 4 2 0 0 355 370 564 1470
7643 4 2 0 0 652 764 1423 1471
7644 4 2 0 0 219 1184 800 721
7645 4 2 0 0 848 625 996 1496
7646 4 2 0 0 735 568 747 1479
7647 4 2 0 0 1374 1242 255 1344
7648 4 2 0 0 652 1423 1440 1471
7649 4 2 0 0 1082 652 1440 1471
7650 4 2 0 0 353 34 38 646
7651 4 2 0 0 985 1307 1422 1472
7652 4 2 0 0 985 442 1307 1472
7653 4 2 0 0 138 442 985 1472
7654 4 2 0 0 138 985 1422 1472
7655 4 2 0 0 444 459 1303 1472
7656 4 2 0 0 108 444 1303 1472
7657 4 2 0 0 567 528 663 1484
7658 4 2 0 0 1182 1285 1501 1553
7659 4 2 0 0 349 225 687 1476
7660 4 2 0 0 336 784 1167 1492
7661 4 2 0 0 225 349 1457 1476
7662 4 2 0 0 319 867 1482 1486
7663 4 2 0 0 597 720 996 1496
7664 4 2 0 0 411 1469 1475 1481
7665 4 2 0 0 107 1257 1502 1507
7666 4 2 0 0 1485 1488 784 634
7667 4 2 0 0 564 438 1068 1490
7668 4 2 0 0 781 456 1423 1503
7669 4 2 0 0 528 663 1484 1485
7670 4 2 0 0 234 991 1510 1528
7671 4 2 0 0 626 608 701 1482
7672 4 2 0 0 1499 543 1504 1506
7673 4 2 0 0 1475 411 1481 1487
7674 4 2 0 0 701 608 1474 1482
7675 4 2 0 0 528 567 608 1484
7676 4 2 0 0 1102 618 1329 1476
7677 4 2 0 0 221 1102 1329 1476
7678 4 2 0 0 620 618 1102 1476
7679 4 2 0 0 922 660 1361 632
7680 4 2 0 0 349 1329 1457 1476
7681 4 2 0 0 349 221 1329 1476
7682 4 2 0 0 332 592 747 1479
7683 4 2 0 0 735 568 1358 1266
7684 4 2 0 0 713 1480 1487 137
7685 4 2 0 0 612 999 1169 955
7686 4 2 0 0 332 284 479 1479
7687 4 2 0 0 479 284 568 1479
7688 4 2 0 0 284 332 715 1479
7689 4 2 0 0 568 284 715 1479
7690 4 2 0 0 1167 1135 1494 1512
7691 4 2 0 0 1561 1534 1564 1177
7692 4 2 0 0 1499 1506 697 543
7693 4 2 0 0 1443 1556 1569 426
7694 4 2 0 0 626 701 730 1482
7695 4 2 0 0 319 701 1474 1482
7696 4 2 0 0 822 998 587 736
7697 4 2 0 0 1218 1017 137 647
7698 4 2 0 0 433 1019 991 562
7699 4 2 0 0 1263 1065 975 832
7700 4 2 0 0 701 319 730 1482
7701 4 2 0 0 608 525 1135 1482
7702 4 2 0 0 244 1488 634 784
7703 4 2 0 0 543 299 1141 1488
7704 4 2 0 0 1473 137 1475 1480
7705 4 2 0 0 525 608 626 1482
7706 4 2 0 0 226 888 1343 1571
7707 4 2 0 0 781 1454 1500 1503
7708 4 2 0 0 411 1468 1469 1481
7709 4 2 0 0 1193 658 1343 1531
7710 4 2 0 0 649 299 1175 1488
7711 4 2 0 0 430 534 1457 1483
7712 4 2 0 0 618 430 1457 1483
7713 4 2 0 0 534 1116 1457 1483
7714 4 2 0 0 1457 1116 1476 1483
7715 4 2 0 0 620 368 671 1483
7716 4 2 0 0 618 620 671 1483
7717 4 2 0 0 608 567 663 1484
7718 4 2 0 0 1491 1325 1494 1499
7719 4 2 0 0 509 438 564 1490
7720 4 2 0 0 1139 543 1488 1499
7721 4 2 0 0 583 1175 1285 1539
7722 4 2 0 0 1325 1139 1494 1499
7723 4 2 0 0 1462 1232 1464 1489
7724 4 2 0 0 1490 1287 512 1315
7725 4 2 0 0 1452 1182 1501 1553
7726 4 2 0 0 1525 1047 1571 1573
7727 4 2 0 0 860 1343 616 223
7728 4 2 0 0 200 1072 1177 1534
7729 4 2 0 0 1595 934 1596 1598
7730 4 2 0 0 1324 1215 1436 1493
7731 4 2 0 0 1139 1488 1492 1499
7732 4 2 0 0 710 841 1484 1552
7733 4 2 0 0 1525 241 1563 1586
7734 4 2 0 0 750 425 781 1532
7735 4 2 0 0 412 643 1395 1572
7736 4 2 0 0 658 226 1343 1524
7737 4 2 0 0 1030 259 1238 1533
7738 4 2 0 0 1536 420 1550 1552
7739 4 2 0 0 713 132 1475 1487
7740 4 2 0 0 137 713 1475 1487
7741 4 2 0 0 438 1302 1398 1510
7742 4 2 0 0 859 1280 1516 986
7743 4 2 0 0 784 336 1099 1488
7744 4 2 0 0 1488 1099 244 649
7745 4 2 0 0 894 336 1141 1488
7746 4 2 0 0 299 649 894 1488
7747 4 2 0 0 299 894 1141 1488
7748 4 2 0 0 968 234 991 1510
7749 4 2 0 0 435 1481 1502 1511
7750 4 2 0 0 894 649 1099 1488
7751 4 2 0 0 336 894 1099 1488
7752 4 2 0 0 392 429 512 1490
7753 4 2 0 0 878 759 1380 1554
7754 4 2 0 0 1135 608 1474 1491
7755 4 2 0 0 336 1139 1488 1492
7756 4 2 0 0 1139 336 1167 1492
7757 4 2 0 0 1500 889 781 134
7758 4 2 0 0 337 444 452 1507
7759 4 2 0 0 299 415 543 1159
7760 4 2 0 0 1418 106 1503 1519
7761 4 2 0 0 1319 299 1538 1547
7762 4 2 0 0 616 1193 1343 1531
7763 4 2 0 0 1423 764 1454 1495
7764 4 2 0 0 1418 1283 1453 1516
7765 4 2 0 0 1513 1458 412 1516
7766 4 2 0 0 986 1250 1280 1516
7767 4 2 0 0 1398 234 968 1510
7768 4 2 0 0 1520 1517 1524 1551
7769 4 2 0 0 1510 438 555 991
7770 4 2 0 0 354 107 1257 1502
7771 4 2 0 0 107 337 1257 1507
7772 4 2 0 0 1081 1232 1489 1498
7773 4 2 0 0 372 1583 1584 1576
7774 4 2 0 0 268 415 448 1506
7775 4 2 0 0 415 268 796 1506
7776 4 2 0 0 448 415 543 1506
7777 4 2 0 0 553 597 996 1496
7778 4 2 0 0 625 553 996 1496
7779 4 2 0 0 848 720 1459 1496
7780 4 2 0 0 327 848 1429 1459
7781 4 2 0 0 1459 720 1460 1496
7782 4 2 0 0 720 597 1460 1496
7783 4 2 0 0 327 1459 1460 1496
7784 4 2 0 0 625 848 1429 1496
7785 4 2 0 0 327 848 1496 1429
7786 4 2 0 0 435 652 764 490
7787 4 2 0 0 1272 1464 1498 712
7788 4 2 0 0 1488 1485 1492 1499
7789 4 2 0 0 841 1325 1491 1499
7790 4 2 0 0 1468 1511 1481 1505
7791 4 2 0 0 136 337 1507 1144
7792 4 2 0 0 1485 528 1492 1499
7793 4 2 0 0 528 1485 1491 1499
7794 4 2 0 0 528 1491 1494 1499
7795 4 2 0 0 1492 528 1494 1499
7796 4 2 0 0 1494 1522 1135 1167
7797 4 2 0 0 770 328 434 605
7798 4 2 0 0 1468 1471 1495 1505
7799 4 2 0 0 1505 1082 672 132
7800 4 2 0 0 411 1481 1487 1505
7801 4 2 0 0 132 411 1487 1505
7802 4 2 0 0 411 132 1471 1505
7803 4 2 0 0 764 672 1481 1505
7804 4 2 0 0 1307 1332 1518 1526
7805 4 2 0 0 415 299 543 1504
7806 4 2 0 0 1475 1480 1481 1502
7807 4 2 0 0 1135 608 1491 1512
7808 4 2 0 0 1105 234 1398 1528
7809 4 2 0 0 556 435 1257 1502
7810 4 2 0 0 634 796 1546 1504
7811 4 2 0 0 543 1488 1499 1504
7812 4 2 0 0 299 415 583 1504
7813 4 2 0 0 1469 1475 1481 1502
7814 4 2 0 0 324 609 890 1412
7815 4 2 0 0 619 1512 1155 1514
7816 4 2 0 0 1469 107 1473 1502
7817 4 2 0 0 444 452 1507 1508
7818 4 2 0 0 1469 1473 1475 1502
7819 4 2 0 0 1553 1307 1526 1332
7820 4 2 0 0 1484 841 1491 1552
7821 4 2 0 0 1175 634 1488 1504
7822 4 2 0 0 299 1175 1488 1504
7823 4 2 0 0 634 583 796 1504
7824 4 2 0 0 1541 1338 1559 1568
7825 4 2 0 0 634 1485 1488 1504
7826 4 2 0 0 1488 1485 1499 1504
7827 4 2 0 0 583 634 1175 1504
7828 4 2 0 0 299 583 1175 1504
7829 4 2 0 0 672 132 1487 1505
7830 4 2 0 0 1147 1529 1533 1550
7831 4 2 0 0 373 425 978 1537
7832 4 2 0 0 1325 841 1486 1506
7833 4 2 0 0 841 268 1486 1506
7834 4 2 0 0 697 1325 1486 1506
7835 4 2 0 0 1506 1499 697 1325
7836 4 2 0 0 448 543 697 1506
7837 4 2 0 0 549 869 320 1056
7838 4 2 0 0 867 1506 268 448
7839 4 2 0 0 448 697 867 1506
7840 4 2 0 0 867 697 1486 1506
7841 4 2 0 0 1257 556 1507 1020
7842 4 2 0 0 107 1508 108 444
7843 4 2 0 0 371 1547 1549 1557
7844 4 2 0 0 630 888 1045 1571
7845 4 2 0 0 1135 1491 1494 1512
7846 4 2 0 0 1020 1507 889 556
7847 4 2 0 0 1043 368 301 354
7848 4 2 0 0 452 135 1507 1508
7849 4 2 0 0 750 134 978 1532
7850 4 2 0 0 1389 200 1534 1544
7851 4 2 0 0 1047 1112 865 1525
7852 4 2 0 0 1240 1063 881 1581
7853 4 2 0 0 134 781 1500 1532
7854 4 2 0 0 304 1063 1240 1581
7855 4 2 0 0 1596 413 208 910
7856 4 2 0 0 1508 108 444 1518
7857 4 2 0 0 452 135 1508 1518
7858 4 2 0 0 764 1454 1495 1511
7859 4 2 0 0 764 1495 1505 1511
7860 4 2 0 0 1481 764 1505 1511
7861 4 2 0 0 1511 1495 1468 106
7862 4 2 0 0 1468 1511 1469 1481
7863 4 2 0 0 1500 106 1503 1511
7864 4 2 0 0 1454 1500 1503 1511
7865 4 2 0 0 1495 1454 1503 1511
7866 4 2 0 0 106 1495 1503 1511
7867 4 2 0 0 1469 106 1500 1511
7868 4 2 0 0 1469 1500 1507 1511
7869 4 2 0 0 1047 1242 1520 1137
7870 4 2 0 0 710 420 841 1552
7871 4 2 0 0 1112 1047 1242 1525
7872 4 2 0 0 645 524 1174 1517
7873 4 2 0 0 1167 1135 1512 1514
7874 4 2 0 0 244 472 1289 1523
7875 4 2 0 0 330 410 472 1523
7876 4 2 0 0 410 314 472 1523
7877 4 2 0 0 588 619 1521 1522
7878 4 2 0 0 619 1167 1514 1522
7879 4 2 0 0 1139 1181 1183 1522
7880 4 2 0 0 588 1150 1181 1522
7881 4 2 0 0 1135 1150 1521 1522
7882 4 2 0 0 1190 1564 1403 1401
7883 4 2 0 0 743 380 708 479
7884 4 2 0 0 1135 525 1155 1514
7885 4 2 0 0 1155 525 1158 1514
7886 4 2 0 0 1284 1518 1176 389
7887 4 2 0 0 1508 1262 1332 1518
7888 4 2 0 0 1520 226 1524 1571
7889 4 2 0 0 780 223 1343 1571
7890 4 2 0 0 1297 1303 1307 1518
7891 4 2 0 0 432 1297 1518 1303
7892 4 2 0 0 1418 1453 1458 1516
7893 4 2 0 0 1513 1283 1418 1516
7894 4 2 0 0 1513 1283 105 1418
7895 4 2 0 0 671 1363 1389 1564
7896 4 2 0 0 1343 223 1524 1571
7897 4 2 0 0 1047 226 1520 1571
7898 4 2 0 0 1468 106 1495 1530
7899 4 2 0 0 410 330 663 1523
7900 4 2 0 0 1135 525 1514 1521
7901 4 2 0 0 304 1240 1570 1578
7902 4 2 0 0 864 1216 1567 1574
7903 4 2 0 0 97 864 1225 1574
7904 4 2 0 0 1158 525 1161 1521
7905 4 2 0 0 588 1161 659 615
7906 4 2 0 0 525 1158 1514 1521
7907 4 2 0 0 1493 860 1515 1517
7908 4 2 0 0 1112 1242 1254 1525
7909 4 2 0 0 690 1567 864 726
7910 4 2 0 0 1307 1553 1395 565
7911 4 2 0 0 634 1030 1529 1533
7912 4 2 0 0 1500 105 1501 1519
7913 4 2 0 0 299 583 1319 1539
7914 4 2 0 0 106 105 1500 1519
7915 4 2 0 0 663 1484 1485 1552
7916 4 2 0 0 1485 1484 1491 1552
7917 4 2 0 0 663 1485 1550 1552
7918 4 2 0 0 784 528 1485 1523
7919 4 2 0 0 1423 456 1478 1530
7920 4 2 0 0 175 403 570 66
7921 4 2 0 0 1186 995 1243 516
7922 4 2 0 0 1183 1150 1188 1522
7923 4 2 0 0 1150 1135 1188 1522
7924 4 2 0 0 697 1139 1183 1522
7925 4 2 0 0 697 1135 1139 1522
7926 4 2 0 0 697 1183 1188 1522
7927 4 2 0 0 1135 697 1188 1522
7928 4 2 0 0 381 1517 1520 1551
7929 4 2 0 0 1517 524 1524 1551
7930 4 2 0 0 567 528 784 1523
7931 4 2 0 0 528 567 663 1523
7932 4 2 0 0 1423 1495 1503 1530
7933 4 2 0 0 456 1418 1478 1530
7934 4 2 0 0 259 1147 1238 1533
7935 4 2 0 0 844 1389 1436 1548
7936 4 2 0 0 781 425 1519 1532
7937 4 2 0 0 456 1153 1319 1538
7938 4 2 0 0 1551 1305 1137 1520
7939 4 2 0 0 1519 781 1500 1503
7940 4 2 0 0 425 750 978 1532
7941 4 2 0 0 133 134 1500 1532
7942 4 2 0 0 134 133 978 1532
7943 4 2 0 0 860 1343 223 1524
7944 4 2 0 0 200 524 1120 1544
7945 4 2 0 0 616 860 1509 1524
7946 4 2 0 0 865 1112 1254 1525
7947 4 2 0 0 1174 1436 1493 1543
7948 4 2 0 0 1112 1047 865 1269
7949 4 2 0 0 1444 1597 1380 1556
7950 4 2 0 0 1443 1556 426 245
7951 4 2 0 0 645 1174 1240 1570
7952 4 2 0 0 1420 759 1554 1560
7953 4 2 0 0 1401 1393 1565 1569
7954 4 2 0 0 1420 878 1444 1554
7955 4 2 0 0 759 1373 1380 1554
7956 4 2 0 0 878 1380 1444 1554
7957 4 2 0 0 443 1105 1398 1528
7958 4 2 0 0 1105 443 1120 1528
7959 4 2 0 0 1120 443 1398 1528
7960 4 2 0 0 823 283 363 667
7961 4 2 0 0 1528 1551 1446 524
7962 4 2 0 0 524 1120 1446 1528
7963 4 2 0 0 524 1105 1120 1528
7964 4 2 0 0 780 804 1343 1562
7965 4 2 0 0 1147 330 1238 1529
7966 4 2 0 0 330 248 1238 1529
7967 4 2 0 0 357 1283 456 1319
7968 4 2 0 0 1534 1561 1564 1558
7969 4 2 0 0 1072 1171 1177 1534
7970 4 2 0 0 1285 791 1537 1545
7971 4 2 0 0 248 1030 1238 1529
7972 4 2 0 0 105 1285 1501 1545
7973 4 2 0 0 1119 200 1120 1535
7974 4 2 0 0 1501 1285 1537 1545
7975 4 2 0 0 1285 1283 1539 1545
7976 4 2 0 0 1072 200 1119 1535
7977 4 2 0 0 658 773 1463 1535
7978 4 2 0 0 1120 524 1446 1544
7979 4 2 0 0 1193 1531 1534 1544
7980 4 2 0 0 1193 1534 1535 1544
7981 4 2 0 0 1193 658 1531 1544
7982 4 2 0 0 1538 371 1547 1549
7983 4 2 0 0 1260 307 1578 1587
7984 4 2 0 0 1432 1420 1444 1555
7985 4 2 0 0 1367 3 1559 1560
7986 4 2 0 0 371 1036 1093 1557
7987 4 2 0 0 1556 1443 1569 1393
7988 4 2 0 0 1583 1362 372 1038
7989 4 2 0 0 1193 1171 1534 1561
7990 4 2 0 0 630 1045 1210 1573
7991 4 2 0 0 524 1446 1524 1551
7992 4 2 0 0 634 796 1533 1536
7993 4 2 0 0 1523 634 1529 1550
7994 4 2 0 0 1363 1350 1389 1558
7995 4 2 0 0 259 1536 1147 1533
7996 4 2 0 0 881 873 1598 1601
7997 4 2 0 0 420 1147 1536 1550
7998 4 2 0 0 105 1501 1519 1545
7999 4 2 0 0 425 1519 1537 1545
8000 4 2 0 0 425 1537 1538 1545
8001 4 2 0 0 773 658 1193 1535
8002 4 2 0 0 1519 1501 1537 1545
8003 4 2 0 0 1536 259 1147 1104
8004 4 2 0 0 780 223 1571 1589
8005 4 2 0 0 870 420 1104 1536
8006 4 2 0 0 1159 299 1319 1547
8007 4 2 0 0 796 870 1104 1536
8008 4 2 0 0 259 796 1536 1533
8009 4 2 0 0 796 259 1104 988
8010 4 2 0 0 20 752 360 919
8011 4 2 0 0 1186 995 408 1243
8012 4 2 0 0 972 133 1182 1537
8013 4 2 0 0 791 972 1182 1537
8014 4 2 0 0 791 1182 1285 1537
8015 4 2 0 0 1285 1182 1501 1537
8016 4 2 0 0 1566 1561 1531 1540
8017 4 2 0 0 1332 1452 1526 1553
8018 4 2 0 0 859 1539 1285 1283
8019 4 2 0 0 1499 841 1506 1546
8020 4 2 0 0 1485 1499 1504 1546
8021 4 2 0 0 1504 1499 1506 1546
8022 4 2 0 0 1403 1540 1558 1561
8023 4 2 0 0 1569 550 1401 92
8024 4 2 0 0 343 1171 1193 1561
8025 4 2 0 0 1541 1420 1554 1559
8026 4 2 0 0 316 343 835 1561
8027 4 2 0 0 1389 1363 1558 1564
8028 4 2 0 0 1534 1389 1564 200
8029 4 2 0 0 669 1567 1216 1210
8030 4 2 0 0 835 1561 1562 1566
8031 4 2 0 0 1 419 514 1542
8032 4 2 0 0 1190 1564 1401 1177
8033 4 2 0 0 1558 1403 1561 1564
8034 4 2 0 0 307 98 1578 1587
8035 4 2 0 0 1 1107 1108 1542
8036 4 2 0 0 1 514 1107 1542
8037 4 2 0 0 316 1540 1561 1566
8038 4 2 0 0 1493 99 1509 1543
8039 4 2 0 0 860 1493 1509 1543
8040 4 2 0 0 658 1193 1535 1544
8041 4 2 0 0 1463 658 1535 1544
8042 4 2 0 0 1120 1463 1535 1544
8043 4 2 0 0 1446 658 1463 1544
8044 4 2 0 0 1120 1446 1463 1544
8045 4 2 0 0 456 1283 1418 1545
8046 4 2 0 0 456 1418 1519 1545
8047 4 2 0 0 1283 105 1418 1545
8048 4 2 0 0 1418 105 1519 1545
8049 4 2 0 0 268 841 870 1546
8050 4 2 0 0 796 268 870 1546
8051 4 2 0 0 249 299 1159 1547
8052 4 2 0 0 299 249 762 1547
8053 4 2 0 0 330 1523 1529 1550
8054 4 2 0 0 1147 330 1529 1550
8055 4 2 0 0 663 1485 1523 1550
8056 4 2 0 0 412 1513 1516 1572
8057 4 2 0 0 1106 1350 1363 1558
8058 4 2 0 0 1517 1174 1543 1548
8059 4 2 0 0 524 1517 1543 1548
8060 4 2 0 0 200 844 1136 1548
8061 4 2 0 0 524 200 1136 1548
8062 4 2 0 0 524 1136 1164 1548
8063 4 2 0 0 627 1414 966 611
8064 4 2 0 0 524 1164 1174 1548
8065 4 2 0 0 299 649 791 1549
8066 4 2 0 0 649 299 762 1549
8067 4 2 0 0 1525 223 1585 1586
8068 4 2 0 0 451 671 1393 1579
8069 4 2 0 0 392 604 311 1035
8070 4 2 0 0 1346 439 1268 1294
8071 4 2 0 0 373 371 1538 1549
8072 4 2 0 0 649 727 972 1549
8073 4 2 0 0 791 649 972 1549
8074 4 2 0 0 1105 580 1467 1551
8075 4 2 0 0 1528 1551 1105 1467
8076 4 2 0 0 1551 1528 1446 1467
8077 4 2 0 0 226 1446 1467 1551
8078 4 2 0 0 524 645 1105 1551
8079 4 2 0 0 645 381 803 1551
8080 4 2 0 0 803 1305 1551 381
8081 4 2 0 0 803 580 1105 1551
8082 4 2 0 0 645 803 1105 1551
8083 4 2 0 0 420 663 1550 1552
8084 4 2 0 0 663 710 1484 1552
8085 4 2 0 0 663 420 710 1552
8086 4 2 0 0 1047 1525 1563 1573
8087 4 2 0 0 1501 105 1527 1553
8088 4 2 0 0 514 545 630 1573
8089 4 2 0 0 1452 1501 1527 1553
8090 4 2 0 0 1395 1526 1527 1553
8091 4 2 0 0 1526 1452 1527 1553
8092 4 2 0 0 766 1420 1559 1560
8093 4 2 0 0 1373 1367 1559 1560
8094 4 2 0 0 92 426 1401 1569
8095 4 2 0 0 766 759 1420 1560
8096 4 2 0 0 1048 371 1093 1557
8097 4 2 0 0 249 1048 1179 1557
8098 4 2 0 0 1432 1447 1541 1555
8099 4 2 0 0 1420 1432 1541 1555
8100 4 2 0 0 1447 1338 1541 1555
8101 4 2 0 0 1338 1447 1450 1555
8102 4 2 0 0 762 249 1179 1557
8103 4 2 0 0 1557 292 1048 1179
8104 4 2 0 0 1174 645 1517 1570
8105 4 2 0 0 245 426 1432 1556
8106 4 2 0 0 1154 373 1549 1557
8107 4 2 0 0 1225 864 1567 1574
8108 4 2 0 0 865 1047 1563 1567
8109 4 2 0 0 1543 1558 1531 1389
8110 4 2 0 0 1531 1509 1540 1558
8111 4 2 0 0 1350 99 1389 1558
8112 4 2 0 0 1389 99 1509 1558
8113 4 2 0 0 343 835 1561 1562
8114 4 2 0 0 835 343 838 1562
8115 4 2 0 0 864 97 1216 1574
8116 4 2 0 0 1106 1403 1540 1558
8117 4 2 0 0 99 1106 1540 1558
8118 4 2 0 0 804 1193 1343 1562
8119 4 2 0 0 1106 99 1350 1558
8120 4 2 0 0 1509 99 1540 1558
8121 4 2 0 0 1171 1177 1534 1561
8122 4 2 0 0 1171 343 1177 1561
8123 4 2 0 0 1525 223 1571 1585
8124 4 2 0 0 1531 1193 1534 1561
8125 4 2 0 0 1531 1534 1558 1561
8126 4 2 0 0 1540 1531 1558 1561
8127 4 2 0 0 1190 316 1403 1561
8128 4 2 0 0 1190 1561 1564 1177
8129 4 2 0 0 1554 1450 1555 1568
8130 4 2 0 0 241 865 1525 1563
8131 4 2 0 0 865 1047 1525 1563
8132 4 2 0 0 1395 105 1513 1572
8133 4 2 0 0 1403 316 1540 1561
8134 4 2 0 0 643 565 1395 1572
8135 4 2 0 0 343 804 838 1562
8136 4 2 0 0 91 825 838 1562
8137 4 2 0 0 1571 1047 1045 1573
8138 4 2 0 0 1107 1108 1542 1563
8139 4 2 0 0 307 1260 1318 1587
8140 4 2 0 0 865 241 1225 1563
8141 4 2 0 0 241 1108 1225 1563
8142 4 2 0 0 1108 1107 1225 1563
8143 4 2 0 0 449 573 1149 932
8144 4 2 0 0 550 1569 1401 1565
8145 4 2 0 0 1106 1403 1564 1565
8146 4 2 0 0 550 1569 1565 1441
8147 4 2 0 0 614 381 1570 1578
8148 4 2 0 0 307 381 1260 1578
8149 4 2 0 0 1578 1260 1587 1593
8150 4 2 0 0 1240 614 1578 1593
8151 4 2 0 0 1567 669 1146 1210
8152 4 2 0 0 1047 1146 1210 1567
8153 4 2 0 0 514 630 1275 1567
8154 4 2 0 0 1269 1567 865 350
8155 4 2 0 0 350 864 1146 1567
8156 4 2 0 0 1047 350 1146 1567
8157 4 2 0 0 1350 1106 1363 1577
8158 4 2 0 0 864 865 1225 1567
8159 4 2 0 0 1216 514 1275 1567
8160 4 2 0 0 864 350 865 1567
8161 4 2 0 0 577 881 1581 1593
8162 4 2 0 0 153 934 1595 1598
8163 4 2 0 0 1595 881 1598 1596
8164 4 2 0 0 1240 903 614 1593
8165 4 2 0 0 214 1384 1575 1576
8166 4 2 0 0 1581 1578 1587 1593
8167 4 2 0 0 426 92 1447 1569
8168 4 2 0 0 352 881 903 1593
8169 4 2 0 0 577 1581 1587 1593
8170 4 2 0 0 1174 1215 1240 1570
8171 4 2 0 0 304 1493 1515 1570
8172 4 2 0 0 1384 1393 1569 1579
8173 4 2 0 0 304 1215 1493 1570
8174 4 2 0 0 1575 1441 1577 1579
8175 4 2 0 0 1107 97 1225 1574
8176 4 2 0 0 514 1563 1567 1574
8177 4 2 0 0 630 804 1571 545
8178 4 2 0 0 1216 514 1567 1574
8179 4 2 0 0 1047 1520 1525 1571
8180 4 2 0 0 516 1259 310 677
8181 4 2 0 0 1240 881 1593 1581
8182 4 2 0 0 514 1107 1563 1574
8183 4 2 0 0 1563 1225 1567 1574
8184 4 2 0 0 545 780 804 1571
8185 4 2 0 0 1500 889 1507 556
8186 4 2 0 0 1107 1225 1563 1574
8187 4 2 0 0 1063 881 1581 1590
8188 4 2 0 0 601 427 1146 669
8189 4 2 0 0 1326 1063 1581 1590
8190 4 2 0 0 1063 76 1172 1590
8191 4 2 0 0 1282 1291 1578 1587
8192 4 2 0 0 1362 1350 1363 1575
8193 4 2 0 0 1363 1106 1565 1577
8194 4 2 0 0 1380 1384 1556 1597
8195 4 2 0 0 1240 614 1570 1578
8196 4 2 0 0 1384 1362 1575 1576
8197 4 2 0 0 1362 1583 372 1576
8198 4 2 0 0 1362 372 1575 1576
8199 4 2 0 0 1106 1403 1565 1577
8200 4 2 0 0 550 1441 1565 1577
8201 4 2 0 0 1403 550 1565 1577
8202 4 2 0 0 1335 1077 1380 1583
8203 4 2 0 0 1588 1525 1586 1571
8204 4 2 0 0 1570 304 1578 1582
8205 4 2 0 0 1254 381 1578 1582
8206 4 2 0 0 1254 98 1580 1582
8207 4 2 0 0 381 307 1254 1578
8208 4 2 0 0 881 577 1581 1600
8209 4 2 0 0 1542 1563 1586 1588
8210 4 2 0 0 1571 223 1586 1588
8211 4 2 0 0 372 1583 1038 1584
8212 4 2 0 0 136 303 452 1144
8213 4 2 0 0 1326 881 1601 1590
8214 4 2 0 0 881 1063 1172 1590
8215 4 2 0 0 1389 1534 1564 1558
8216 4 2 0 0 307 98 1254 1578
8217 4 2 0 0 76 733 1172 1590
8218 4 2 0 0 98 1254 1578 1582
8219 4 2 0 0 98 241 1254 1580
8220 4 2 0 0 1063 1291 1326 1581
8221 4 2 0 0 1063 304 1291 1581
8222 4 2 0 0 381 1570 1578 1582
8223 4 2 0 0 381 1254 1520 1582
8224 4 2 0 0 1520 1254 1580 1582
8225 4 2 0 0 1515 1517 1580 1582
8226 4 2 0 0 1517 1515 1570 1582
8227 4 2 0 0 381 1517 1570 1582
8228 4 2 0 0 1517 1520 1580 1582
8229 4 2 0 0 1517 381 1520 1582
8230 4 2 0 0 1576 876 1583 1584
8231 4 2 0 0 1172 881 1590 1601
8232 4 2 0 0 1524 1520 1571 1585
8233 4 2 0 0 223 1524 1571 1585
8234 4 2 0 0 1525 1520 1580 1585
8235 4 2 0 0 1520 1525 1571 1585
8236 4 2 0 0 98 1282 1578 1587
8237 4 2 0 0 1588 1525 1563 1586
8238 4 2 0 0 819 257 281 454
8239 4 2 0 0 241 1525 1580 1586
8240 4 2 0 0 1525 241 1580 1254
8241 4 2 0 0 1525 223 1586 1571
8242 4 2 0 0 1580 1525 1585 1586
8243 4 2 0 0 1578 1291 1581 1587
8244 4 2 0 0 1599 1326 1600 1601
8245 4 2 0 0 1326 298 1599 1600
8246 4 2 0 0 903 208 910 1596
8247 4 2 0 0 1282 298 1291 1587
8248 4 2 0 0 545 419 780 1589
8249 4 2 0 0 419 1573 1542 1589
8250 4 2 0 0 419 1573 545 514
8251 4 2 0 0 1573 419 1542 514
8252 4 2 0 0 298 1326 1581 1600
8253 4 2 0 0 1581 577 1587 1600
8254 4 2 0 0 92 1447 1569 1592
8255 4 2 0 0 1441 92 1569 1592
8256 4 2 0 0 1575 1441 1579 1592
8257 4 2 0 0 1441 1569 1579 1592
8258 4 2 0 0 1384 214 1575 1592
8259 4 2 0 0 1384 1575 1579 1592
8260 4 2 0 0 1318 1260 1419 1593
8261 4 2 0 0 1240 903 1593 352
8262 4 2 0 0 1240 881 352 1593
8263 4 2 0 0 1246 1392 1368 239
8264 4 2 0 0 577 1318 1419 1593
8265 4 2 0 0 1318 577 1587 1593
8266 4 2 0 0 1556 1384 1569 1597
8267 4 2 0 0 873 881 1172 1601
8268 4 2 0 0 418 1372 1096 584
8269 4 2 0 0 352 881 905 1596
8270 4 2 0 0 881 352 903 1596
8271 4 2 0 0 15 352 905 1596
8272 4 2 0 0 352 1596 208 903
8273 4 2 0 0 183 1194 416 1058
8274 4 2 0 0 413 934 1419 1596
8275 4 2 0 0 934 413 984 1596
8276 4 2 0 0 873 1591 1598 1601
8277 4 2 0 0 934 577 1419 1596
8278 4 2 0 0 15 873 984 1596
8279 4 2 0 0 984 873 1595 1596
8280 4 2 0 0 873 15 905 1596
8281 4 2 0 0 413 1596 208 984
8282 4 2 0 0 579 1365 119 174
8283 4 2 0 0 607 163 1168 1212
8284 4 2 0 0 873 1591 1594 1598
8285 4 2 0 0 873 1594 1595 1598
8286 4 2 0 0 1594 153 1595 1598
8287 4 2 0 0 388 1214 982 263
8288 4 2 0 0 331 685 1059 540
8289 4 2 0 0 918 983 537 404
8290 4 2 0 0 733 1590 1599 1601
8291 4 2 0 0 1591 4 1599 1601
8292 4 2 0 0 4 733 1599 1601
8293 4 2 0 0 1590 1326 1599 1601
8294 4 2 0 0 1598 1591 1600 1601
8295 4 2 0 0 1591 1599 1600 1601
$EndElements
