$MeshFormat
2.2 0 8
$EndMeshFormat
$Nodes
488
1 1.0000000000000000e+00 1.0000000000000000e+00 1.0000000000000000e+00
2 -1.0000000000000000e+00 1.0000000000000000e+00 1.0000000000000000e+00
3 -1.0000000000000000e+00 -1.0000000000000000e+00 1.0000000000000000e+00
4 1.0000000000000000e+00 -1.0000000000000000e+00 1.0000000000000000e+00
5 5.5931657552719116e-02 -1.0000000000000000e+00 5.5931657552719116e-02
6 -5.5931657552719116e-02 -1.0000000000000000e+00 5.5931657552719116e-02
7 -5.5931657552719116e-02 -3.5685473680496216e-01 5.5931657552719116e-02
8 5.5931657552719116e-02 -3.5685473680496216e-01 5.5931657552719116e-02
9 -1.0000000000000000e+00 -1.0000000000000000e+00 -1.0000000000000000e+00
10 -1.0000000000000000e+00 1.0000000000000000e+00 -1.0000000000000000e+00
11 1.0000000000000000e+00 1.0000000000000000e+00 -1.0000000000000000e+00
12 1.0000000000000000e+00 -1.0000000000000000e+00 -1.0000000000000000e+00
13 -3.2162803411483765e-01 -1.0000000000000000e+00 -3.2162803411483765e-01
14 -3.2162803411483765e-01 -1.0000000000000000e+00 3.2162803411483765e-01
15 3.2162803411483765e-01 -1.0000000000000000e+00 3.2162803411483765e-01
16 3.2162803411483765e-01 -1.0000000000000000e+00 -3.2162803411483765e-01
17 -5.5931657552719116e-02 -1.0000000000000000e+00 -5.5931657552719116e-02
18 5.5931657552719116e-02 -1.0000000000000000e+00 -5.5931657552719116e-02
19 -5.5931657552719116e-02 -3.5685473680496216e-01 -5.5931657552719116e-02
20 5.5931657552719116e-02 -3.5685473680496216e-01 -5.5931657552719116e-02
21 5.5931657552719116e-02 -2.6718997955322266e-01 -5.5931657552719116e-02
22 -5.5931657552719116e-02 -2.6718997955322266e-01 -5.5931657552719116e-02
23 5.5931657552719116e-02 -2.6718997955322266e-01 5.5931657552719116e-02
24 -5.5931657552719116e-02 -2.6718997955322266e-01 5.5931657552719116e-02
25 -1.1604979634284973e-01 -2.6718997955322266e-01 5.5931657552719116e-02
26 -1.1604979634284973e-01 -2.6718997955322266e-01 -5.5931657552719116e-02
27 -1.1604979634284973e-01 -3.5685473680496216e-01 -5.5931657552719116e-02
28 -1.5863315761089325e-01 -2.6718997955322266e-01 -5.5931657552719116e-02
29 -1.5863315761089325e-01 -3.5685473680496216e-01 -5.5931657552719116e-02
30 -1.1604979634284973e-01 -3.5685473680496216e-01 5.5931657552719116e-02
31 -1.5863315761089325e-01 -3.5685473680496216e-01 5.5931657552719116e-02
32 -1.5863315761089325e-01 -2.6718997955322266e-01 5.5931657552719116e-02
33 -1.5863315761089325e-01 1.5582275390625000e-01 -5.5931657552719116e-02
34 -1.5863315761089325e-01 1.5582275390625000e-01 5.5931657552719116e-02
35 -1.1604979634284973e-01 1.5582275390625000e-01 -5.5931657552719116e-02
36 -1.1604979634284973e-01 1.7983938753604889e-01 -5.5931657552719116e-02
37 -1.5863315761089325e-01 1.7983938753604889e-01 -5.5931657552719116e-02
38 -1.1604979634284973e-01 1.5582275390625000e-01 5.5931657552719116e-02
39 -1.1604979634284973e-01 1.7983938753604889e-01 5.5931657552719116e-02
40 -1.5863315761089325e-01 1.7983938753604889e-01 5.5931657552719116e-02
41 1.8522965908050537e-01 1.7983938753604889e-01 -5.5931657552719116e-02
42 1.8522965908050537e-01 1.7983938753604889e-01 5.5931657552719116e-02
43 1.8522965908050537e-01 1.5582275390625000e-01 5.5931657552719116e-02
44 2.3024478554725647e-01 1.7983938753604889e-01 5.5931657552719116e-02
45 2.3024478554725647e-01 1.5582275390625000e-01 5.5931657552719116e-02
46 1.8522965908050537e-01 1.5582275390625000e-01 -5.5931657552719116e-02
47 2.3024478554725647e-01 1.5582275390625000e-01 -5.5931657552719116e-02
48 2.3024478554725647e-01 1.7983938753604889e-01 -5.5931657552719116e-02
49 2.3024478554725647e-01 4.9041491746902466e-01 -5.5931657552719116e-02
50 1.8522965908050537e-01 4.9041491746902466e-01 -5.5931657552719116e-02
51 2.3024478554725647e-01 5.3133881092071533e-01 -5.5931657552719116e-02
52 1.8522965908050537e-01 5.3133881092071533e-01 -5.5931657552719116e-02
53 1.8522965908050537e-01 4.9041491746902466e-01 5.5931657552719116e-02
54 2.3024478554725647e-01 4.9041491746902466e-01 5.5931657552719116e-02
55 1.8522965908050537e-01 5.3133881092071533e-01 5.5931657552719116e-02
56 2.3024478554725647e-01 5.3133881092071533e-01 5.5931657552719116e-02
57 -8.3275079727172852e-02 5.3133881092071533e-01 5.5931657552719116e-02
58 -8.3275079727172852e-02 5.3133881092071533e-01 -5.5931657552719116e-02
59 -8.3275079727172852e-02 4.9041491746902466e-01 -5.5931657552719116e-02
60 -1.1496636271476746e-01 5.3133881092071533e-01 -5.5931657552719116e-02
61 -1.1496636271476746e-01 4.9041491746902466e-01 -5.5931657552719116e-02
62 -8.3275079727172852e-02 4.9041491746902466e-01 5.5931657552719116e-02
63 -1.1496636271476746e-01 4.9041491746902466e-01 5.5931657552719116e-02
64 -1.1496636271476746e-01 5.3133881092071533e-01 5.5931657552719116e-02
65 -1.1496636271476746e-01 4.1364550590515137e-01 -5.5931657552719116e-02
66 -8.3275079727172852e-02 4.1364550590515137e-01 -5.5931657552719116e-02
67 -1.1496636271476746e-01 2.1710336208343506e-01 -5.5931657552719116e-02
68 -8.3275079727172852e-02 2.1710336208343506e-01 -5.5931657552719116e-02
69 -8.3275079727172852e-02 4.1364550590515137e-01 5.5931657552719116e-02
70 -1.1496636271476746e-01 4.1364550590515137e-01 5.5931657552719116e-02
71 -8.3275079727172852e-02 2.1710336208343506e-01 5.5931657552719116e-02
72 -1.1496636271476746e-01 2.1710336208343506e-01 5.5931657552719116e-02
73 3.4589931368827820e-02 1.7983938753604889e-01 5.5931657552719116e-02
74 -4.0729932487010956e-02 1.7983938753604889e-01 5.5931657552719116e-02
75 -7.8389864414930344e-02 1.7983938753604889e-01 5.5931657552719116e-02
76 3.2162803411483765e-01 -1.0000000000000000e+00 1.0000000000000000e+00
77 3.4589931368827820e-02 1.5582275390625000e-01 5.5931657552719116e-02
78 -4.0729932487010956e-02 1.5582275390625000e-01 5.5931657552719116e-02
79 -7.8389864414930344e-02 1.5582275390625000e-01 5.5931657552719116e-02
80 3.4589931368827820e-02 1.5582275390625000e-01 -5.5931657552719116e-02
81 3.2162803411483765e-01 -1.0000000000000000e+00 -1.0000000000000000e+00
82 3.4589931368827820e-02 1.7983938753604889e-01 -5.5931657552719116e-02
83 -4.0729932487010956e-02 1.7983938753604889e-01 -5.5931657552719116e-02
84 -7.8389864414930344e-02 1.7983938753604889e-01 -5.5931657552719116e-02
85 -4.0729932487010956e-02 1.5582275390625000e-01 -5.5931657552719116e-02
86 -7.8389864414930344e-02 1.5582275390625000e-01 -5.5931657552719116e-02
87 1.0000000000000000e+00 -1.0000000000000000e+00 -3.2162803411483765e-01
88 1.0000000000000000e+00 1.0000000000000000e+00 -5.5931657552719116e-02
89 -1.0000000000000000e+00 -1.0000000000000000e+00 -3.2162803411483765e-01
90 -1.0000000000000000e+00 1.0000000000000000e+00 0.0000000000000000e+00
91 0.0000000000000000e+00 1.0000000000000000e+00 1.0000000000000000e+00
92 -1.0000000000000000e+00 0.0000000000000000e+00 1.0000000000000000e+00
93 -1.0000000000000000e+00 0.0000000000000000e+00 -1.0000000000000000e+00
94 -1.0000000000000000e+00 1.5582275390625000e-01 -5.5931657552719116e-02
95 0.0000000000000000e+00 1.0000000000000000e+00 -1.0000000000000000e+00
96 -8.3275079727172852e-02 1.0000000000000000e+00 5.5931657552719116e-02
97 1.0000000000000000e+00 1.0000000000000000e+00 4.7203417122364044e-01
98 1.0000000000000000e+00 0.0000000000000000e+00 1.0000000000000000e+00
99 0.0000000000000000e+00 0.0000000000000000e+00 1.0000000000000000e+00
100 1.0000000000000000e+00 0.0000000000000000e+00 -1.0000000000000000e+00
101 0.0000000000000000e+00 0.0000000000000000e+00 -1.0000000000000000e+00
102 1.0000000000000000e+00 1.5582275390625000e-01 5.5931657552719116e-02
103 4.7984666459843173e-01 1.0000000000000000e+00 2.0805125683546066e-01
104 3.5304664320746154e-01 1.0000000000000000e+00 -4.4090776585715052e-01
105 -1.1604979634284973e-01 -5.5683612823486328e-02 -5.5931657552719116e-02
106 -1.5863315761089325e-01 -5.5683612823486328e-02 -5.5931657552719116e-02
107 -1.5863315761089325e-01 -5.5683612823486328e-02 5.5931657552719116e-02
108 -1.1604979634284973e-01 -5.5683612823486328e-02 5.5931657552719116e-02
109 2.3024478554725647e-01 3.3512715250253677e-01 -5.5931657552719116e-02
110 1.8522965908050537e-01 3.3512715250253677e-01 -5.5931657552719116e-02
111 1.8522965908050537e-01 3.3512715250253677e-01 5.5931657552719116e-02
112 2.3024478554725647e-01 3.3512715250253677e-01 5.5931657552719116e-02
113 5.0977289676666260e-02 4.9041491746902466e-01 5.5931657552719116e-02
114 5.0977289676666260e-02 4.9041491746902466e-01 -5.5931657552719116e-02
115 5.0977289676666260e-02 5.3133881092071533e-01 -5.5931657552719116e-02
116 5.0977289676666260e-02 5.3133881092071533e-01 5.5931657552719116e-02
117 1.0990979522466660e-01 1.7983938753604889e-01 5.5931657552719116e-02
118 1.0990979522466660e-01 1.5582275390625000e-01 5.5931657552719116e-02
119 -1.1496636271476746e-01 3.1537443399429321e-01 -5.5931657552719116e-02
120 -8.3275079727172852e-02 3.1537443399429321e-01 -5.5931657552719116e-02
121 -8.3275079727172852e-02 3.1537443399429321e-01 5.5931657552719116e-02
122 -1.1496636271476746e-01 3.1537443399429321e-01 5.5931657552719116e-02
123 1.0990979522466660e-01 1.5582275390625000e-01 -5.5931657552719116e-02
124 1.0990979522466660e-01 1.7983938753604889e-01 -5.5931657552719116e-02
125 -5.5931657552719116e-02 -6.7842736840248108e-01 5.5931657552719116e-02
126 5.5931657552719116e-02 -6.7842736840248108e-01 5.5931657552719116e-02
127 5.5931657552719116e-02 -6.7842736840248108e-01 -5.5931657552719116e-02
128 -5.5931657552719116e-02 -6.7842736840248108e-01 -5.5931657552719116e-02
129 3.7755969166755676e-01 -1.0000000000000000e+00 0.0000000000000000e+00
130 0.0000000000000000e+00 -1.0000000000000000e+00 -3.7755969166755676e-01
131 -1.1604979634284973e-01 5.0069570541381836e-02 -5.5931657552719116e-02
132 -1.5863315761089325e-01 5.0069570541381836e-02 -5.5931657552719116e-02
133 -1.1604979634284973e-01 -1.6143679618835449e-01 -5.5931657552719116e-02
134 -1.5863315761089325e-01 -1.6143679618835449e-01 -5.5931657552719116e-02
135 -1.1604979634284973e-01 -1.6143679618835449e-01 5.5931657552719116e-02
136 -1.5863315761089325e-01 -1.6143679618835449e-01 5.5931657552719116e-02
137 -1.5863315761089325e-01 5.0069570541381836e-02 5.5931657552719116e-02
138 -1.1604979634284973e-01 5.0069570541381836e-02 5.5931657552719116e-02
139 -1.5863315761089325e-01 1.7983938753604889e-01 0.0000000000000000e+00
140 2.3024478554725647e-01 1.5582275390625000e-01 0.0000000000000000e+00
141 5.0000000000000000e-01 5.0000000000000000e-01 1.0000000000000000e+00
142 5.0000000000000000e-01 5.0000000000000000e-01 -1.0000000000000000e+00
143 -1.1604979634284973e-01 1.5582275390625000e-01 0.0000000000000000e+00
144 6.2925282948573369e-01 9.0796724881183483e-02 -6.3454378345980000e-02
145 -7.3493571667365420e-02 1.7168824075252176e-01 5.5357116221652791e-01
146 -1.9742325064656865e-01 1.0000000000000000e+00 -4.8432006813090256e-01
147 0.0000000000000000e+00 5.0000000000000000e-01 -1.0000000000000000e+00
148 -1.0000000000000000e+00 1.0000000000000000e+00 5.0000000000000000e-01
149 9.4564225789229517e-02 1.0000000000000000e+00 5.1595164253183634e-01
150 -1.0988126120352869e-01 2.0521851293727808e-01 -4.8369473205950075e-01
151 4.7629892334093211e-02 3.7195059354157151e-01 -2.6512099474297524e-01
152 5.5931657552719116e-02 -8.3921368420124054e-01 5.5931657552719116e-02
153 -5.5931657552719116e-02 -8.3921368420124054e-01 5.5931657552719116e-02
154 -5.5931657552719116e-02 -8.3921368420124054e-01 -5.5931657552719116e-02
155 5.5931657552719116e-02 -8.3921368420124054e-01 -5.5931657552719116e-02
156 -3.3918598294258118e-01 -1.0000000000000000e+00 1.0000000000000000e+00
157 4.3095463765741436e-02 -3.8896918054108207e-02 4.9071102290706246e-03
158 5.0000000000000000e-01 0.0000000000000000e+00 1.0000000000000000e+00
159 3.8870499794744595e-01 1.6425362268875957e-01 -6.3175809728882792e-03
160 6.1585126184177025e-02 1.0000000000000000e+00 -2.5686029761252105e-01
161 -9.8532113749982657e-04 -1.1059914071973423e-01 3.9199789969883558e-01
162 0.0000000000000000e+00 -1.0000000000000000e+00 6.6081401705741882e-01
163 0.0000000000000000e+00 -1.0000000000000000e+00 3.5578692099635378e-01
164 2.0985404306166494e-01 2.6114772741534220e-01 -2.2046181176627963e-01
165 5.0000000000000000e-01 -3.9090827910686876e-01 -1.0000000000000000e+00
166 -1.6603798160226951e-01 1.0762337781678145e-01 -2.5498952271584635e-01
167 -3.3918598294258118e-01 -1.0000000000000000e+00 -1.0000000000000000e+00
168 1.4304142463257327e-01 6.8856179048065358e-01 -3.9648494711476179e-01
169 -1.0000000000000000e+00 -1.0000000000000000e+00 3.3918598294258118e-01
170 -5.0000000000000000e-01 -3.8793057404107190e-01 -1.0000000000000000e+00
171 -5.5256194415342907e-04 -5.7498580468857963e-01 -1.0000000000000000e+00
172 -1.1341260522691508e-01 2.2098895330494100e-01 2.5449390283117729e-01
173 5.8013305179872417e-02 5.8552185192643336e-01 4.6491693995046823e-01
174 1.0000000000000000e+00 -3.3100208529418551e-01 -4.1169123014316233e-01
175 -7.1029861612225881e-02 4.0984138028351474e-01 3.3125700147273146e-01
176 -9.1423155389535021e-02 3.8618941119636685e-01 1.9134309196093957e-01
177 2.4635736894028040e-01 4.9142779963325528e-01 -2.0638704071708369e-01
178 1.1546648350757428e-01 5.2129760235111477e-01 -1.4442427059448415e-01
179 1.3020955707253165e-01 1.3934303215958010e-01 -1.7602770103747539e-01
180 -8.6218491731334168e-02 8.6632241648266106e-02 1.8361791671890237e-01
181 8.3974223930184652e-02 4.7816467077671526e-01 2.3988417650222935e-01
182 -1.0000000000000000e+00 5.0000000000000000e-01 -1.0000000000000000e+00
183 -1.0000000000000000e+00 1.0000000000000000e+00 -5.0000000000000000e-01
184 2.0679881250201208e-03 1.6633230014444433e-01 -2.0007796724529880e-01
185 2.6539760571348114e-02 7.0273902504508143e-03 1.4455491399751114e-01
186 1.0000000000000000e+00 -1.0000000000000000e+00 3.3918598294258118e-01
187 -7.8470505963868439e-02 -1.9836620008071010e-01 1.8719384221441812e-01
188 -1.5365072426093299e-01 -1.1525722587847288e-01 -2.4442189481900362e-01
189 -1.0000000000000000e+00 5.5949452241408371e-01 2.5000000000000000e-01
190 1.4064275160483264e-01 2.5757687526010825e-01 2.6179015283994750e-01
191 -8.7789744138717651e-03 -5.5454586044656562e-01 1.0000000000000000e+00
192 -1.1100198326289121e-01 2.0452655590237415e-01 -1.5025294844960460e-01
193 -1.1004066347777672e-01 3.4108154497499615e-01 -2.0436408204689799e-01
194 -4.1127572769206339e-01 2.8069077474177911e-01 -2.7219367618892698e-01
195 -2.1262231551330443e-01 8.0898697016773338e-03 2.9882640086120482e-01
196 -2.3154916354655102e-02 6.9285658285439769e-02 1.4347354884444656e-02
197 -4.8237816058081989e-01 5.6176404532424395e-01 7.1836093883006588e-02
198 -1.8251299732278653e-02 7.3637051675117671e-01 -1.6228341601242741e-01
199 1.8689737148649160e-01 7.3091251150058967e-01 -1.3141362649602364e-01
200 2.3166073312611629e-01 -3.3038225695373419e-01 -5.4348619518248742e-01
201 -2.2395824649522655e-01 4.3382226249554950e-01 -2.5785084625229118e-02
202 -2.7603073686822877e-01 1.5367897932470420e-01 1.7404440545228009e-01
203 3.4890767025587271e-01 -6.7483923166218068e-02 -1.3501812511302915e-02
204 -1.0000000000000000e+00 7.3904628657132862e-02 4.7144289947870799e-01
205 5.1791302706596584e-02 1.5214110130019859e-01 -1.1762384498449779e-01
206 1.0000000000000000e+00 5.0000000000000000e-01 1.0000000000000000e+00
207 2.2784128264088932e-01 -7.8587982133644352e-01 -1.7679663742212842e-02
208 1.6570410234117219e-01 -3.4206700449950611e-02 -1.3521353268573835e-01
209 2.3084391612018407e-01 1.0000000000000000e+00 1.1466636673508349e-02
210 1.0000000000000000e+00 5.0000000000000000e-01 -1.0000000000000000e+00
211 -1.0661389524616899e-01 2.7778038430686824e-01 -1.3211426511874397e-01
212 -5.3191042898794505e-01 1.0000000000000000e+00 -1.3146239724308800e-01
213 1.0000000000000000e+00 4.7405339820221909e-01 4.7468710291452260e-01
214 -6.0996095285751686e-02 7.2954336833702893e-01 1.2708993707642053e-02
215 -2.7577812956243813e-01 5.6579024295413638e-01 -5.0941089361833036e-01
216 -2.4743377279919897e-03 -7.6562494271014314e-01 -2.1075789631086098e-01
217 -5.0000000000000000e-01 5.0000000000000000e-01 1.0000000000000000e+00
218 -1.0000000000000000e+00 -4.6750273392182418e-01 8.7789744138717651e-03
219 -1.8896361862654604e-01 1.6422859070788332e-01 1.6590165907086710e-01
220 -2.9296952467535586e-01 2.5935374737753220e-01 1.3217833500212729e-02
221 1.9813893863241802e-01 -5.3838899346491768e-02 1.9811083368338082e-02
222 -1.3133721717271807e-01 1.6630905294116702e-01 -9.7304231266226129e-02
223 -1.1841216882994850e-01 -5.0939592735350114e-01 -4.5057188024074291e-01
224 2.1566568893518315e-01 5.0888157552518909e-01 -1.0504355473067048e-01
225 1.1155515610863917e-01 4.9062718156571222e-01 1.1453762712770417e-01
226 2.3024478554725647e-01 4.1277103498578072e-01 -5.5931657552719116e-02
227 1.8522965908050537e-01 4.1277103498578072e-01 -5.5931657552719116e-02
228 1.9068170285366101e-01 1.3110003895822883e-01 1.8365947164007310e-01
229 1.8654101146963967e-01 -4.9996766938165210e-01 1.1303034488604115e-02
230 1.5259474238346504e-01 1.8318436790761972e-01 -1.0103449730586105e-01
231 -9.1581094025413048e-02 5.1394830594024010e-01 1.7668574776194595e-01
232 1.0000000000000000e+00 5.2382311547607818e-01 -4.0817742238958776e-01
233 -1.0948091415457384e-01 -9.6165066208184075e-02 1.4430896584806502e-01
234 7.2249863296747208e-02 1.5582275390625000e-01 -5.5931657552719116e-02
235 7.2249863296747208e-02 1.7983938753604889e-01 -5.5931657552719116e-02
236 1.4728511734620989e-01 7.9112305065627042e-01 5.0954224769411569e-02
237 4.1595295727894116e-01 -1.6129344572205764e-01 3.8413912119015853e-01
238 5.6189177337985674e-01 6.6127549624455251e-01 -2.7296810020879253e-01
239 -5.5931657552719116e-02 -5.1764105260372162e-01 5.5931657552719116e-02
240 5.5931657552719116e-02 -5.1764105260372162e-01 5.5931657552719116e-02
241 5.5931657552719116e-02 -5.1764105260372162e-01 -5.5931657552719116e-02
242 -5.5931657552719116e-02 -5.1764105260372162e-01 -5.5931657552719116e-02
243 5.9006476793740670e-01 3.9185150357667270e-01 3.3372201933948492e-01
244 -1.5147137599531643e-01 5.1417789897708466e-01 1.1952133373655143e-02
245 1.0324401000738515e-01 9.9214695880225051e-02 -8.6140458832737847e-03
246 -1.9046375414079703e-01 2.4945868888820000e-01 -1.7345828277501588e-01
247 2.3024478554725647e-01 2.5748327001929283e-01 -5.5931657552719116e-02
248 1.8522965908050537e-01 2.5748327001929283e-01 -5.5931657552719116e-02
249 6.6081401705741882e-01 -1.0000000000000000e+00 -2.1493572673436306e-01
250 1.9093764599599164e-01 2.6806890194923860e-01 -1.1620936727418743e-01
251 -1.1604979634284973e-01 8.8155353015731602e-02 0.0000000000000000e+00
252 -1.0217598401121791e-01 1.8785489254773746e-01 1.3544556204507879e-01
253 -1.4410790710304514e-01 -2.1855076558226158e-01 1.1924771937639587e-01
254 2.9129062468627304e-01 1.9085461607488013e-01 -1.6289813620197151e-02
255 -3.4854480708273872e-01 -1.3618548522817328e-01 1.5827769037508127e-01
256 -1.8283968695903435e-01 5.1160451486504588e-01 1.0677558255126694e-01
257 4.0659122367716244e-01 3.9834960317043838e-01 -1.7943946961054075e-01
258 -3.0784117600656558e-01 -7.4212221244682319e-01 4.6747319929929682e-01
259 -5.4736736236585171e-01 6.4507706231490192e-01 -2.5420652605167482e-01
260 -1.4067971084616299e-01 -4.0078860472338000e-04 -1.3608524262826177e-01
261 3.9583722867782961e-01 3.9777861764587663e-01 -1.4714195734277923e-02
262 -9.8537227158717072e-02 3.5281731679031708e-01 -1.0308172824217678e-01
263 1.8921340289314012e-01 6.3558242525933750e-01 1.6988668036732385e-01
264 2.1730335584434304e-01 1.7687885458378474e-01 -1.5009170891786877e-01
265 -6.6081401705741882e-01 -1.0000000000000000e+00 0.0000000000000000e+00
266 -3.5578692099635378e-01 -1.0000000000000000e+00 0.0000000000000000e+00
267 -6.5615590707160720e-02 1.7878151063512715e-01 -9.4573168012790476e-02
268 -1.5409411330865400e-01 3.8943292860769710e-02 1.3073080305070114e-01
269 -3.6835789674162733e-01 3.2056240084974981e-04 -8.8387439289805109e-02
270 -1.0000000000000000e+00 5.0000000000000000e-01 1.0000000000000000e+00
271 -5.0000000000000000e-01 0.0000000000000000e+00 1.0000000000000000e+00
272 -4.3166137838541074e-01 -6.4394045137677070e-01 -3.0286686415092273e-01
273 -1.0546547543697178e-01 1.1201543055504237e-01 8.6155957559209934e-02
274 1.8460495100711657e-01 5.9220320052412323e-01 -7.3911279801801469e-02
275 -4.5206077216282159e-01 1.0000000000000000e+00 4.6288613806080281e-01
276 5.8244042879084734e-01 6.4482423476673634e-01 1.6708098815035682e-01
277 4.5813527573830387e-01 -2.9659786487391582e-02 -4.1463758931326966e-01
278 6.5396266086046248e-02 3.5348654324392542e-01 -1.2393213275892632e-01
279 1.9387004109903916e-01 3.9564673664894662e-01 1.3539296577201718e-01
280 2.1002546192157862e-01 1.8296002775558326e-01 -8.8767664056490475e-02
281 2.9169068399008286e-01 6.6811812473716203e-01 2.0768488221972300e-02
282 -1.7462058485049650e-01 2.7903974438402823e-01 9.4646419075803557e-03
283 -2.2525832513196803e-01 4.9373560079837653e-01 -1.5114784605061407e-01
284 -2.0711972200063658e-01 1.6064291845145626e-01 -1.1739837885422988e-01
285 1.4081921680186599e-01 5.9301981669963262e-02 -3.5739144530345401e-01
286 -6.2971066349483940e-01 5.1338850584114315e-01 5.4516588397458754e-01
287 3.7682463993328436e-01 6.2502686651283157e-01 -8.6625950704927041e-02
288 -1.6330799356370623e-01 -4.5481752958119370e-01 2.6222642282405773e-01
289 9.7351959579269842e-02 1.7509043809643152e-01 -9.6913825478941035e-02
290 9.1415891333341409e-02 4.6201446512335702e-02 -1.4203852933330191e-01
291 -1.4883927270501704e-01 1.4649459446705532e-01 1.0491408802074009e-01
292 8.5726537001019620e-02 -3.5631900945760397e-01 2.3569201486344701e-01
293 1.8224314704344130e-01 1.0838890856602158e-01 -1.1938932892960402e-01
294 2.1969806279470033e-01 -3.0358424258601796e-01 8.8345458185747905e-02
295 -8.5353882087593660e-02 2.7186156879499251e-01 1.2073249692431602e-01
296 -1.3989165274545559e-01 -5.0270441434007029e-01 8.9356629402226495e-02
297 -3.8325455193717400e-01 -5.5637888650360279e-01 1.0582632295662416e-01
298 4.7628336106825590e-02 3.3546448078656882e-01 -2.3728119662628836e-02
299 -2.2581619109119191e-01 1.1153640631705150e-01 6.1445726195475392e-02
300 -1.6541480831359506e-01 1.0000000000000000e+00 3.5207156303241494e-01
301 -1.7907785689890374e-01 -1.3800367392495322e-01 -1.1907916725584256e-01
302 -9.2025154444200688e-02 3.7672701809973641e-01 1.1249063228680242e-01
303 2.7437623784288806e-01 1.9062371531671060e-01 -1.0231351714723362e-01
304 2.0675440909984827e-01 4.9905447571480149e-01 1.1583861888551769e-01
305 -1.5913351452286761e-01 -3.2565348127425436e-01 1.2228379703563130e-01
306 2.5476894170747728e-02 -6.8117728411519074e-01 2.2183172887063846e-01
307 -1.1470875364339370e-01 4.4415420350224855e-01 1.1485252011671263e-01
308 1.0000000000000000e+00 1.0000000000000000e+00 -5.2796582877635956e-01
309 -1.0320994868504911e-01 1.6188330192757699e-01 9.8189922711894820e-02
310 -6.1613298698964925e-02 5.4672203049551682e-01 -2.0100487415330714e-01
311 -2.9945704133538698e-01 -2.4533555814460997e-01 -3.3374709876936560e-02
312 1.7454607706692921e-01 5.7938098767935720e-01 3.9038761665600330e-02
313 -1.0960649819423028e-01 4.9479517214451763e-01 -1.1938937812193033e-01
314 -2.1908389952829924e-01 -7.7579458473907448e-01 1.5501822754650857e-01
315 -2.0752724629266697e-01 6.6772316015075150e-01 2.5478628580730617e-01
316 -9.9184499727492922e-02 -2.4971157981631889e-01 -1.7934272768924833e-01
317 2.7088683406017366e-01 1.2948454026020548e-01 2.0402643238107900e-02
318 -5.5931657552719116e-02 -4.3724789470434189e-01 5.5931657552719116e-02
319 5.7617962640885076e-02 -3.1832899094203015e-01 -2.8731704272643815e-01
320 -1.1700022754451365e-01 -4.5907058743176260e-01 -1.8753011368138173e-01
321 -1.2614926366057483e-01 -3.2030813399075553e-01 -1.1191515292266269e-01
322 1.9435699309682072e-01 9.0061875074644360e-02 -3.4442833268668233e-02
323 1.0000000000000000e+00 -3.5878063700735541e-01 4.5588783488050078e-01
324 -1.2003812054212230e-01 4.4024144554759986e-01 -1.0222235836839673e-01
325 2.1907757108671147e-01 -2.7731427942483095e-01 -1.6346429753834588e-01
326 3.7500667589475810e-02 -1.4154674420120777e-01 -2.3185558779380924e-01
327 2.7619540071776094e-01 -5.9893059982027341e-01 -3.4943446572634873e-01
328 1.0000000000000000e+00 5.7978618565881179e-01 1.4148256277113469e-02
329 -2.1754337598530418e-02 2.5644071255480988e-01 3.5643150245815269e-02
330 -5.3387069254542804e-03 1.7426871348755885e-01 1.6331669954680389e-01
331 3.1229472242747164e-02 1.0460686621607308e-01 -6.1945372339881885e-02
332 -1.5912036393001616e-01 5.3829747108270332e-01 -7.5343838264117516e-02
333 3.0120594769187936e-01 2.9567658904847238e-01 1.3996378248565336e-01
334 -2.5058703516894112e-02 3.2717556877767444e-02 -1.1206118254849617e-01
335 6.2186409762697292e-01 1.0000000000000000e+00 -1.5656474286755662e-01
336 1.8522965908050537e-01 2.5748327001929283e-01 5.5931657552719116e-02
337 2.3024478554725647e-01 2.5748327001929283e-01 5.5931657552719116e-02
338 -3.0327099584647965e-01 -3.0834750415369477e-01 -1.8206065228720714e-01
339 -1.5244337029236052e-01 -2.1645255087496926e-01 -1.1330469765999067e-01
340 2.5868860888028405e-01 1.4724406031864601e-01 -4.7771438518173594e-02
341 -6.2811030712075916e-03 2.3973905609843388e-01 -5.5514577326430441e-02
342 3.1639444748656365e-01 9.3520122187347565e-02 1.2747446439910079e-01
343 -8.3275079727172852e-02 2.6623889803886414e-01 -5.5931657552719116e-02
344 -1.1496636271476746e-01 2.6623889803886414e-01 -5.5931657552719116e-02
345 -1.1958573037599908e-01 -4.3213601769982224e-01 -3.4930487359642109e-03
346 2.3642579284685342e-01 -1.0000000000000000e+00 1.4113389882070335e-01
347 8.1989482484363649e-02 1.6636722945693458e-01 1.3325727248248298e-01
348 3.7488758236427916e-01 1.0000000000000000e+00 -1.9231484153544789e-01
349 -5.2081005326127738e-01 2.1486315142143531e-01 2.0118642670866099e-01
350 2.9424670825109744e-01 4.8033884684190353e-01 -7.8283000284997101e-02
351 1.5104459814605739e-01 1.7730400986263750e-01 1.0924457002921895e-01
352 3.1868504102858664e-01 5.1894271449141849e-01 2.7241258131229462e-01
353 -1.8126947862627704e-01 -6.8869257323687127e-01 -4.9982809195747581e-02
354 -6.9335666603162416e-01 1.0000000000000000e+00 1.9276571090157252e-01
355 3.8261282078320286e-01 -6.4521473682419417e-01 3.8955046738087784e-01
356 2.1911254467948621e-01 1.7608010452025821e-01 9.7978698003580361e-02
357 -2.2017813490934564e-02 4.7187714027568201e-01 1.1574382327866239e-01
358 -1.3774108495992635e-01 1.8870116474210111e-01 8.5865280972551306e-02
359 -5.1266326385482897e-02 5.1406876809226965e-01 -1.0427823961321142e-01
360 -1.1242518337033586e-01 1.0641085504132562e-01 -1.2480059261588913e-01
361 9.2387288568869658e-02 2.4078205321130025e-01 -8.2952132250435379e-02
362 3.8504368096387648e-01 4.9848906742171589e-01 5.3198986479350771e-02
363 -1.1280974844801627e-02 -3.3757497172057105e-01 -1.5348440212908343e-01
364 2.5135519277642647e-02 3.2018530350946606e-01 1.5459781922369015e-01
365 1.8345049185093285e-01 3.7721441615479800e-01 -1.3842296770062326e-01
366 1.5958132836904684e-02 7.4547667239932680e-01 1.9461293551898820e-01
367 -1.8086306391170814e-01 3.0929629209444337e-01 -9.9248443325896246e-02
368 -1.3277750162712060e-01 -3.9928624799629509e-01 -9.9162913418173626e-02
369 -1.0600915244038496e-01 2.1578324247337374e-01 8.6272233670102033e-02
370 1.1934091975234364e-01 1.2556459514725529e-01 -8.7983054420773421e-02
371 1.6453643587979998e-02 1.6941666416820075e-01 8.5561113517776552e-02
372 1.8008261687592450e-01 2.4887838323230257e-01 1.2385675063322346e-01
373 -5.0000000000000000e-01 2.5000000000000000e-01 -1.0000000000000000e+00
374 -1.0000000000000000e+00 -2.0338323413851017e-01 -4.8153687973898218e-01
375 2.8629139737414017e-01 5.1954583758124828e-01 1.0238034497478739e-01
376 -5.4730047912760704e-02 1.2487860501107746e-01 -9.0735493192351704e-02
377 -2.8831633627467216e-02 1.0339359149455536e-01 9.9605225577954190e-02
378 0.0000000000000000e+00 5.0000000000000000e-01 1.0000000000000000e+00
379 -4.8150763866991499e-02 -3.9296242180406554e-01 1.3552153543271431e-01
380 -1.9117419643751837e-01 1.8240030277254526e-01 9.4697436140270819e-02
381 -3.6255254342553347e-02 -1.4022031144301472e-01 -1.0775760201204040e-01
382 3.6550810990987387e-01 2.0735027539855988e-01 -2.0482061797719220e-01
383 -1.6506553183776351e-01 2.3186605864515808e-01 1.3480837576351282e-01
384 2.1930812850210862e-01 4.5429485699127992e-01 -1.0760745877088800e-01
385 1.7779997029646136e-01 8.3074792847379730e-02 8.1855452446929447e-02
386 7.2249863296747208e-02 1.5582275390625000e-01 5.5931657552719116e-02
387 7.2249863296747208e-02 1.7983938753604889e-01 5.5931657552719116e-02
388 2.8593001718666911e-01 3.4633414534120288e-01 -1.0730961439747537e-01
389 1.0061524013810076e-01 2.3283752581650935e-01 -2.3535910661997938e-03
390 2.9634404655363317e-01 4.9820969582253627e-01 1.0713297202662833e-02
391 6.6637342702370540e-04 1.7207362793205541e-01 -9.2883578937796543e-02
392 8.0839979959005923e-02 1.0651712580943343e-01 8.2340531293553093e-02
393 5.0278031233460287e-02 1.9195078255834819e-01 -8.8924725332614390e-02
394 7.3805630514410372e-02 -5.1202299034299015e-01 -1.7122712166790408e-01
395 -1.4113389882070335e-01 -1.0000000000000000e+00 -2.3642579284685342e-01
396 -4.2011428731014810e-01 -2.8726235797807607e-02 -5.1850324268417247e-01
397 -5.8005014800110132e-02 1.5419721991522359e-01 9.9238874898474203e-02
398 -4.8418209693387162e-05 6.0200547848317154e-01 -9.3558396488070752e-02
399 -1.1496636271476746e-01 2.6623889803886414e-01 5.5931657552719116e-02
400 -8.3275079727172852e-02 2.6623889803886414e-01 5.5931657552719116e-02
401 -8.4186522927980678e-02 5.1610167645310812e-01 9.8934141531481959e-02
402 2.4941827384189239e-01 7.6808066066581027e-02 -1.8950774408536070e-01
403 -1.0010637139763881e-01 6.1968137258247757e-01 -5.5587135857674004e-02
404 5.0000000000000000e-01 1.0000000000000000e+00 1.0000000000000000e+00
405 -9.1220961028987024e-02 6.2114658787183452e-01 1.0585431505002392e-01
406 -1.0434833893202616e-01 5.6199582425172123e-01 8.2853833485600881e-02
407 6.0746749913070852e-01 1.0000000000000000e+00 6.0103439061465347e-01
408 -4.6923418166324747e-02 3.1754048502980198e-01 -1.0511969710472775e-01
409 3.1749298369675255e-01 2.8799187268964932e-01 1.4502535622063375e-02
410 -7.1048291050516701e-02 1.1876486866760384e-01 4.2691124553894524e-02
411 -1.5853442515812224e-01 2.3474705783475119e-01 7.2478738941071513e-02
412 3.0271982498405725e-01 9.6962335760471224e-02 3.4242114333219897e-01
413 -9.0523688004219005e-03 -4.9726493033992372e-03 -2.5058805716980559e-01
414 -2.1799029768491895e-01 -4.5814711033855393e-01 -5.9370675499772999e-02
415 1.8988215508467729e-02 4.8921322121665661e-01 -1.3838303168800781e-01
416 -8.0904151836140192e-02 5.8647659893720316e-01 7.9422311658448874e-03
417 4.0296827433240451e-02 6.3524818447803544e-01 1.6369658646787601e-02
418 -4.1631863576107014e-02 2.1191784911343839e-01 9.1378947805578578e-02
419 -1.6148895025253296e-02 5.3133881092071533e-01 5.5931657552719116e-02
420 -1.6148895025253296e-02 4.9041491746902466e-01 5.5931657552719116e-02
421 3.2715748699818581e-02 3.8894150385244336e-01 5.0838240580446246e-02
422 4.6105005396378423e-01 5.6084628568649908e-01 6.3429057155049307e-01
423 2.9976476021059689e-01 1.9384716029627588e-01 8.4759613873459427e-02
424 -3.4456079366048810e-02 4.2679468236473000e-01 -1.2637392053883112e-01
425 -2.4357204522888887e-01 6.8481814051889645e-01 3.0070889187676253e-02
426 2.3642579284685344e-01 -1.0000000000000000e+00 -1.4113389882070332e-01
427 8.5641708551755402e-02 -1.0000000000000000e+00 -2.2677560737245875e-01
428 -4.0464421740002907e-03 2.4696532926623616e-01 -1.3812575035036825e-01
429 1.8905799867784090e-01 -1.1622087583287727e-01 -2.9016702897451840e-01
430 -1.0777320373555542e-02 5.6872609693929210e-01 1.7377018791503646e-01
431 3.1823316020135473e-01 8.5371250319656547e-02 -7.7242402038828623e-02
432 6.8124568504418517e-02 2.3856711226218230e-01 8.1463350441284652e-02
433 2.3292128674858831e-01 1.1766636095010896e-01 -9.9496699932762875e-02
434 -8.0191418874317508e-02 1.8002422828697928e-01 7.8389067784750396e-02
435 1.0891574913868929e-01 2.4135880830712786e-01 -1.5555440249264663e-01
436 -2.2224427718328019e-01 2.4294688210404061e-01 1.0552981199294023e-01
437 2.1815434876329837e-01 3.2647956928920718e-01 5.1456334751491684e-01
438 -1.6968042486661267e-01 1.6855207785790724e-01 -9.5016669837690609e-02
439 -1.0363165945636144e-01 5.7911120733978905e-01 -1.1663395345250090e-01
440 -5.7622764234144946e-02 1.5582275390625000e-01 0.0000000000000000e+00
441 1.8522965908050537e-01 4.1277103498578072e-01 5.5931657552719116e-02
442 2.3024478554725647e-01 4.1277103498578072e-01 5.5931657552719116e-02
443 -2.0534297375531982e-01 1.6766675703202272e-01 -3.3622754360305478e-02
444 -1.6429120597423452e-01 7.3650997580075617e-01 -1.6389461363425079e-01
445 -2.6028079031547513e-01 3.6101587247936917e-01 2.3472531466363006e-01
446 -2.0453318198989490e-01 1.9928366649158921e-01 4.2483888904536325e-02
447 2.6029614946247581e-01 9.1428166856522969e-02 6.5351684300649204e-01
448 2.5328994592272247e-01 2.0144420473033614e-01 1.5877712492067100e-01
449 1.6883233447725657e-01 -7.8644261505676688e-02 1.9029408679680659e-01
450 -8.5705703480671858e-02 2.2993034346473459e-01 -8.9269968390379248e-02
451 -1.0702727514453450e-01 2.8861389899295459e-01 -8.8278889849561587e-02
452 3.2119706884315702e-01 4.0640137182710534e-01 8.4893223013742553e-02
453 -2.0492741900241568e-01 3.9482306299937908e-01 8.8800089048450895e-02
454 3.6742365755994472e-01 2.3130122204177400e-01 2.5180603587461098e-01
455 -1.5318057212969444e-01 3.2743688137730587e-01 1.2835638883466660e-01
456 -5.0177009301403494e-02 1.1202896605168895e-01 -3.1115582083457886e-02
457 -1.5090964958155575e-01 2.2395101207160553e-01 -9.0655612109784511e-02
458 6.4020132492865578e-01 1.4759434137283234e-01 5.1886147914236735e-01
459 5.9397843940996842e-02 1.0000000000000000e+00 -6.7933465881716087e-02
460 4.8385075657555027e-01 3.6346391192669608e-01 1.4287114526558517e-01
461 -5.6593575909533685e-02 -1.5707351352710944e-01 -4.9555344092938852e-01
462 2.9419908376049625e-01 4.0599962301173431e-01 -6.6886091992350597e-03
463 -3.4174380045824382e-01 2.0597776716001495e-01 5.2312796374147064e-01
464 -1.5590360907781095e-01 4.4265901816089231e-01 1.8537522682088212e-01
465 8.8158916525593434e-02 7.9113368941134493e-02 3.2993786371623213e-01
466 -1.3569965514227839e-01 -2.8548934881373561e-01 2.9308546937533186e-01
467 -1.7236526021829579e-01 5.2427315145298004e-01 6.1169972724138533e-01
468 4.5407064092835941e-01 2.5578548106506138e-01 7.6873975324847618e-02
469 5.9222321955989872e-02 -4.2160526721458896e-01 5.6881938904475848e-01
470 -1.0393895780801304e-01 -2.3918857063497270e-01 -3.1117408604161639e-01
471 2.3058595044460498e-01 4.0344911887119150e-01 -4.9522947386332994e-01
472 -4.1491485908223952e-01 -3.0952173135026861e-01 5.3541257170903900e-01
473 -1.1604979634284973e-01 1.0294616222381592e-01 -5.5931657552719116e-02
474 -1.5863315761089325e-01 1.0294616222381592e-01 -5.5931657552719116e-02
475 1.0000000000000000e+00 2.5000000000000000e-01 7.4905093083275420e-01
476 4.9304651069768424e-01 2.9273402600797144e-01 -6.7694971624130476e-02
477 6.3727372583269815e-01 4.1780866485962964e-01 -9.9998386239345156e-03
478 3.5444798371308606e-01 2.8439988743612382e-01 -6.0067522388699932e-02
479 1.0000000000000000e+00 9.6243327096665110e-02 -3.6926149473982067e-01
480 6.9279490469762650e-01 3.1884436978127506e-01 -3.6124545296105970e-01
481 1.0000000000000000e+00 3.8523366412363491e-01 2.1188867721885407e-01
482 1.0000000000000000e+00 7.6242316130016780e-02 4.1970239158027445e-01
483 1.0000000000000000e+00 -5.0000000000000000e-01 1.0000000000000000e+00
484 7.5396143992385245e-01 2.2681184156948880e-01 2.2406303304160333e-01
485 5.5654581328042341e-01 9.3561586350188838e-02 2.0842005739765529e-01
486 1.0000000000000000e+00 -1.6298065427195979e-01 1.7677860208755508e-01
487 1.0000000000000000e+00 -6.2984340093261271e-01 8.7789744138717651e-03
488 5.5091091819276772e-01 -3.9297832462312515e-01 1.5191382449150349e-02
$EndNodes
$Elements
2384
1 4 2 0 0 144 382 431 159
2 4 2 0 0 283 193 310 313
3 4 2 0 0 101 150 373 396
4 4 2 0 0 172 180 195 219
5 4 2 0 0 414 296 242 345
6 4 2 0 0 35 360 376 473
7 4 2 0 0 101 171 200 461
8 4 2 0 0 403 244 416 425
9 4 2 0 0 70 69 62 307
10 4 2 0 0 139 282 443 446
11 4 2 0 0 41 230 248 280
12 4 2 0 0 302 176 307 464
13 4 2 0 0 131 251 456 473
14 4 2 0 0 208 203 402 431
15 4 2 0 0 266 13 353 395
16 4 2 0 0 455 411 295 383
17 4 2 0 0 247 248 250 280
18 4 2 0 0 208 322 431 433
19 4 2 0 0 142 101 277 471
20 4 2 0 0 156 191 258 472
21 4 2 0 0 284 132 360 474
22 4 2 0 0 224 287 177 274
23 4 2 0 0 52 50 178 224
24 4 2 0 0 155 17 154 427
25 4 2 0 0 69 59 62 420
26 4 2 0 0 195 466 255 187
27 4 2 0 0 287 350 362 390
28 4 2 0 0 95 104 146 168
29 4 2 0 0 160 146 168 198
30 4 2 0 0 362 276 460 477
31 4 2 0 0 177 178 224 274
32 4 2 0 0 238 276 335 287
33 4 2 0 0 463 145 378 99
34 4 2 0 0 168 444 146 215
35 4 2 0 0 258 163 314 306
36 4 2 0 0 162 76 355 469
37 4 2 0 0 72 36 39 139
38 4 2 0 0 344 367 451 457
39 4 2 0 0 172 195 202 219
40 4 2 0 0 200 319 325 429
41 4 2 0 0 150 166 194 396
42 4 2 0 0 231 256 315 405
43 4 2 0 0 412 448 454 342
44 4 2 0 0 337 336 356 372
45 4 2 0 0 288 296 306 314
46 4 2 0 0 279 112 333 372
47 4 2 0 0 165 87 174 249
48 4 2 0 0 139 34 443 474
49 4 2 0 0 477 468 484 460
50 4 2 0 0 412 485 342 454
51 4 2 0 0 213 243 276 481
52 4 2 0 0 105 138 108 196
53 4 2 0 0 3 156 258 472
54 4 2 0 0 221 245 157 385
55 4 2 0 0 223 170 396 461
56 4 2 0 0 238 88 308 335
57 4 2 0 0 255 202 268 299
58 4 2 0 0 228 185 385 449
59 4 2 0 0 96 214 425 444
60 4 2 0 0 36 68 75 84
61 4 2 0 0 392 228 185 385
62 4 2 0 0 58 115 359 398
63 4 2 0 0 107 138 137 268
64 4 2 0 0 124 41 248 389
65 4 2 0 0 149 236 263 366
66 4 2 0 0 130 16 216 427
67 4 2 0 0 140 254 317 340
68 4 2 0 0 311 297 305 255
69 4 2 0 0 175 173 181 430
70 4 2 0 0 119 201 367 282
71 4 2 0 0 307 453 63 70
72 4 2 0 0 179 184 285 413
73 4 2 0 0 216 223 320 394
74 4 2 0 0 61 65 70 244
75 4 2 0 0 255 463 195 349
76 4 2 0 0 257 382 471 480
77 4 2 0 0 305 288 379 466
78 4 2 0 0 216 127 327 394
79 4 2 0 0 115 50 114 178
80 4 2 0 0 135 133 157 381
81 4 2 0 0 72 36 67 71
82 4 2 0 0 335 281 287 103
83 4 2 0 0 228 347 392 185
84 4 2 0 0 193 262 408 424
85 4 2 0 0 257 164 471 382
86 4 2 0 0 311 305 32 255
87 4 2 0 0 43 42 351 356
88 4 2 0 0 466 253 255 187
89 4 2 0 0 272 218 338 374
90 4 2 0 0 197 201 256 453
91 4 2 0 0 208 203 325 429
92 4 2 0 0 198 310 439 444
93 4 2 0 0 72 36 71 39
94 4 2 0 0 364 121 302 421
95 4 2 0 0 189 259 197 94
96 4 2 0 0 316 301 339 381
97 4 2 0 0 44 45 140 317
98 4 2 0 0 315 175 445 464
99 4 2 0 0 434 38 39 75
100 4 2 0 0 156 76 162 191
101 4 2 0 0 423 356 337 44
102 4 2 0 0 56 53 54 304
103 4 2 0 0 216 207 155 426
104 4 2 0 0 409 112 452 462
105 4 2 0 0 71 36 68 75
106 4 2 0 0 71 36 67 68
107 4 2 0 0 263 56 55 312
108 4 2 0 0 197 286 349 445
109 4 2 0 0 129 15 207 346
110 4 2 0 0 290 245 322 370
111 4 2 0 0 293 46 322 433
112 4 2 0 0 120 400 329 121
113 4 2 0 0 49 224 350 384
114 4 2 0 0 122 69 70 302
115 4 2 0 0 173 300 315 467
116 4 2 0 0 166 150 413 461
117 4 2 0 0 150 166 193 246
118 4 2 0 0 157 108 185 196
119 4 2 0 0 67 282 72 399
120 4 2 0 0 74 84 75 68
121 4 2 0 0 194 215 259 283
122 4 2 0 0 108 107 135 233
123 4 2 0 0 299 436 380 446
124 4 2 0 0 394 20 229 325
125 4 2 0 0 69 66 420 421
126 4 2 0 0 392 228 385 351
127 4 2 0 0 71 434 75 418
128 4 2 0 0 180 138 273 377
129 4 2 0 0 177 168 178 199
130 4 2 0 0 14 156 162 258
131 4 2 0 0 344 343 450 451
132 4 2 0 0 438 192 457 222
133 4 2 0 0 115 359 398 415
134 4 2 0 0 3 156 169 258
135 4 2 0 0 203 237 342 449
136 4 2 0 0 443 220 367 284
137 4 2 0 0 195 202 349 463
138 4 2 0 0 21 208 326 381
139 4 2 0 0 112 442 452 462
140 4 2 0 0 9 272 167 170
141 4 2 0 0 117 336 42 389
142 4 2 0 0 24 381 22 135
143 4 2 0 0 89 218 272 374
144 4 2 0 0 374 194 182 94
145 4 2 0 0 218 338 269 311
146 4 2 0 0 142 168 471 104
147 4 2 0 0 375 56 281 390
148 4 2 0 0 286 197 189 354
149 4 2 0 0 50 115 52 178
150 4 2 0 0 429 413 326 208
151 4 2 0 0 166 188 396 461
152 4 2 0 0 385 317 322 45
153 4 2 0 0 154 17 395 427
154 4 2 0 0 105 135 133 157
155 4 2 0 0 237 203 294 449
156 4 2 0 0 180 397 377 273
157 4 2 0 0 105 132 131 260
158 4 2 0 0 189 259 90 197
159 4 2 0 0 304 54 375 442
160 4 2 0 0 254 44 423 337
161 4 2 0 0 46 230 293 370
162 4 2 0 0 291 252 358 383
163 4 2 0 0 397 180 377 330
164 4 2 0 0 233 136 253 255
165 4 2 0 0 201 244 256 453
166 4 2 0 0 62 69 357 307
167 4 2 0 0 157 187 185 233
168 4 2 0 0 326 188 413 470
169 4 2 0 0 330 371 418 432
170 4 2 0 0 65 66 262 324
171 4 2 0 0 282 139 411 446
172 4 2 0 0 198 236 214 417
173 4 2 0 0 176 175 231 464
174 4 2 0 0 258 191 469 472
175 4 2 0 0 33 37 222 438
176 4 2 0 0 96 300 315 366
177 4 2 0 0 485 203 159 144
178 4 2 0 0 25 136 32 253
179 4 2 0 0 111 442 279 112
180 4 2 0 0 82 83 341 391
181 4 2 0 0 49 226 350 462
182 4 2 0 0 280 46 293 433
183 4 2 0 0 190 333 352 454
184 4 2 0 0 25 22 133 135
185 4 2 0 0 127 126 207 229
186 4 2 0 0 482 485 486 458
187 4 2 0 0 249 129 487 488
188 4 2 0 0 149 209 236 366
189 4 2 0 0 176 302 357 364
190 4 2 0 0 61 201 324 65
191 4 2 0 0 71 68 74 75
192 4 2 0 0 225 181 357 364
193 4 2 0 0 296 30 318 345
194 4 2 0 0 288 292 379 466
195 4 2 0 0 38 291 309 358
196 4 2 0 0 150 166 396 461
197 4 2 0 0 7 24 305 379
198 4 2 0 0 216 154 395 427
199 4 2 0 0 132 131 260 360
200 4 2 0 0 151 164 177 365
201 4 2 0 0 45 342 317 423
202 4 2 0 0 230 179 293 370
203 4 2 0 0 178 115 274 398
204 4 2 0 0 12 87 165 249
205 4 2 0 0 228 351 356 385
206 4 2 0 0 298 341 361 389
207 4 2 0 0 336 117 42 351
208 4 2 0 0 8 241 20 229
209 4 2 0 0 181 225 263 304
210 4 2 0 0 184 267 391 428
211 4 2 0 0 151 150 193 215
212 4 2 0 0 74 84 68 83
213 4 2 0 0 197 194 259 283
214 4 2 0 0 166 150 194 246
215 4 2 0 0 161 145 195 472
216 4 2 0 0 276 328 238 335
217 4 2 0 0 298 227 421 441
218 4 2 0 0 208 157 290 381
219 4 2 0 0 223 272 320 338
220 4 2 0 0 114 115 178 415
221 4 2 0 0 198 398 403 439
222 4 2 0 0 119 201 65 367
223 4 2 0 0 149 422 103 407
224 4 2 0 0 118 117 347 351
225 4 2 0 0 60 63 64 244
226 4 2 0 0 157 21 208 221
227 4 2 0 0 327 223 216 394
228 4 2 0 0 474 299 34 443
229 4 2 0 0 239 125 296 353
230 4 2 0 0 460 468 476 477
231 4 2 0 0 37 222 438 457
232 4 2 0 0 353 216 320 128
233 4 2 0 0 226 109 365 388
234 4 2 0 0 36 71 39 75
235 4 2 0 0 53 55 225 304
236 4 2 0 0 63 453 256 244
237 4 2 0 0 468 477 484 144
238 4 2 0 0 154 6 153 266
239 4 2 0 0 138 105 131 196
240 4 2 0 0 50 114 178 227
241 4 2 0 0 380 383 411 436
242 4 2 0 0 467 315 445 286
243 4 2 0 0 292 240 306 379
244 4 2 0 0 18 207 426 155
245 4 2 0 0 103 149 263 352
246 4 2 0 0 160 146 198 444
247 4 2 0 0 238 287 335 348
248 4 2 0 0 298 329 341 389
249 4 2 0 0 41 47 46 280
250 4 2 0 0 72 282 411 399
251 4 2 0 0 35 360 222 376
252 4 2 0 0 445 286 463 467
253 4 2 0 0 145 447 378 99
254 4 2 0 0 51 56 49 390
255 4 2 0 0 68 329 341 343
256 4 2 0 0 436 299 220 446
257 4 2 0 0 68 71 74 329
258 4 2 0 0 474 299 132 137
259 4 2 0 0 178 168 198 199
260 4 2 0 0 166 188 269 396
261 4 2 0 0 347 117 386 387
262 4 2 0 0 130 81 167 171
263 4 2 0 0 169 258 297 472
264 4 2 0 0 291 252 309 358
265 4 2 0 0 161 187 292 466
266 4 2 0 0 187 23 292 379
267 4 2 0 0 157 196 245 331
268 4 2 0 0 42 337 336 356
269 4 2 0 0 316 319 326 363
270 4 2 0 0 233 107 255 268
271 4 2 0 0 8 229 292 240
272 4 2 0 0 82 235 361 389
273 4 2 0 0 9 272 374 89
274 4 2 0 0 73 82 341 389
275 4 2 0 0 31 297 311 414
276 4 2 0 0 59 313 359 324
277 4 2 0 0 307 453 455 464
278 4 2 0 0 469 288 472 466
279 4 2 0 0 196 80 331 456
280 4 2 0 0 67 282 37 139
281 4 2 0 0 41 46 230 280
282 4 2 0 0 201 70 244 453
283 4 2 0 0 41 46 123 230
284 4 2 0 0 258 288 297 472
285 4 2 0 0 272 9 374 170
286 4 2 0 0 193 211 262 367
287 4 2 0 0 136 32 255 311
288 4 2 0 0 205 184 376 391
289 4 2 0 0 25 24 253 305
290 4 2 0 0 178 52 224 274
291 4 2 0 0 255 288 305 466
292 4 2 0 0 281 352 263 375
293 4 2 0 0 95 11 104 142
294 4 2 0 0 201 61 324 332
295 4 2 0 0 41 336 248 389
296 4 2 0 0 94 259 197 194
297 4 2 0 0 49 52 51 224
298 4 2 0 0 401 420 419 357
299 4 2 0 0 101 150 285 471
300 4 2 0 0 485 412 342 237
301 4 2 0 0 83 450 341 267
302 4 2 0 0 343 408 450 451
303 4 2 0 0 150 193 194 246
304 4 2 0 0 64 60 244 416
305 4 2 0 0 255 107 269 299
306 4 2 0 0 184 267 376 391
307 4 2 0 0 281 263 103 236
308 4 2 0 0 72 40 358 411
309 4 2 0 0 266 297 314 353
310 4 2 0 0 185 108 233 268
311 4 2 0 0 123 322 46 245
312 4 2 0 0 354 259 90 212
313 4 2 0 0 303 264 382 402
314 4 2 0 0 283 310 439 313
315 4 2 0 0 179 164 264 402
316 4 2 0 0 319 326 461 470
317 4 2 0 0 135 187 253 24
318 4 2 0 0 69 62 357 420
319 4 2 0 0 259 182 94 183
320 4 2 0 0 323 458 98 482
321 4 2 0 0 176 302 307 357
322 4 2 0 0 184 179 205 290
323 4 2 0 0 175 181 190 364
324 4 2 0 0 43 45 356 385
325 4 2 0 0 77 331 80 245
326 4 2 0 0 281 352 276 263
327 4 2 0 0 255 269 218 94
328 4 2 0 0 177 257 350 388
329 4 2 0 0 338 218 269 374
330 4 2 0 0 135 105 108 157
331 4 2 0 0 50 441 53 113
332 4 2 0 0 175 181 437 190
333 4 2 0 0 390 362 452 462
334 4 2 0 0 290 205 331 370
335 4 2 0 0 297 311 305 31
336 4 2 0 0 264 230 435 179
337 4 2 0 0 157 233 185 108
338 4 2 0 0 33 37 36 222
339 4 2 0 0 110 111 298 389
340 4 2 0 0 269 255 218 311
341 4 2 0 0 50 113 114 227
342 4 2 0 0 232 142 238 308
343 4 2 0 0 36 457 37 67
344 4 2 0 0 19 320 363 242
345 4 2 0 0 99 161 469 472
346 4 2 0 0 239 296 318 345
347 4 2 0 0 91 173 378 467
348 4 2 0 0 12 100 165 174
349 4 2 0 0 13 216 272 395
350 4 2 0 0 291 180 268 273
351 4 2 0 0 385 118 351 43
352 4 2 0 0 177 168 199 287
353 4 2 0 0 110 109 250 365
354 4 2 0 0 285 200 429 461
355 4 2 0 0 273 38 291 309
356 4 2 0 0 310 313 359 439
357 4 2 0 0 23 233 135 187
358 4 2 0 0 288 296 305 379
359 4 2 0 0 193 150 194 215
360 4 2 0 0 55 51 52 312
361 4 2 0 0 8 241 229 240
362 4 2 0 0 154 314 153 353
363 4 2 0 0 116 53 55 225
364 4 2 0 0 193 151 215 310
365 4 2 0 0 373 259 215 182
366 4 2 0 0 146 104 160 168
367 4 2 0 0 237 482 458 323
368 4 2 0 0 468 261 478 409
369 4 2 0 0 56 263 304 375
370 4 2 0 0 406 57 416 419
371 4 2 0 0 31 30 296 345
372 4 2 0 0 317 221 342 385
373 4 2 0 0 129 186 249 487
374 4 2 0 0 69 70 302 307
375 4 2 0 0 134 105 133 301
376 4 2 0 0 115 114 359 415
377 4 2 0 0 34 38 39 358
378 4 2 0 0 237 292 294 355
379 4 2 0 0 32 253 255 305
380 4 2 0 0 177 257 287 350
381 4 2 0 0 105 260 381 301
382 4 2 0 0 468 144 476 477
383 4 2 0 0 201 197 220 453
384 4 2 0 0 279 111 364 421
385 4 2 0 0 264 293 402 433
386 4 2 0 0 180 309 397 273
387 4 2 0 0 422 213 276 407
388 4 2 0 0 97 213 276 328
389 4 2 0 0 269 349 194 94
390 4 2 0 0 34 299 291 380
391 4 2 0 0 420 401 57 62
392 4 2 0 0 203 277 402 431
393 4 2 0 0 284 360 192 222
394 4 2 0 0 449 161 412 465
395 4 2 0 0 21 319 325 363
396 4 2 0 0 71 72 39 369
397 4 2 0 0 157 105 334 381
398 4 2 0 0 213 458 482 475
399 4 2 0 0 179 205 290 370
400 4 2 0 0 57 64 401 406
401 4 2 0 0 371 347 386 387
402 4 2 0 0 283 425 259 197
403 4 2 0 0 347 228 392 351
404 4 2 0 0 442 390 452 462
405 4 2 0 0 391 341 393 428
406 4 2 0 0 213 422 276 243
407 4 2 0 0 403 198 439 444
408 4 2 0 0 326 290 334 381
409 4 2 0 0 107 137 269 299
410 4 2 0 0 476 257 477 480
411 4 2 0 0 119 399 122 282
412 4 2 0 0 70 65 201 244
413 4 2 0 0 180 185 233 268
414 4 2 0 0 424 324 59 359
415 4 2 0 0 360 284 192 166
416 4 2 0 0 242 353 320 128
417 4 2 0 0 355 163 162 306
418 4 2 0 0 413 208 290 326
419 4 2 0 0 382 303 402 431
420 4 2 0 0 48 47 280 303
421 4 2 0 0 185 161 449 465
422 4 2 0 0 94 204 255 349
423 4 2 0 0 246 438 284 192
424 4 2 0 0 144 484 485 486
425 4 2 0 0 126 241 240 229
426 4 2 0 0 335 281 348 287
427 4 2 0 0 162 156 191 258
428 4 2 0 0 333 337 423 448
429 4 2 0 0 263 181 304 352
430 4 2 0 0 216 223 272 320
431 4 2 0 0 38 410 143 79
432 4 2 0 0 17 155 18 427
433 4 2 0 0 47 48 140 340
434 4 2 0 0 223 170 272 396
435 4 2 0 0 161 185 187 233
436 4 2 0 0 68 400 71 329
437 4 2 0 0 283 193 313 324
438 4 2 0 0 109 250 365 388
439 4 2 0 0 272 170 374 396
440 4 2 0 0 133 22 339 381
441 4 2 0 0 126 155 127 207
442 4 2 0 0 145 175 463 467
443 4 2 0 0 201 194 283 367
444 4 2 0 0 176 231 307 464
445 4 2 0 0 246 193 283 367
446 4 2 0 0 338 272 374 396
447 4 2 0 0 114 178 227 278
448 4 2 0 0 290 157 334 381
449 4 2 0 0 218 169 265 297
450 4 2 0 0 53 116 113 225
451 4 2 0 0 292 306 229 355
452 4 2 0 0 204 189 286 349
453 4 2 0 0 87 12 165 174
454 4 2 0 0 59 69 66 420
455 4 2 0 0 25 22 26 133
456 4 2 0 0 168 177 238 287
457 4 2 0 0 198 214 398 417
458 4 2 0 0 113 53 225 441
459 4 2 0 0 218 169 297 472
460 4 2 0 0 179 184 205 435
461 4 2 0 0 23 233 157 135
462 4 2 0 0 135 381 22 133
463 4 2 0 0 22 25 24 135
464 4 2 0 0 118 385 245 43
465 4 2 0 0 24 381 23 21
466 4 2 0 0 79 38 273 309
467 4 2 0 0 152 153 163 306
468 4 2 0 0 36 72 67 139
469 4 2 0 0 194 220 269 284
470 4 2 0 0 37 36 67 139
471 4 2 0 0 197 315 445 256
472 4 2 0 0 151 168 177 471
473 4 2 0 0 40 72 39 139
474 4 2 0 0 396 223 461 470
475 4 2 0 0 296 414 242 353
476 4 2 0 0 53 56 55 304
477 4 2 0 0 213 206 422 475
478 4 2 0 0 304 263 352 375
479 4 2 0 0 287 276 362 477
480 4 2 0 0 246 211 367 457
481 4 2 0 0 213 458 422 243
482 4 2 0 0 458 141 475 422
483 4 2 0 0 272 89 167 13
484 4 2 0 0 194 166 246 284
485 4 2 0 0 246 220 284 367
486 4 2 0 0 353 242 320 414
487 4 2 0 0 163 152 306 346
488 4 2 0 0 134 106 301 311
489 4 2 0 0 155 154 216 427
490 4 2 0 0 132 260 269 284
491 4 2 0 0 170 101 396 461
492 4 2 0 0 213 97 276 407
493 4 2 0 0 72 40 39 358
494 4 2 0 0 105 108 157 196
495 4 2 0 0 188 166 260 413
496 4 2 0 0 203 485 159 342
497 4 2 0 0 104 238 308 335
498 4 2 0 0 38 34 273 291
499 4 2 0 0 331 391 85 80
500 4 2 0 0 38 79 273 410
501 4 2 0 0 167 130 171 223
502 4 2 0 0 158 469 355 191
503 4 2 0 0 193 215 283 310
504 4 2 0 0 142 210 232 480
505 4 2 0 0 373 259 182 194
506 4 2 0 0 249 488 174 327
507 4 2 0 0 358 40 380 411
508 4 2 0 0 49 50 224 384
509 4 2 0 0 393 435 205 428
510 4 2 0 0 356 342 448 228
511 4 2 0 0 181 279 304 352
512 4 2 0 0 294 237 355 488
513 4 2 0 0 333 409 452 468
514 4 2 0 0 378 149 422 173
515 4 2 0 0 173 149 263 366
516 4 2 0 0 74 78 371 397
517 4 2 0 0 88 276 97 103
518 4 2 0 0 32 25 253 305
519 4 2 0 0 168 160 198 199
520 4 2 0 0 72 369 399 411
521 4 2 0 0 145 437 447 465
522 4 2 0 0 274 236 312 281
523 4 2 0 0 226 109 388 462
524 4 2 0 0 6 153 266 314
525 4 2 0 0 35 86 143 473
526 4 2 0 0 180 195 219 268
527 4 2 0 0 193 194 246 283
528 4 2 0 0 147 101 150 373
529 4 2 0 0 331 205 376 391
530 4 2 0 0 301 311 338 339
531 4 2 0 0 133 134 301 339
532 4 2 0 0 103 88 276 335
533 4 2 0 0 266 297 265 314
534 4 2 0 0 197 194 201 220
535 4 2 0 0 174 165 200 277
536 4 2 0 0 280 264 303 433
537 4 2 0 0 425 275 315 300
538 4 2 0 0 188 339 338 316
539 4 2 0 0 235 82 361 393
540 4 2 0 0 192 438 284 222
541 4 2 0 0 327 223 130 216
542 4 2 0 0 256 231 401 406
543 4 2 0 0 442 109 226 462
544 4 2 0 0 178 177 199 274
545 4 2 0 0 278 341 298 408
546 4 2 0 0 130 13 216 223
547 4 2 0 0 403 60 244 332
548 4 2 0 0 193 150 184 166
549 4 2 0 0 274 312 51 281
550 4 2 0 0 244 201 256 425
551 4 2 0 0 234 77 245 386
552 4 2 0 0 138 107 108 268
553 4 2 0 0 252 172 295 383
554 4 2 0 0 46 123 230 370
555 4 2 0 0 356 45 342 385
556 4 2 0 0 320 319 470 363
557 4 2 0 0 216 16 327 426
558 4 2 0 0 337 42 44 356
559 4 2 0 0 153 5 152 163
560 4 2 0 0 222 360 473 474
561 4 2 0 0 410 251 440 456
562 4 2 0 0 96 198 214 444
563 4 2 0 0 164 257 471 177
564 4 2 0 0 55 263 312 225
565 4 2 0 0 299 474 34 137
566 4 2 0 0 393 289 435 361
567 4 2 0 0 148 275 286 354
568 4 2 0 0 41 123 124 230
569 4 2 0 0 210 142 232 308
570 4 2 0 0 15 163 306 346
571 4 2 0 0 104 471 238 168
572 4 2 0 0 347 465 330 185
573 4 2 0 0 167 272 223 170
574 4 2 0 0 292 187 379 466
575 4 2 0 0 170 93 374 396
576 4 2 0 0 216 16 426 427
577 4 2 0 0 292 288 306 469
578 4 2 0 0 370 205 234 289
579 4 2 0 0 119 65 262 367
580 4 2 0 0 264 435 164 179
581 4 2 0 0 330 190 347 364
582 4 2 0 0 26 29 28 321
583 4 2 0 0 8 240 292 379
584 4 2 0 0 13 216 223 272
585 4 2 0 0 150 184 413 285
586 4 2 0 0 236 198 214 459
587 4 2 0 0 208 285 402 429
588 4 2 0 0 101 147 150 471
589 4 2 0 0 67 282 457 37
590 4 2 0 0 418 432 73 329
591 4 2 0 0 96 214 236 366
592 4 2 0 0 71 434 39 75
593 4 2 0 0 331 85 376 456
594 4 2 0 0 107 136 233 255
595 4 2 0 0 70 201 282 453
596 4 2 0 0 401 419 57 406
597 4 2 0 0 344 282 367 457
598 4 2 0 0 141 404 407 422
599 4 2 0 0 232 477 238 480
600 4 2 0 0 146 95 168 215
601 4 2 0 0 159 254 409 478
602 4 2 0 0 432 190 347 372
603 4 2 0 0 178 198 310 398
604 4 2 0 0 195 180 233 268
605 4 2 0 0 34 137 273 291
606 4 2 0 0 352 460 454 333
607 4 2 0 0 235 123 234 289
608 4 2 0 0 73 371 386 387
609 4 2 0 0 71 74 329 418
610 4 2 0 0 208 285 290 402
611 4 2 0 0 259 146 183 212
612 4 2 0 0 144 174 277 479
613 4 2 0 0 90 259 94 183
614 4 2 0 0 5 153 6 163
615 4 2 0 0 466 195 255 472
616 4 2 0 0 20 394 229 241
617 4 2 0 0 245 290 331 370
618 4 2 0 0 52 51 224 274
619 4 2 0 0 448 351 356 228
620 4 2 0 0 339 188 338 301
621 4 2 0 0 6 154 17 266
622 4 2 0 0 25 24 135 253
623 4 2 0 0 190 228 347 351
624 4 2 0 0 123 118 234 245
625 4 2 0 0 223 327 130 171
626 4 2 0 0 161 187 195 233
627 4 2 0 0 121 69 302 421
628 4 2 0 0 72 282 139 411
629 4 2 0 0 199 281 287 348
630 4 2 0 0 290 157 331 334
631 4 2 0 0 471 104 238 142
632 4 2 0 0 106 269 301 311
633 4 2 0 0 184 166 192 193
634 4 2 0 0 56 281 263 375
635 4 2 0 0 342 423 448 454
636 4 2 0 0 24 187 305 379
637 4 2 0 0 188 260 269 301
638 4 2 0 0 326 413 461 470
639 4 2 0 0 209 281 103 236
640 4 2 0 0 166 192 193 246
641 4 2 0 0 276 88 328 335
642 4 2 0 0 146 212 259 444
643 4 2 0 0 187 135 23 24
644 4 2 0 0 302 453 307 70
645 4 2 0 0 242 320 363 394
646 4 2 0 0 230 124 248 361
647 4 2 0 0 281 352 375 276
648 4 2 0 0 214 198 398 403
649 4 2 0 0 252 309 369 434
650 4 2 0 0 199 209 348 459
651 4 2 0 0 64 244 256 406
652 4 2 0 0 145 271 463 472
653 4 2 0 0 77 331 245 196
654 4 2 0 0 202 219 268 299
655 4 2 0 0 60 313 332 439
656 4 2 0 0 215 444 283 310
657 4 2 0 0 120 341 343 408
658 4 2 0 0 197 256 445 453
659 4 2 0 0 231 256 307 464
660 4 2 0 0 374 194 396 182
661 4 2 0 0 195 202 219 268
662 4 2 0 0 458 141 422 447
663 4 2 0 0 411 295 383 369
664 4 2 0 0 16 130 216 327
665 4 2 0 0 37 438 443 457
666 4 2 0 0 178 227 365 384
667 4 2 0 0 193 192 211 246
668 4 2 0 0 232 88 238 328
669 4 2 0 0 46 230 280 293
670 4 2 0 0 172 180 219 252
671 4 2 0 0 40 34 291 380
672 4 2 0 0 138 137 268 273
673 4 2 0 0 327 223 319 200
674 4 2 0 0 180 252 330 397
675 4 2 0 0 181 176 357 364
676 4 2 0 0 342 237 412 449
677 4 2 0 0 238 199 348 168
678 4 2 0 0 136 25 135 253
679 4 2 0 0 214 96 236 459
680 4 2 0 0 108 107 233 268
681 4 2 0 0 378 173 422 437
682 4 2 0 0 375 281 276 362
683 4 2 0 0 252 330 397 418
684 4 2 0 0 72 358 369 411
685 4 2 0 0 39 40 34 358
686 4 2 0 0 80 205 331 391
687 4 2 0 0 136 32 253 255
688 4 2 0 0 194 193 215 283
689 4 2 0 0 78 196 440 77
690 4 2 0 0 353 320 272 414
691 4 2 0 0 282 119 344 367
692 4 2 0 0 19 320 368 363
693 4 2 0 0 176 175 181 231
694 4 2 0 0 129 355 487 488
695 4 2 0 0 202 195 255 268
696 4 2 0 0 105 106 260 301
697 4 2 0 0 166 188 260 269
698 4 2 0 0 261 468 478 476
699 4 2 0 0 123 322 245 370
700 4 2 0 0 354 259 197 90
701 4 2 0 0 135 187 233 253
702 4 2 0 0 136 135 233 253
703 4 2 0 0 469 158 355 237
704 4 2 0 0 440 196 410 456
705 4 2 0 0 10 95 215 373
706 4 2 0 0 100 165 174 277
707 4 2 0 0 310 151 415 424
708 4 2 0 0 224 287 51 350
709 4 2 0 0 40 34 380 446
710 4 2 0 0 63 60 61 244
711 4 2 0 0 175 231 315 430
712 4 2 0 0 9 272 89 167
713 4 2 0 0 172 180 252 330
714 4 2 0 0 150 285 413 461
715 4 2 0 0 442 49 54 462
716 4 2 0 0 341 82 361 389
717 4 2 0 0 339 338 28 311
718 4 2 0 0 140 385 43 322
719 4 2 0 0 33 37 438 443
720 4 2 0 0 63 64 244 256
721 4 2 0 0 335 281 103 348
722 4 2 0 0 43 123 46 245
723 4 2 0 0 175 445 463 467
724 4 2 0 0 150 193 184 151
725 4 2 0 0 297 272 266 265
726 4 2 0 0 49 227 50 384
727 4 2 0 0 103 422 352 276
728 4 2 0 0 279 111 421 441
729 4 2 0 0 115 52 178 274
730 4 2 0 0 44 254 140 337
731 4 2 0 0 154 314 266 153
732 4 2 0 0 150 101 285 461
733 4 2 0 0 275 197 354 315
734 4 2 0 0 184 151 428 435
735 4 2 0 0 132 105 106 260
736 4 2 0 0 180 219 252 291
737 4 2 0 0 89 218 265 272
738 4 2 0 0 188 338 396 470
739 4 2 0 0 40 291 358 380
740 4 2 0 0 251 196 131 456
741 4 2 0 0 195 145 463 472
742 4 2 0 0 278 151 365 435
743 4 2 0 0 94 255 269 349
744 4 2 0 0 297 296 314 353
745 4 2 0 0 24 187 253 305
746 4 2 0 0 159 468 476 478
747 4 2 0 0 302 307 455 464
748 4 2 0 0 261 257 476 478
749 4 2 0 0 411 455 399 122
750 4 2 0 0 121 122 295 302
751 4 2 0 0 192 193 428 184
752 4 2 0 0 211 192 428 450
753 4 2 0 0 333 337 409 423
754 4 2 0 0 307 231 357 401
755 4 2 0 0 120 121 298 421
756 4 2 0 0 259 212 425 444
757 4 2 0 0 117 41 124 389
758 4 2 0 0 154 314 353 266
759 4 2 0 0 310 178 398 415
760 4 2 0 0 216 353 320 272
761 4 2 0 0 121 364 302 295
762 4 2 0 0 288 258 297 314
763 4 2 0 0 294 325 488 229
764 4 2 0 0 90 259 183 212
765 4 2 0 0 185 330 347 377
766 4 2 0 0 319 320 470 223
767 4 2 0 0 359 58 398 439
768 4 2 0 0 166 194 269 284
769 4 2 0 0 303 402 431 433
770 4 2 0 0 282 67 72 139
771 4 2 0 0 357 69 302 307
772 4 2 0 0 220 202 445 349
773 4 2 0 0 291 299 219 380
774 4 2 0 0 71 72 369 399
775 4 2 0 0 188 166 413 461
776 4 2 0 0 182 259 94 194
777 4 2 0 0 269 132 284 443
778 4 2 0 0 412 454 458 485
779 4 2 0 0 325 221 203 208
780 4 2 0 0 222 284 360 438
781 4 2 0 0 188 316 338 470
782 4 2 0 0 208 290 293 402
783 4 2 0 0 218 255 297 311
784 4 2 0 0 52 49 50 224
785 4 2 0 0 131 474 473 360
786 4 2 0 0 287 177 274 199
787 4 2 0 0 81 165 200 327
788 4 2 0 0 155 126 152 207
789 4 2 0 0 31 296 297 414
790 4 2 0 0 184 267 360 376
791 4 2 0 0 76 4 355 483
792 4 2 0 0 430 401 419 357
793 4 2 0 0 319 20 394 325
794 4 2 0 0 220 299 443 446
795 4 2 0 0 229 294 355 488
796 4 2 0 0 403 332 425 444
797 4 2 0 0 204 218 255 472
798 4 2 0 0 416 398 115 58
799 4 2 0 0 74 79 78 434
800 4 2 0 0 120 65 66 262
801 4 2 0 0 125 153 314 353
802 4 2 0 0 171 170 223 461
803 4 2 0 0 366 173 300 315
804 4 2 0 0 165 101 171 200
805 4 2 0 0 79 309 397 434
806 4 2 0 0 81 165 171 200
807 4 2 0 0 256 231 307 401
808 4 2 0 0 47 280 303 433
809 4 2 0 0 155 216 426 427
810 4 2 0 0 36 35 33 222
811 4 2 0 0 243 437 454 458
812 4 2 0 0 445 436 453 455
813 4 2 0 0 382 257 476 480
814 4 2 0 0 178 177 384 365
815 4 2 0 0 19 27 321 368
816 4 2 0 0 23 21 157 221
817 4 2 0 0 263 181 366 430
818 4 2 0 0 257 261 287 350
819 4 2 0 0 138 34 137 273
820 4 2 0 0 195 233 255 268
821 4 2 0 0 214 403 416 425
822 4 2 0 0 256 445 453 464
823 4 2 0 0 193 313 324 424
824 4 2 0 0 225 116 357 430
825 4 2 0 0 80 234 245 331
826 4 2 0 0 124 41 230 248
827 4 2 0 0 150 147 215 471
828 4 2 0 0 119 120 343 451
829 4 2 0 0 230 123 289 370
830 4 2 0 0 426 18 155 427
831 4 2 0 0 59 313 324 61
832 4 2 0 0 238 276 287 477
833 4 2 0 0 248 230 250 280
834 4 2 0 0 242 345 368 414
835 4 2 0 0 226 365 384 388
836 4 2 0 0 51 49 224 350
837 4 2 0 0 282 220 443 446
838 4 2 0 0 241 229 127 394
839 4 2 0 0 359 310 415 424
840 4 2 0 0 192 184 267 360
841 4 2 0 0 103 149 236 263
842 4 2 0 0 33 284 474 443
843 4 2 0 0 21 208 325 326
844 4 2 0 0 303 254 48 340
845 4 2 0 0 13 272 353 395
846 4 2 0 0 369 358 383 411
847 4 2 0 0 252 309 358 369
848 4 2 0 0 31 379 296 30
849 4 2 0 0 23 8 292 379
850 4 2 0 0 112 279 333 452
851 4 2 0 0 288 296 297 305
852 4 2 0 0 63 64 256 401
853 4 2 0 0 186 87 249 487
854 4 2 0 0 299 436 220 202
855 4 2 0 0 77 80 234 245
856 4 2 0 0 123 43 118 245
857 4 2 0 0 402 208 431 433
858 4 2 0 0 82 341 361 393
859 4 2 0 0 327 277 174 200
860 4 2 0 0 45 44 356 423
861 4 2 0 0 382 277 471 480
862 4 2 0 0 237 161 292 469
863 4 2 0 0 317 159 431 254
864 4 2 0 0 230 264 293 179
865 4 2 0 0 260 166 269 284
866 4 2 0 0 159 317 342 423
867 4 2 0 0 300 96 315 425
868 4 2 0 0 122 121 295 399
869 4 2 0 0 278 341 361 298
870 4 2 0 0 278 110 298 361
871 4 2 0 0 84 450 267 36
872 4 2 0 0 182 10 183 215
873 4 2 0 0 10 146 183 215
874 4 2 0 0 146 259 183 215
875 4 2 0 0 10 95 146 215
876 4 2 0 0 223 272 338 396
877 4 2 0 0 436 446 220 282
878 4 2 0 0 200 319 429 461
879 4 2 0 0 319 21 325 326
880 4 2 0 0 128 127 154 216
881 4 2 0 0 151 408 428 278
882 4 2 0 0 185 180 330 377
883 4 2 0 0 154 127 155 216
884 4 2 0 0 194 182 373 396
885 4 2 0 0 194 166 269 396
886 4 2 0 0 269 338 374 396
887 4 2 0 0 145 173 175 467
888 4 2 0 0 412 228 449 465
889 4 2 0 0 177 168 238 471
890 4 2 0 0 151 178 310 415
891 4 2 0 0 448 351 372 356
892 4 2 0 0 251 143 456 473
893 4 2 0 0 325 319 326 429
894 4 2 0 0 194 220 246 367
895 4 2 0 0 310 359 398 439
896 4 2 0 0 19 321 363 368
897 4 2 0 0 133 105 157 381
898 4 2 0 0 134 28 311 339
899 4 2 0 0 164 179 285 402
900 4 2 0 0 399 122 282 411
901 4 2 0 0 235 124 289 361
902 4 2 0 0 105 134 106 301
903 4 2 0 0 275 197 286 354
904 4 2 0 0 209 96 236 366
905 4 2 0 0 172 383 445 455
906 4 2 0 0 315 214 366 405
907 4 2 0 0 150 151 285 471
908 4 2 0 0 282 139 443 37
909 4 2 0 0 49 442 226 462
910 4 2 0 0 103 287 276 281
911 4 2 0 0 194 197 201 283
912 4 2 0 0 182 10 215 373
913 4 2 0 0 280 303 250 247
914 4 2 0 0 132 299 443 269
915 4 2 0 0 297 296 353 414
916 4 2 0 0 166 184 360 413
917 4 2 0 0 297 272 338 414
918 4 2 0 0 442 390 54 452
919 4 2 0 0 117 124 235 389
920 4 2 0 0 162 163 258 306
921 4 2 0 0 205 179 289 370
922 4 2 0 0 180 291 268 219
923 4 2 0 0 39 72 358 369
924 4 2 0 0 227 226 365 384
925 4 2 0 0 63 453 244 70
926 4 2 0 0 388 109 409 462
927 4 2 0 0 170 167 171 223
928 4 2 0 0 264 164 303 382
929 4 2 0 0 13 130 167 223
930 4 2 0 0 157 245 290 331
931 4 2 0 0 237 203 485 488
932 4 2 0 0 349 202 445 463
933 4 2 0 0 429 413 285 326
934 4 2 0 0 126 241 229 127
935 4 2 0 0 390 287 51 281
936 4 2 0 0 231 256 405 406
937 4 2 0 0 176 295 302 364
938 4 2 0 0 62 63 70 307
939 4 2 0 0 445 176 455 464
940 4 2 0 0 415 151 278 424
941 4 2 0 0 181 173 263 366
942 4 2 0 0 241 242 363 394
943 4 2 0 0 124 230 289 361
944 4 2 0 0 77 331 196 80
945 4 2 0 0 422 141 437 447
946 4 2 0 0 250 230 264 280
947 4 2 0 0 251 273 38 138
948 4 2 0 0 47 46 280 433
949 4 2 0 0 181 190 279 352
950 4 2 0 0 337 254 140 247
951 4 2 0 0 33 284 438 474
952 4 2 0 0 138 273 377 410
953 4 2 0 0 199 209 281 348
954 4 2 0 0 185 180 138 268
955 4 2 0 0 438 284 443 457
956 4 2 0 0 158 458 237 447
957 4 2 0 0 23 185 187 449
958 4 2 0 0 316 319 470 326
959 4 2 0 0 227 49 226 384
960 4 2 0 0 333 190 448 454
961 4 2 0 0 178 50 227 384
962 4 2 0 0 173 366 300 149
963 4 2 0 0 43 245 322 385
964 4 2 0 0 124 248 361 389
965 4 2 0 0 219 291 380 383
966 4 2 0 0 433 340 322 431
967 4 2 0 0 164 250 264 303
968 4 2 0 0 11 142 210 308
969 4 2 0 0 142 104 238 308
970 4 2 0 0 23 187 292 449
971 4 2 0 0 161 145 447 465
972 4 2 0 0 245 234 370 331
973 4 2 0 0 26 316 22 321
974 4 2 0 0 135 107 136 233
975 4 2 0 0 34 138 38 273
976 4 2 0 0 352 276 362 375
977 4 2 0 0 302 357 364 421
978 4 2 0 0 261 362 452 460
979 4 2 0 0 123 235 124 289
980 4 2 0 0 92 204 271 472
981 4 2 0 0 278 250 361 435
982 4 2 0 0 263 281 103 276
983 4 2 0 0 327 319 394 325
984 4 2 0 0 212 96 425 444
985 4 2 0 0 397 252 418 434
986 4 2 0 0 29 31 311 414
987 4 2 0 0 382 257 388 478
988 4 2 0 0 430 173 315 175
989 4 2 0 0 243 484 477 481
990 4 2 0 0 409 423 468 333
991 4 2 0 0 254 303 48 247
992 4 2 0 0 103 149 209 236
993 4 2 0 0 51 56 281 312
994 4 2 0 0 194 246 283 367
995 4 2 0 0 57 58 416 419
996 4 2 0 0 63 256 307 401
997 4 2 0 0 184 334 360 413
998 4 2 0 0 158 458 141 475
999 4 2 0 0 118 385 392 245
1000 4 2 0 0 277 200 325 429
1001 4 2 0 0 400 71 329 418
1002 4 2 0 0 203 277 325 429
1003 4 2 0 0 296 31 345 414
1004 4 2 0 0 184 179 290 413
1005 4 2 0 0 49 350 390 462
1006 4 2 0 0 63 61 70 244
1007 4 2 0 0 225 181 279 304
1008 4 2 0 0 190 228 412 465
1009 4 2 0 0 79 410 397 273
1010 4 2 0 0 345 29 368 414
1011 4 2 0 0 260 131 334 360
1012 4 2 0 0 313 439 58 359
1013 4 2 0 0 42 372 356 336
1014 4 2 0 0 78 77 371 377
1015 4 2 0 0 121 364 295 329
1016 4 2 0 0 180 185 138 377
1017 4 2 0 0 256 315 445 464
1018 4 2 0 0 48 41 247 280
1019 4 2 0 0 255 463 472 195
1020 4 2 0 0 167 272 13 223
1021 4 2 0 0 175 173 315 467
1022 4 2 0 0 172 145 175 463
1023 4 2 0 0 61 201 65 244
1024 4 2 0 0 86 376 456 473
1025 4 2 0 0 237 412 458 485
1026 4 2 0 0 221 208 322 431
1027 4 2 0 0 116 225 263 430
1028 4 2 0 0 260 166 360 413
1029 4 2 0 0 131 105 260 334
1030 4 2 0 0 23 292 294 449
1031 4 2 0 0 50 178 224 384
1032 4 2 0 0 144 277 382 480
1033 4 2 0 0 16 207 249 327
1034 4 2 0 0 237 161 449 292
1035 4 2 0 0 238 257 471 480
1036 4 2 0 0 299 34 446 380
1037 4 2 0 0 260 166 284 360
1038 4 2 0 0 185 221 157 385
1039 4 2 0 0 122 70 453 455
1040 4 2 0 0 347 330 371 377
1041 4 2 0 0 251 143 410 440
1042 4 2 0 0 295 176 302 455
1043 4 2 0 0 222 192 267 360
1044 4 2 0 0 145 172 190 465
1045 4 2 0 0 112 333 337 409
1046 4 2 0 0 192 222 450 457
1047 4 2 0 0 105 131 196 334
1048 4 2 0 0 328 276 238 477
1049 4 2 0 0 132 299 269 137
1050 4 2 0 0 129 16 207 249
1051 4 2 0 0 203 317 221 342
1052 4 2 0 0 81 12 165 249
1053 4 2 0 0 264 435 250 164
1054 4 2 0 0 291 268 137 273
1055 4 2 0 0 304 452 279 442
1056 4 2 0 0 458 213 482 484
1057 4 2 0 0 295 252 369 418
1058 4 2 0 0 290 179 293 402
1059 4 2 0 0 276 88 97 328
1060 4 2 0 0 458 213 422 475
1061 4 2 0 0 14 162 163 258
1062 4 2 0 0 156 14 169 258
1063 4 2 0 0 143 86 456 473
1064 4 2 0 0 364 329 421 432
1065 4 2 0 0 242 296 353 239
1066 4 2 0 0 161 449 412 237
1067 4 2 0 0 109 248 110 250
1068 4 2 0 0 214 96 315 366
1069 4 2 0 0 248 109 247 250
1070 4 2 0 0 151 168 215 310
1071 4 2 0 0 307 256 453 464
1072 4 2 0 0 250 164 365 388
1073 4 2 0 0 168 310 444 215
1074 4 2 0 0 38 34 291 358
1075 4 2 0 0 413 188 461 470
1076 4 2 0 0 220 443 367 282
1077 4 2 0 0 90 189 197 354
1078 4 2 0 0 243 276 352 422
1079 4 2 0 0 187 233 253 255
1080 4 2 0 0 187 195 233 255
1081 4 2 0 0 222 36 267 450
1082 4 2 0 0 342 159 423 468
1083 4 2 0 0 275 286 315 467
1084 4 2 0 0 60 332 403 439
1085 4 2 0 0 342 228 356 385
1086 4 2 0 0 11 104 142 308
1087 4 2 0 0 19 27 26 321
1088 4 2 0 0 242 320 414 368
1089 4 2 0 0 110 441 298 111
1090 4 2 0 0 330 347 371 432
1091 4 2 0 0 35 33 222 473
1092 4 2 0 0 362 352 375 452
1093 4 2 0 0 192 222 267 450
1094 4 2 0 0 466 253 187 305
1095 4 2 0 0 225 116 263 312
1096 4 2 0 0 409 388 462 478
1097 4 2 0 0 56 263 55 304
1098 4 2 0 0 94 204 218 255
1099 4 2 0 0 220 194 246 284
1100 4 2 0 0 98 141 206 475
1101 4 2 0 0 468 454 423 342
1102 4 2 0 0 238 177 257 287
1103 4 2 0 0 182 259 215 183
1104 4 2 0 0 109 478 388 409
1105 4 2 0 0 189 259 94 90
1106 4 2 0 0 320 321 338 368
1107 4 2 0 0 205 370 234 331
1108 4 2 0 0 193 151 310 424
1109 4 2 0 0 33 284 443 438
1110 4 2 0 0 125 153 306 314
1111 4 2 0 0 267 85 376 391
1112 4 2 0 0 123 124 230 289
1113 4 2 0 0 151 424 408 278
1114 4 2 0 0 340 433 322 47
1115 4 2 0 0 279 304 352 375
1116 4 2 0 0 83 85 267 391
1117 4 2 0 0 181 176 231 357
1118 4 2 0 0 217 271 286 463
1119 4 2 0 0 20 241 363 394
1120 4 2 0 0 329 73 341 389
1121 4 2 0 0 410 38 143 251
1122 4 2 0 0 65 120 119 262
1123 4 2 0 0 34 40 291 358
1124 4 2 0 0 55 263 225 304
1125 4 2 0 0 260 106 269 301
1126 4 2 0 0 439 313 58 60
1127 4 2 0 0 269 188 338 396
1128 4 2 0 0 106 260 269 132
1129 4 2 0 0 39 38 309 358
1130 4 2 0 0 226 49 350 384
1131 4 2 0 0 340 303 431 433
1132 4 2 0 0 458 243 484 485
1133 4 2 0 0 199 236 274 281
1134 4 2 0 0 193 310 313 424
1135 4 2 0 0 338 223 396 470
1136 4 2 0 0 169 89 218 265
1137 4 2 0 0 211 262 367 451
1138 4 2 0 0 255 288 297 305
1139 4 2 0 0 174 165 249 327
1140 4 2 0 0 293 290 322 370
1141 4 2 0 0 84 68 83 267
1142 4 2 0 0 309 39 358 369
1143 4 2 0 0 296 31 297 305
1144 4 2 0 0 80 205 391 393
1145 4 2 0 0 36 35 222 267
1146 4 2 0 0 408 211 450 451
1147 4 2 0 0 119 344 367 451
1148 4 2 0 0 86 83 85 267
1149 4 2 0 0 83 86 84 267
1150 4 2 0 0 196 157 245 392
1151 4 2 0 0 35 84 86 267
1152 4 2 0 0 347 118 351 392
1153 4 2 0 0 35 36 84 267
1154 4 2 0 0 416 405 419 417
1155 4 2 0 0 116 113 357 419
1156 4 2 0 0 22 26 133 339
1157 4 2 0 0 46 43 245 322
1158 4 2 0 0 442 279 112 452
1159 4 2 0 0 205 391 393 428
1160 4 2 0 0 200 277 101 285
1161 4 2 0 0 261 409 452 462
1162 4 2 0 0 304 452 442 375
1163 4 2 0 0 29 338 368 414
1164 4 2 0 0 301 134 311 339
1165 4 2 0 0 219 172 252 383
1166 4 2 0 0 255 288 466 472
1167 4 2 0 0 128 394 320 242
1168 4 2 0 0 391 331 85 376
1169 4 2 0 0 362 375 390 452
1170 4 2 0 0 263 236 281 312
1171 4 2 0 0 106 137 132 269
1172 4 2 0 0 137 106 107 269
1173 4 2 0 0 94 194 269 396
1174 4 2 0 0 234 245 370 123
1175 4 2 0 0 458 158 141 447
1176 4 2 0 0 123 322 370 46
1177 4 2 0 0 13 89 265 272
1178 4 2 0 0 13 265 266 272
1179 4 2 0 0 373 259 194 215
1180 4 2 0 0 130 216 395 427
1181 4 2 0 0 274 199 281 287
1182 4 2 0 0 29 26 27 321
1183 4 2 0 0 28 26 321 339
1184 4 2 0 0 213 243 481 484
1185 4 2 0 0 2 91 217 275
1186 4 2 0 0 144 102 484 486
1187 4 2 0 0 445 220 197 453
1188 4 2 0 0 47 41 48 280
1189 4 2 0 0 247 41 248 280
1190 4 2 0 0 286 217 463 467
1191 4 2 0 0 14 297 314 265
1192 4 2 0 0 364 418 432 330
1193 4 2 0 0 336 110 248 389
1194 4 2 0 0 352 279 375 452
1195 4 2 0 0 65 70 201 282
1196 4 2 0 0 172 455 295 383
1197 4 2 0 0 206 141 422 475
1198 4 2 0 0 404 149 407 422
1199 4 2 0 0 466 253 305 255
1200 4 2 0 0 144 382 476 480
1201 4 2 0 0 100 142 165 277
1202 4 2 0 0 257 238 477 480
1203 4 2 0 0 213 276 328 481
1204 4 2 0 0 142 101 165 277
1205 4 2 0 0 100 277 479 480
1206 4 2 0 0 127 207 216 327
1207 4 2 0 0 349 472 463 204
1208 4 2 0 0 60 61 244 332
1209 4 2 0 0 203 208 402 429
1210 4 2 0 0 366 315 405 430
1211 4 2 0 0 237 412 447 458
1212 4 2 0 0 334 260 360 413
1213 4 2 0 0 444 215 283 259
1214 4 2 0 0 184 290 334 413
1215 4 2 0 0 324 201 283 367
1216 4 2 0 0 34 299 446 443
1217 4 2 0 0 19 242 345 368
1218 4 2 0 0 177 388 384 365
1219 4 2 0 0 61 201 244 332
1220 4 2 0 0 60 58 403 416
1221 4 2 0 0 324 424 59 66
1222 4 2 0 0 425 283 259 444
1223 4 2 0 0 117 336 389 432
1224 4 2 0 0 261 362 390 462
1225 4 2 0 0 87 174 249 487
1226 4 2 0 0 220 201 282 367
1227 4 2 0 0 332 201 425 283
1228 4 2 0 0 122 65 119 282
1229 4 2 0 0 332 244 403 425
1230 4 2 0 0 65 122 70 282
1231 4 2 0 0 271 204 463 472
1232 4 2 0 0 107 136 255 311
1233 4 2 0 0 107 255 269 311
1234 4 2 0 0 172 175 176 445
1235 4 2 0 0 319 20 325 363
1236 4 2 0 0 432 111 389 298
1237 4 2 0 0 164 179 184 285
1238 4 2 0 0 21 8 20 294
1239 4 2 0 0 34 139 443 446
1240 4 2 0 0 366 405 417 430
1241 4 2 0 0 29 311 338 414
1242 4 2 0 0 48 47 303 340
1243 4 2 0 0 190 279 333 372
1244 4 2 0 0 169 3 258 472
1245 4 2 0 0 288 255 297 472
1246 4 2 0 0 151 164 184 285
1247 4 2 0 0 150 151 184 285
1248 4 2 0 0 204 92 271 286
1249 4 2 0 0 217 2 275 286
1250 4 2 0 0 204 189 270 286
1251 4 2 0 0 179 264 293 402
1252 4 2 0 0 217 92 270 286
1253 4 2 0 0 92 204 270 286
1254 4 2 0 0 189 148 270 286
1255 4 2 0 0 92 217 271 286
1256 4 2 0 0 2 217 270 286
1257 4 2 0 0 148 2 270 286
1258 4 2 0 0 2 148 275 286
1259 4 2 0 0 104 238 335 348
1260 4 2 0 0 202 220 269 349
1261 4 2 0 0 189 94 197 349
1262 4 2 0 0 419 405 430 417
1263 4 2 0 0 327 319 325 200
1264 4 2 0 0 74 397 418 434
1265 4 2 0 0 164 285 382 402
1266 4 2 0 0 132 260 284 360
1267 4 2 0 0 111 364 421 432
1268 4 2 0 0 218 265 272 297
1269 4 2 0 0 164 151 184 435
1270 4 2 0 0 165 81 249 327
1271 4 2 0 0 165 174 200 327
1272 4 2 0 0 171 81 200 327
1273 4 2 0 0 5 207 346 426
1274 4 2 0 0 84 450 36 68
1275 4 2 0 0 29 27 345 368
1276 4 2 0 0 61 313 324 332
1277 4 2 0 0 27 19 345 368
1278 4 2 0 0 211 193 262 408
1279 4 2 0 0 8 21 23 294
1280 4 2 0 0 341 68 343 450
1281 4 2 0 0 207 127 216 155
1282 4 2 0 0 171 223 327 200
1283 4 2 0 0 61 60 313 332
1284 4 2 0 0 333 279 352 452
1285 4 2 0 0 66 120 262 408
1286 4 2 0 0 313 283 324 332
1287 4 2 0 0 329 120 341 343
1288 4 2 0 0 229 8 292 294
1289 4 2 0 0 8 23 292 294
1290 4 2 0 0 288 239 296 379
1291 4 2 0 0 20 8 229 294
1292 4 2 0 0 306 292 229 240
1293 4 2 0 0 157 233 108 135
1294 4 2 0 0 123 234 289 370
1295 4 2 0 0 247 303 388 478
1296 4 2 0 0 285 277 382 402
1297 4 2 0 0 76 162 191 469
1298 4 2 0 0 111 279 364 372
1299 4 2 0 0 179 290 293 370
1300 4 2 0 0 268 299 107 255
1301 4 2 0 0 187 305 379 466
1302 4 2 0 0 24 23 187 379
1303 4 2 0 0 244 256 406 425
1304 4 2 0 0 21 157 208 381
1305 4 2 0 0 405 214 416 425
1306 4 2 0 0 36 457 67 222
1307 4 2 0 0 245 221 208 322
1308 4 2 0 0 220 202 269 299
1309 4 2 0 0 202 255 269 299
1310 4 2 0 0 214 403 425 444
1311 4 2 0 0 256 197 315 425
1312 4 2 0 0 309 79 397 273
1313 4 2 0 0 235 124 361 389
1314 4 2 0 0 42 45 44 356
1315 4 2 0 0 255 463 349 472
1316 4 2 0 0 282 67 457 344
1317 4 2 0 0 46 293 322 370
1318 4 2 0 0 219 252 291 383
1319 4 2 0 0 278 428 341 408
1320 4 2 0 0 38 434 79 75
1321 4 2 0 0 18 207 5 426
1322 4 2 0 0 324 201 332 283
1323 4 2 0 0 58 60 403 439
1324 4 2 0 0 371 74 397 418
1325 4 2 0 0 211 193 246 367
1326 4 2 0 0 275 217 286 467
1327 4 2 0 0 55 116 225 312
1328 4 2 0 0 329 295 400 418
1329 4 2 0 0 283 193 324 367
1330 4 2 0 0 375 54 390 452
1331 4 2 0 0 51 55 56 312
1332 4 2 0 0 312 274 51 52
1333 4 2 0 0 227 114 278 298
1334 4 2 0 0 110 227 278 298
1335 4 2 0 0 215 146 259 444
1336 4 2 0 0 408 211 428 450
1337 4 2 0 0 116 113 225 357
1338 4 2 0 0 168 444 198 146
1339 4 2 0 0 355 163 306 15
1340 4 2 0 0 54 49 56 390
1341 4 2 0 0 121 364 329 421
1342 4 2 0 0 104 160 168 348
1343 4 2 0 0 168 160 199 348
1344 4 2 0 0 54 56 375 390
1345 4 2 0 0 213 206 407 422
1346 4 2 0 0 180 330 465 185
1347 4 2 0 0 287 390 51 350
1348 4 2 0 0 251 196 456 410
1349 4 2 0 0 398 58 403 439
1350 4 2 0 0 110 441 227 298
1351 4 2 0 0 351 43 356 385
1352 4 2 0 0 184 150 413 166
1353 4 2 0 0 69 122 121 302
1354 4 2 0 0 88 232 238 308
1355 4 2 0 0 47 303 340 433
1356 4 2 0 0 248 110 361 389
1357 4 2 0 0 110 298 361 389
1358 4 2 0 0 247 48 280 303
1359 4 2 0 0 303 280 250 264
1360 4 2 0 0 272 297 353 414
1361 4 2 0 0 208 290 326 381
1362 4 2 0 0 21 23 157 381
1363 4 2 0 0 24 381 21 22
1364 4 2 0 0 91 149 173 467
1365 4 2 0 0 381 24 23 135
1366 4 2 0 0 30 25 31 305
1367 4 2 0 0 7 25 30 305
1368 4 2 0 0 31 25 32 305
1369 4 2 0 0 25 7 24 305
1370 4 2 0 0 459 444 96 160
1371 4 2 0 0 290 293 322 208
1372 4 2 0 0 316 319 363 470
1373 4 2 0 0 288 239 379 306
1374 4 2 0 0 125 239 296 306
1375 4 2 0 0 355 163 15 162
1376 4 2 0 0 240 125 126 306
1377 4 2 0 0 126 125 152 306
1378 4 2 0 0 125 240 239 306
1379 4 2 0 0 423 254 409 159
1380 4 2 0 0 152 125 153 306
1381 4 2 0 0 180 309 252 397
1382 4 2 0 0 250 278 365 435
1383 4 2 0 0 298 121 329 421
1384 4 2 0 0 151 278 428 435
1385 4 2 0 0 420 401 62 357
1386 4 2 0 0 411 295 369 399
1387 4 2 0 0 70 122 302 455
1388 4 2 0 0 214 366 405 417
1389 4 2 0 0 168 178 198 310
1390 4 2 0 0 296 288 297 314
1391 4 2 0 0 265 258 297 169
1392 4 2 0 0 179 289 435 205
1393 4 2 0 0 178 168 151 310
1394 4 2 0 0 168 178 151 177
1395 4 2 0 0 258 288 306 314
1396 4 2 0 0 296 125 306 314
1397 4 2 0 0 197 286 189 349
1398 4 2 0 0 287 224 51 274
1399 4 2 0 0 106 107 269 311
1400 4 2 0 0 29 31 28 311
1401 4 2 0 0 31 32 28 311
1402 4 2 0 0 136 28 32 311
1403 4 2 0 0 28 136 134 311
1404 4 2 0 0 136 106 134 311
1405 4 2 0 0 106 136 107 311
1406 4 2 0 0 294 325 221 203
1407 4 2 0 0 163 258 314 14
1408 4 2 0 0 153 163 306 314
1409 4 2 0 0 153 6 163 314
1410 4 2 0 0 341 361 393 428
1411 4 2 0 0 265 258 169 14
1412 4 2 0 0 265 14 266 314
1413 4 2 0 0 354 259 212 197
1414 4 2 0 0 14 6 266 314
1415 4 2 0 0 189 148 286 354
1416 4 2 0 0 6 14 163 314
1417 4 2 0 0 288 469 472 258
1418 4 2 0 0 229 292 355 294
1419 4 2 0 0 454 333 460 468
1420 4 2 0 0 111 336 372 432
1421 4 2 0 0 284 367 443 457
1422 4 2 0 0 330 371 397 418
1423 4 2 0 0 118 234 245 386
1424 4 2 0 0 276 281 287 362
1425 4 2 0 0 237 203 342 485
1426 4 2 0 0 23 135 157 381
1427 4 2 0 0 7 345 30 27
1428 4 2 0 0 42 372 336 351
1429 4 2 0 0 5 152 163 346
1430 4 2 0 0 177 178 384 224
1431 4 2 0 0 154 17 266 395
1432 4 2 0 0 311 297 338 414
1433 4 2 0 0 13 130 216 395
1434 4 2 0 0 130 81 171 327
1435 4 2 0 0 159 144 203 431
1436 4 2 0 0 111 432 389 336
1437 4 2 0 0 332 403 439 444
1438 4 2 0 0 293 208 402 433
1439 4 2 0 0 19 26 22 321
1440 4 2 0 0 79 74 75 434
1441 4 2 0 0 181 225 279 364
1442 4 2 0 0 261 287 350 362
1443 4 2 0 0 350 226 384 388
1444 4 2 0 0 117 118 347 386
1445 4 2 0 0 289 235 361 393
1446 4 2 0 0 77 73 371 386
1447 4 2 0 0 120 298 329 341
1448 4 2 0 0 347 117 387 432
1449 4 2 0 0 364 111 372 432
1450 4 2 0 0 317 385 322 221
1451 4 2 0 0 45 140 317 322
1452 4 2 0 0 46 47 140 322
1453 4 2 0 0 43 46 140 322
1454 4 2 0 0 140 385 322 45
1455 4 2 0 0 234 235 289 393
1456 4 2 0 0 303 264 402 433
1457 4 2 0 0 45 42 43 356
1458 4 2 0 0 151 415 278 178
1459 4 2 0 0 243 477 276 481
1460 4 2 0 0 158 458 475 98
1461 4 2 0 0 262 193 324 424
1462 4 2 0 0 109 478 409 247
1463 4 2 0 0 59 66 65 324
1464 4 2 0 0 166 184 192 360
1465 4 2 0 0 61 59 65 324
1466 4 2 0 0 229 20 294 325
1467 4 2 0 0 20 21 294 325
1468 4 2 0 0 221 21 294 23
1469 4 2 0 0 325 221 208 21
1470 4 2 0 0 325 294 221 21
1471 4 2 0 0 376 131 456 473
1472 4 2 0 0 255 202 269 349
1473 4 2 0 0 103 287 335 276
1474 4 2 0 0 190 181 279 364
1475 4 2 0 0 371 347 387 432
1476 4 2 0 0 432 190 364 347
1477 4 2 0 0 118 385 351 392
1478 4 2 0 0 347 330 364 432
1479 4 2 0 0 302 453 455 307
1480 4 2 0 0 88 238 328 335
1481 4 2 0 0 154 266 353 395
1482 4 2 0 0 353 395 216 154
1483 4 2 0 0 175 176 181 364
1484 4 2 0 0 151 408 193 428
1485 4 2 0 0 205 184 391 428
1486 4 2 0 0 81 16 249 327
1487 4 2 0 0 16 81 130 327
1488 4 2 0 0 121 120 298 329
1489 4 2 0 0 316 301 381 188
1490 4 2 0 0 36 457 222 37
1491 4 2 0 0 16 207 327 426
1492 4 2 0 0 264 164 382 402
1493 4 2 0 0 151 177 178 365
1494 4 2 0 0 151 178 278 365
1495 4 2 0 0 290 326 334 413
1496 4 2 0 0 159 317 431 342
1497 4 2 0 0 117 372 432 351
1498 4 2 0 0 272 297 266 353
1499 4 2 0 0 122 295 302 455
1500 4 2 0 0 178 115 398 415
1501 4 2 0 0 362 261 452 462
1502 4 2 0 0 209 199 281 236
1503 4 2 0 0 111 112 279 372
1504 4 2 0 0 424 151 408 193
1505 4 2 0 0 277 200 101 165
1506 4 2 0 0 104 168 238 348
1507 4 2 0 0 242 296 239 345
1508 4 2 0 0 296 125 314 353
1509 4 2 0 0 359 310 398 415
1510 4 2 0 0 172 175 445 463
1511 4 2 0 0 90 148 189 354
1512 4 2 0 0 285 277 402 429
1513 4 2 0 0 145 172 195 463
1514 4 2 0 0 54 375 442 452
1515 4 2 0 0 203 317 431 221
1516 4 2 0 0 120 400 343 329
1517 4 2 0 0 205 290 331 334
1518 4 2 0 0 120 298 341 408
1519 4 2 0 0 205 184 290 334
1520 4 2 0 0 324 201 367 65
1521 4 2 0 0 185 196 138 377
1522 4 2 0 0 250 110 278 361
1523 4 2 0 0 248 110 250 361
1524 4 2 0 0 383 202 445 436
1525 4 2 0 0 82 80 391 393
1526 4 2 0 0 185 138 108 268
1527 4 2 0 0 157 105 196 334
1528 4 2 0 0 157 196 331 334
1529 4 2 0 0 349 269 194 220
1530 4 2 0 0 34 40 139 446
1531 4 2 0 0 200 277 285 429
1532 4 2 0 0 54 56 304 375
1533 4 2 0 0 272 218 297 338
1534 4 2 0 0 324 313 359 424
1535 4 2 0 0 158 191 355 483
1536 4 2 0 0 297 218 311 338
1537 4 2 0 0 211 192 450 457
1538 4 2 0 0 95 147 215 373
1539 4 2 0 0 269 188 301 338
1540 4 2 0 0 269 301 311 338
1541 4 2 0 0 218 94 269 374
1542 4 2 0 0 454 468 423 333
1543 4 2 0 0 416 115 417 419
1544 4 2 0 0 315 197 354 425
1545 4 2 0 0 197 201 283 425
1546 4 2 0 0 316 320 321 338
1547 4 2 0 0 406 430 231 401
1548 4 2 0 0 78 196 410 440
1549 4 2 0 0 351 347 372 432
1550 4 2 0 0 338 321 339 28
1551 4 2 0 0 254 140 247 48
1552 4 2 0 0 29 28 321 338
1553 4 2 0 0 28 29 311 338
1554 4 2 0 0 26 316 321 339
1555 4 2 0 0 26 316 339 22
1556 4 2 0 0 26 134 133 339
1557 4 2 0 0 134 26 28 339
1558 4 2 0 0 245 157 385 392
1559 4 2 0 0 185 157 196 392
1560 4 2 0 0 86 35 376 473
1561 4 2 0 0 111 442 441 279
1562 4 2 0 0 109 337 247 409
1563 4 2 0 0 174 100 277 479
1564 4 2 0 0 245 118 386 392
1565 4 2 0 0 74 341 329 73
1566 4 2 0 0 83 329 341 68
1567 4 2 0 0 51 49 350 390
1568 4 2 0 0 56 51 281 390
1569 4 2 0 0 120 119 262 451
1570 4 2 0 0 337 109 112 409
1571 4 2 0 0 157 185 385 392
1572 4 2 0 0 74 341 83 329
1573 4 2 0 0 74 341 73 83
1574 4 2 0 0 83 341 73 82
1575 4 2 0 0 315 231 405 430
1576 4 2 0 0 341 82 391 393
1577 4 2 0 0 68 400 329 343
1578 4 2 0 0 101 150 396 461
1579 4 2 0 0 112 333 409 452
1580 4 2 0 0 321 29 338 368
1581 4 2 0 0 27 29 321 368
1582 4 2 0 0 321 320 363 368
1583 4 2 0 0 398 214 403 417
1584 4 2 0 0 19 320 242 368
1585 4 2 0 0 59 66 114 420
1586 4 2 0 0 67 282 399 344
1587 4 2 0 0 345 7 19 27
1588 4 2 0 0 350 226 388 462
1589 4 2 0 0 7 345 318 30
1590 4 2 0 0 242 239 318 345
1591 4 2 0 0 425 275 300 354
1592 4 2 0 0 27 31 29 345
1593 4 2 0 0 19 242 318 345
1594 4 2 0 0 31 27 30 345
1595 4 2 0 0 380 202 219 436
1596 4 2 0 0 178 227 278 365
1597 4 2 0 0 173 181 263 352
1598 4 2 0 0 227 110 278 365
1599 4 2 0 0 110 250 278 365
1600 4 2 0 0 109 227 226 365
1601 4 2 0 0 78 79 397 434
1602 4 2 0 0 227 109 110 365
1603 4 2 0 0 103 263 276 352
1604 4 2 0 0 281 287 362 390
1605 4 2 0 0 149 173 263 352
1606 4 2 0 0 94 194 197 349
1607 4 2 0 0 197 194 220 349
1608 4 2 0 0 195 202 255 349
1609 4 2 0 0 349 472 204 255
1610 4 2 0 0 94 189 204 349
1611 4 2 0 0 51 287 274 281
1612 4 2 0 0 22 19 321 363
1613 4 2 0 0 363 326 21 319
1614 4 2 0 0 20 19 21 363
1615 4 2 0 0 19 20 241 363
1616 4 2 0 0 316 22 321 363
1617 4 2 0 0 19 241 242 363
1618 4 2 0 0 211 193 408 428
1619 4 2 0 0 20 21 325 363
1620 4 2 0 0 119 201 282 65
1621 4 2 0 0 42 118 43 351
1622 4 2 0 0 434 71 39 369
1623 4 2 0 0 231 176 307 357
1624 4 2 0 0 118 42 117 351
1625 4 2 0 0 194 201 220 367
1626 4 2 0 0 285 179 290 402
1627 4 2 0 0 147 168 95 215
1628 4 2 0 0 395 353 216 272
1629 4 2 0 0 279 190 333 352
1630 4 2 0 0 179 285 290 413
1631 4 2 0 0 380 219 383 436
1632 4 2 0 0 320 316 321 363
1633 4 2 0 0 94 269 374 396
1634 4 2 0 0 266 13 272 353
1635 4 2 0 0 125 242 128 353
1636 4 2 0 0 154 125 128 353
1637 4 2 0 0 242 125 239 353
1638 4 2 0 0 125 154 153 353
1639 4 2 0 0 207 306 229 126
1640 4 2 0 0 306 15 346 355
1641 4 2 0 0 15 207 346 355
1642 4 2 0 0 237 323 355 488
1643 4 2 0 0 319 320 394 363
1644 4 2 0 0 320 316 363 470
1645 4 2 0 0 243 213 458 484
1646 4 2 0 0 229 306 240 126
1647 4 2 0 0 319 20 363 394
1648 4 2 0 0 207 306 126 152
1649 4 2 0 0 319 320 223 394
1650 4 2 0 0 306 346 207 355
1651 4 2 0 0 346 306 207 152
1652 4 2 0 0 207 229 355 488
1653 4 2 0 0 323 237 486 488
1654 4 2 0 0 15 129 207 355
1655 4 2 0 0 355 487 323 186
1656 4 2 0 0 76 15 162 355
1657 4 2 0 0 15 76 186 355
1658 4 2 0 0 102 477 484 481
1659 4 2 0 0 484 243 477 460
1660 4 2 0 0 76 4 186 355
1661 4 2 0 0 129 15 186 355
1662 4 2 0 0 369 71 400 418
1663 4 2 0 0 74 73 329 418
1664 4 2 0 0 46 47 322 433
1665 4 2 0 0 58 313 59 61
1666 4 2 0 0 64 244 406 416
1667 4 2 0 0 212 197 259 425
1668 4 2 0 0 96 214 315 425
1669 4 2 0 0 114 58 115 359
1670 4 2 0 0 59 58 114 359
1671 4 2 0 0 60 403 244 416
1672 4 2 0 0 58 313 61 60
1673 4 2 0 0 180 138 268 273
1674 4 2 0 0 33 139 443 474
1675 4 2 0 0 284 360 438 474
1676 4 2 0 0 238 199 287 348
1677 4 2 0 0 264 230 293 280
1678 4 2 0 0 350 261 362 390
1679 4 2 0 0 139 40 411 446
1680 4 2 0 0 147 168 215 471
1681 4 2 0 0 282 220 436 453
1682 4 2 0 0 334 184 360 376
1683 4 2 0 0 131 334 360 376
1684 4 2 0 0 67 344 450 457
1685 4 2 0 0 131 334 376 456
1686 4 2 0 0 216 353 154 128
1687 4 2 0 0 85 86 267 376
1688 4 2 0 0 186 323 355 483
1689 4 2 0 0 19 22 21 363
1690 4 2 0 0 172 175 190 364
1691 4 2 0 0 175 172 176 364
1692 4 2 0 0 103 422 276 407
1693 4 2 0 0 206 141 407 422
1694 4 2 0 0 337 333 372 448
1695 4 2 0 0 141 91 404 422
1696 4 2 0 0 378 149 91 422
1697 4 2 0 0 176 172 295 364
1698 4 2 0 0 172 190 330 364
1699 4 2 0 0 147 150 215 373
1700 4 2 0 0 455 172 295 176
1701 4 2 0 0 295 330 172 252
1702 4 2 0 0 330 295 172 364
1703 4 2 0 0 214 405 416 417
1704 4 2 0 0 224 287 350 177
1705 4 2 0 0 364 329 418 295
1706 4 2 0 0 203 144 277 431
1707 4 2 0 0 252 369 418 434
1708 4 2 0 0 96 149 300 366
1709 4 2 0 0 149 96 209 366
1710 4 2 0 0 193 262 324 367
1711 4 2 0 0 243 422 437 458
1712 4 2 0 0 262 211 408 451
1713 4 2 0 0 286 349 445 463
1714 4 2 0 0 119 343 344 451
1715 4 2 0 0 428 278 341 361
1716 4 2 0 0 262 65 324 367
1717 4 2 0 0 380 202 299 219
1718 4 2 0 0 179 230 289 370
1719 4 2 0 0 73 78 77 371
1720 4 2 0 0 78 73 74 371
1721 4 2 0 0 333 112 337 372
1722 4 2 0 0 279 190 364 372
1723 4 2 0 0 190 228 351 372
1724 4 2 0 0 322 340 317 431
1725 4 2 0 0 264 280 293 433
1726 4 2 0 0 432 190 372 364
1727 4 2 0 0 347 190 351 372
1728 4 2 0 0 337 111 336 372
1729 4 2 0 0 111 337 112 372
1730 4 2 0 0 209 281 348 103
1731 4 2 0 0 58 115 416 419
1732 4 2 0 0 115 116 417 419
1733 4 2 0 0 66 120 298 421
1734 4 2 0 0 371 78 377 397
1735 4 2 0 0 330 371 377 397
1736 4 2 0 0 203 431 342 159
1737 4 2 0 0 93 9 170 374
1738 4 2 0 0 122 70 282 453
1739 4 2 0 0 323 458 158 98
1740 4 2 0 0 83 267 341 391
1741 4 2 0 0 208 245 322 290
1742 4 2 0 0 202 220 445 436
1743 4 2 0 0 376 334 205 331
1744 4 2 0 0 388 177 384 350
1745 4 2 0 0 173 352 422 437
1746 4 2 0 0 40 72 139 411
1747 4 2 0 0 360 222 438 474
1748 4 2 0 0 86 222 35 267
1749 4 2 0 0 267 222 360 376
1750 4 2 0 0 196 185 138 108
1751 4 2 0 0 281 362 375 390
1752 4 2 0 0 208 293 322 433
1753 4 2 0 0 281 56 263 312
1754 4 2 0 0 288 292 306 379
1755 4 2 0 0 240 239 306 379
1756 4 2 0 0 288 239 306 296
1757 4 2 0 0 296 239 318 379
1758 4 2 0 0 30 296 318 379
1759 4 2 0 0 7 30 318 379
1760 4 2 0 0 30 7 305 379
1761 4 2 0 0 31 379 305 296
1762 4 2 0 0 23 7 8 379
1763 4 2 0 0 8 7 318 379
1764 4 2 0 0 240 8 318 379
1765 4 2 0 0 7 23 24 379
1766 4 2 0 0 239 240 318 379
1767 4 2 0 0 22 316 339 381
1768 4 2 0 0 326 363 21 381
1769 4 2 0 0 22 21 363 381
1770 4 2 0 0 105 133 301 381
1771 4 2 0 0 301 133 339 381
1772 4 2 0 0 334 376 205 184
1773 4 2 0 0 316 301 188 339
1774 4 2 0 0 193 192 428 211
1775 4 2 0 0 188 316 326 381
1776 4 2 0 0 326 316 363 381
1777 4 2 0 0 316 22 363 381
1778 4 2 0 0 31 29 345 414
1779 4 2 0 0 188 260 301 381
1780 4 2 0 0 260 105 381 334
1781 4 2 0 0 255 218 297 472
1782 4 2 0 0 31 379 30 305
1783 4 2 0 0 64 256 401 406
1784 4 2 0 0 16 129 207 426
1785 4 2 0 0 214 236 366 417
1786 4 2 0 0 278 415 424 114
1787 4 2 0 0 437 412 454 458
1788 4 2 0 0 114 359 415 424
1789 4 2 0 0 221 342 385 449
1790 4 2 0 0 228 342 412 449
1791 4 2 0 0 356 423 337 448
1792 4 2 0 0 141 378 422 437
1793 4 2 0 0 384 177 224 350
1794 4 2 0 0 423 254 159 317
1795 4 2 0 0 295 369 399 400
1796 4 2 0 0 121 295 399 400
1797 4 2 0 0 369 71 399 400
1798 4 2 0 0 358 252 369 383
1799 4 2 0 0 252 295 369 383
1800 4 2 0 0 261 409 462 478
1801 4 2 0 0 267 341 428 450
1802 4 2 0 0 459 444 198 96
1803 4 2 0 0 205 234 80 331
1804 4 2 0 0 221 245 385 322
1805 4 2 0 0 235 80 82 393
1806 4 2 0 0 234 205 393 289
1807 4 2 0 0 140 254 340 48
1808 4 2 0 0 221 245 208 157
1809 4 2 0 0 257 261 350 388
1810 4 2 0 0 164 177 365 388
1811 4 2 0 0 177 164 257 388
1812 4 2 0 0 410 397 273 377
1813 4 2 0 0 257 164 382 388
1814 4 2 0 0 102 328 477 481
1815 4 2 0 0 109 247 250 388
1816 4 2 0 0 250 247 303 388
1817 4 2 0 0 164 250 303 388
1818 4 2 0 0 164 303 382 388
1819 4 2 0 0 98 458 475 482
1820 4 2 0 0 246 438 192 457
1821 4 2 0 0 227 113 421 441
1822 4 2 0 0 410 79 397 78
1823 4 2 0 0 196 138 377 410
1824 4 2 0 0 117 235 387 389
1825 4 2 0 0 110 336 111 389
1826 4 2 0 0 42 41 117 389
1827 4 2 0 0 336 41 42 389
1828 4 2 0 0 235 73 387 389
1829 4 2 0 0 82 73 235 389
1830 4 2 0 0 257 382 476 478
1831 4 2 0 0 309 180 291 273
1832 4 2 0 0 460 468 484 485
1833 4 2 0 0 82 80 83 391
1834 4 2 0 0 83 80 85 391
1835 4 2 0 0 118 347 386 392
1836 4 2 0 0 185 196 377 392
1837 4 2 0 0 347 185 377 392
1838 4 2 0 0 77 245 386 392
1839 4 2 0 0 77 196 245 392
1840 4 2 0 0 196 77 377 392
1841 4 2 0 0 347 371 386 392
1842 4 2 0 0 371 347 377 392
1843 4 2 0 0 371 77 386 392
1844 4 2 0 0 77 371 377 392
1845 4 2 0 0 80 235 234 393
1846 4 2 0 0 229 325 327 394
1847 4 2 0 0 83 329 68 74
1848 4 2 0 0 482 485 484 486
1849 4 2 0 0 223 327 319 394
1850 4 2 0 0 207 229 327 394
1851 4 2 0 0 127 207 327 394
1852 4 2 0 0 207 127 229 394
1853 4 2 0 0 394 128 320 216
1854 4 2 0 0 128 127 216 394
1855 4 2 0 0 127 242 241 394
1856 4 2 0 0 242 127 128 394
1857 4 2 0 0 150 194 215 396
1858 4 2 0 0 215 194 373 396
1859 4 2 0 0 150 215 373 396
1860 4 2 0 0 261 350 388 462
1861 4 2 0 0 350 261 390 462
1862 4 2 0 0 54 49 390 462
1863 4 2 0 0 109 112 409 462
1864 4 2 0 0 390 442 54 462
1865 4 2 0 0 93 170 373 396
1866 4 2 0 0 93 182 374 396
1867 4 2 0 0 182 93 373 396
1868 4 2 0 0 374 194 94 396
1869 4 2 0 0 170 101 373 396
1870 4 2 0 0 179 164 184 435
1871 4 2 0 0 278 361 428 435
1872 4 2 0 0 151 164 365 435
1873 4 2 0 0 337 254 247 409
1874 4 2 0 0 198 178 199 398
1875 4 2 0 0 199 178 274 398
1876 4 2 0 0 45 342 385 317
1877 4 2 0 0 295 121 329 400
1878 4 2 0 0 119 399 282 344
1879 4 2 0 0 236 274 312 417
1880 4 2 0 0 309 252 397 434
1881 4 2 0 0 62 307 357 401
1882 4 2 0 0 420 401 419 57
1883 4 2 0 0 62 63 307 401
1884 4 2 0 0 63 57 64 401
1885 4 2 0 0 63 62 57 401
1886 4 2 0 0 181 225 357 430
1887 4 2 0 0 231 181 357 430
1888 4 2 0 0 117 347 351 432
1889 4 2 0 0 117 372 351 336
1890 4 2 0 0 401 430 419 406
1891 4 2 0 0 175 181 231 430
1892 4 2 0 0 225 181 263 430
1893 4 2 0 0 430 406 231 405
1894 4 2 0 0 231 357 401 430
1895 4 2 0 0 246 438 457 284
1896 4 2 0 0 298 111 421 432
1897 4 2 0 0 329 298 421 432
1898 4 2 0 0 329 364 418 432
1899 4 2 0 0 73 371 387 432
1900 4 2 0 0 5 207 152 346
1901 4 2 0 0 207 129 346 426
1902 4 2 0 0 198 199 236 417
1903 4 2 0 0 403 214 416 417
1904 4 2 0 0 199 198 398 417
1905 4 2 0 0 274 199 398 417
1906 4 2 0 0 236 199 274 417
1907 4 2 0 0 73 74 371 418
1908 4 2 0 0 18 207 155 5
1909 4 2 0 0 161 412 465 447
1910 4 2 0 0 97 103 276 407
1911 4 2 0 0 292 306 355 469
1912 4 2 0 0 159 303 382 431
1913 4 2 0 0 205 184 428 435
1914 4 2 0 0 252 295 330 418
1915 4 2 0 0 45 356 342 423
1916 4 2 0 0 422 149 103 352
1917 4 2 0 0 313 310 359 424
1918 4 2 0 0 44 254 423 317
1919 4 2 0 0 1 141 404 407
1920 4 2 0 0 1 97 206 407
1921 4 2 0 0 141 1 206 407
1922 4 2 0 0 206 97 213 407
1923 4 2 0 0 181 173 366 430
1924 4 2 0 0 116 263 417 430
1925 4 2 0 0 120 66 298 408
1926 4 2 0 0 96 209 236 459
1927 4 2 0 0 277 203 402 429
1928 4 2 0 0 263 366 417 430
1929 4 2 0 0 208 325 326 429
1930 4 2 0 0 14 297 258 314
1931 4 2 0 0 173 430 315 366
1932 4 2 0 0 437 412 447 465
1933 4 2 0 0 315 214 405 425
1934 4 2 0 0 57 64 406 416
1935 4 2 0 0 74 71 75 418
1936 4 2 0 0 274 115 312 417
1937 4 2 0 0 377 78 196 410
1938 4 2 0 0 86 222 267 376
1939 4 2 0 0 251 273 138 410
1940 4 2 0 0 279 225 304 441
1941 4 2 0 0 225 53 304 441
1942 4 2 0 0 225 279 421 441
1943 4 2 0 0 113 225 421 441
1944 4 2 0 0 111 298 421 441
1945 4 2 0 0 380 383 358 411
1946 4 2 0 0 383 380 358 291
1947 4 2 0 0 185 221 385 449
1948 4 2 0 0 316 188 326 470
1949 4 2 0 0 292 237 294 449
1950 4 2 0 0 180 309 291 252
1951 4 2 0 0 342 356 448 423
1952 4 2 0 0 44 45 317 423
1953 4 2 0 0 437 422 447 458
1954 4 2 0 0 151 150 215 471
1955 4 2 0 0 36 67 68 450
1956 4 2 0 0 341 343 408 450
1957 4 2 0 0 192 267 428 450
1958 4 2 0 0 67 36 222 450
1959 4 2 0 0 341 408 428 450
1960 4 2 0 0 237 292 355 469
1961 4 2 0 0 412 437 447 458
1962 4 2 0 0 334 326 381 413
1963 4 2 0 0 326 188 381 413
1964 4 2 0 0 260 334 381 413
1965 4 2 0 0 188 260 381 413
1966 4 2 0 0 321 338 339 316
1967 4 2 0 0 272 320 338 414
1968 4 2 0 0 338 320 368 414
1969 4 2 0 0 306 207 229 355
1970 4 2 0 0 42 372 351 356
1971 4 2 0 0 256 315 405 425
1972 4 2 0 0 256 405 406 425
1973 4 2 0 0 425 275 354 315
1974 4 2 0 0 197 212 354 425
1975 4 2 0 0 201 197 256 425
1976 4 2 0 0 71 434 418 369
1977 4 2 0 0 295 369 400 418
1978 4 2 0 0 57 60 64 416
1979 4 2 0 0 422 149 352 173
1980 4 2 0 0 60 57 58 416
1981 4 2 0 0 310 168 444 198
1982 4 2 0 0 115 274 398 417
1983 4 2 0 0 416 398 403 417
1984 4 2 0 0 416 398 58 403
1985 4 2 0 0 405 416 419 406
1986 4 2 0 0 116 263 312 417
1987 4 2 0 0 75 74 418 434
1988 4 2 0 0 203 208 221 431
1989 4 2 0 0 236 263 366 417
1990 4 2 0 0 263 236 312 417
1991 4 2 0 0 412 448 342 228
1992 4 2 0 0 115 274 312 52
1993 4 2 0 0 419 405 406 430
1994 4 2 0 0 398 416 115 417
1995 4 2 0 0 312 116 52 55
1996 4 2 0 0 115 312 116 52
1997 4 2 0 0 113 357 419 420
1998 4 2 0 0 237 158 355 483
1999 4 2 0 0 214 198 403 444
2000 4 2 0 0 277 382 402 431
2001 4 2 0 0 159 254 303 431
2002 4 2 0 0 382 144 431 277
2003 4 2 0 0 115 312 417 116
2004 4 2 0 0 14 297 265 258
2005 4 2 0 0 196 331 334 456
2006 4 2 0 0 113 357 420 421
2007 4 2 0 0 113 114 227 421
2008 4 2 0 0 227 114 298 421
2009 4 2 0 0 66 114 420 421
2010 4 2 0 0 114 66 298 421
2011 4 2 0 0 113 225 357 421
2012 4 2 0 0 357 225 364 421
2013 4 2 0 0 225 279 364 421
2014 4 2 0 0 304 279 441 442
2015 4 2 0 0 436 220 445 453
2016 4 2 0 0 447 145 378 437
2017 4 2 0 0 69 357 302 421
2018 4 2 0 0 410 397 377 78
2019 4 2 0 0 275 197 315 286
2020 4 2 0 0 69 357 421 420
2021 4 2 0 0 121 66 69 421
2022 4 2 0 0 114 113 420 421
2023 4 2 0 0 66 121 120 421
2024 4 2 0 0 286 204 349 463
2025 4 2 0 0 190 228 372 448
2026 4 2 0 0 448 351 228 372
2027 4 2 0 0 356 337 372 448
2028 4 2 0 0 91 149 404 422
2029 4 2 0 0 91 141 378 422
2030 4 2 0 0 207 129 249 488
2031 4 2 0 0 262 66 408 424
2032 4 2 0 0 66 262 324 424
2033 4 2 0 0 278 415 114 178
2034 4 2 0 0 393 435 428 361
2035 4 2 0 0 114 278 298 424
2036 4 2 0 0 298 278 408 424
2037 4 2 0 0 66 59 114 424
2038 4 2 0 0 114 59 359 424
2039 4 2 0 0 66 114 298 424
2040 4 2 0 0 66 298 408 424
2041 4 2 0 0 406 405 416 425
2042 4 2 0 0 244 406 416 425
2043 4 2 0 0 143 79 410 440
2044 4 2 0 0 79 78 410 440
2045 4 2 0 0 302 453 70 455
2046 4 2 0 0 201 332 425 244
2047 4 2 0 0 212 96 300 425
2048 4 2 0 0 212 300 354 425
2049 4 2 0 0 184 192 267 428
2050 4 2 0 0 184 151 193 428
2051 4 2 0 0 423 254 337 409
2052 4 2 0 0 267 341 391 428
2053 4 2 0 0 282 411 436 446
2054 4 2 0 0 352 243 437 454
2055 4 2 0 0 411 380 436 446
2056 4 2 0 0 383 436 445 455
2057 4 2 0 0 319 461 223 470
2058 4 2 0 0 101 200 285 461
2059 4 2 0 0 120 262 408 451
2060 4 2 0 0 262 119 367 451
2061 4 2 0 0 458 158 237 323
2062 4 2 0 0 343 120 408 451
2063 4 2 0 0 116 417 419 430
2064 4 2 0 0 357 116 419 430
2065 4 2 0 0 220 445 197 349
2066 4 2 0 0 168 147 142 471
2067 4 2 0 0 203 317 342 431
2068 4 2 0 0 303 254 340 431
2069 4 2 0 0 317 221 322 431
2070 4 2 0 0 309 39 369 434
2071 4 2 0 0 74 78 397 434
2072 4 2 0 0 38 434 39 309
2073 4 2 0 0 254 317 340 431
2074 4 2 0 0 44 254 317 140
2075 4 2 0 0 322 340 47 140
2076 4 2 0 0 340 322 317 140
2077 4 2 0 0 413 208 285 290
2078 4 2 0 0 38 434 309 79
2079 4 2 0 0 298 329 389 432
2080 4 2 0 0 387 117 389 432
2081 4 2 0 0 364 418 330 295
2082 4 2 0 0 432 418 73 371
2083 4 2 0 0 73 387 389 432
2084 4 2 0 0 329 73 389 432
2085 4 2 0 0 164 250 365 435
2086 4 2 0 0 230 264 435 250
2087 4 2 0 0 208 245 290 157
2088 4 2 0 0 5 207 155 152
2089 4 2 0 0 230 289 361 435
2090 4 2 0 0 230 250 361 248
2091 4 2 0 0 250 230 361 435
2092 4 2 0 0 299 268 107 137
2093 4 2 0 0 289 179 435 230
2094 4 2 0 0 289 393 435 205
2095 4 2 0 0 460 454 468 485
2096 4 2 0 0 299 436 202 380
2097 4 2 0 0 40 380 411 446
2098 4 2 0 0 221 23 294 449
2099 4 2 0 0 23 157 185 449
2100 4 2 0 0 342 228 385 449
2101 4 2 0 0 352 243 422 437
2102 4 2 0 0 176 172 445 455
2103 4 2 0 0 181 190 352 437
2104 4 2 0 0 173 181 352 437
2105 4 2 0 0 181 175 437 173
2106 4 2 0 0 173 145 175 437
2107 4 2 0 0 145 175 190 172
2108 4 2 0 0 175 145 190 437
2109 4 2 0 0 383 202 219 445
2110 4 2 0 0 333 190 372 448
2111 4 2 0 0 399 455 295 122
2112 4 2 0 0 216 207 426 327
2113 4 2 0 0 198 310 398 439
2114 4 2 0 0 310 283 439 444
2115 4 2 0 0 313 283 332 439
2116 4 2 0 0 383 202 436 219
2117 4 2 0 0 315 197 445 286
2118 4 2 0 0 228 185 449 465
2119 4 2 0 0 231 175 315 464
2120 4 2 0 0 315 467 445 175
2121 4 2 0 0 284 246 367 457
2122 4 2 0 0 450 344 451 457
2123 4 2 0 0 192 211 246 457
2124 4 2 0 0 282 37 443 457
2125 4 2 0 0 461 319 223 200
2126 4 2 0 0 222 67 450 457
2127 4 2 0 0 367 282 443 457
2128 4 2 0 0 53 442 54 304
2129 4 2 0 0 201 220 282 453
2130 4 2 0 0 50 441 113 227
2131 4 2 0 0 53 442 304 441
2132 4 2 0 0 185 221 449 157
2133 4 2 0 0 388 261 462 478
2134 4 2 0 0 209 199 236 459
2135 4 2 0 0 269 220 299 443
2136 4 2 0 0 220 269 284 443
2137 4 2 0 0 311 305 31 32
2138 4 2 0 0 299 34 291 137
2139 4 2 0 0 258 162 306 469
2140 4 2 0 0 191 76 355 483
2141 4 2 0 0 243 454 460 485
2142 4 2 0 0 4 186 355 483
2143 4 2 0 0 37 33 139 443
2144 4 2 0 0 131 474 360 132
2145 4 2 0 0 283 332 439 444
2146 4 2 0 0 332 283 425 444
2147 4 2 0 0 146 96 212 444
2148 4 2 0 0 96 146 160 444
2149 4 2 0 0 176 302 455 464
2150 4 2 0 0 453 445 455 464
2151 4 2 0 0 175 176 445 464
2152 4 2 0 0 256 231 315 464
2153 4 2 0 0 334 331 376 456
2154 4 2 0 0 423 333 448 454
2155 4 2 0 0 23 233 187 157
2156 4 2 0 0 288 258 306 469
2157 4 2 0 0 160 199 348 459
2158 4 2 0 0 412 190 448 228
2159 4 2 0 0 190 412 448 454
2160 4 2 0 0 202 172 219 445
2161 4 2 0 0 219 172 383 445
2162 4 2 0 0 140 385 45 43
2163 4 2 0 0 141 378 437 447
2164 4 2 0 0 160 198 199 459
2165 4 2 0 0 99 141 158 447
2166 4 2 0 0 158 469 99 447
2167 4 2 0 0 243 477 460 276
2168 4 2 0 0 459 444 160 198
2169 4 2 0 0 141 99 378 447
2170 4 2 0 0 199 198 236 459
2171 4 2 0 0 198 96 214 459
2172 4 2 0 0 185 161 187 449
2173 4 2 0 0 187 161 292 449
2174 4 2 0 0 378 173 437 467
2175 4 2 0 0 221 203 342 449
2176 4 2 0 0 203 221 294 449
2177 4 2 0 0 84 450 68 267
2178 4 2 0 0 157 23 221 449
2179 4 2 0 0 91 217 275 467
2180 4 2 0 0 145 378 437 467
2181 4 2 0 0 173 145 437 467
2182 4 2 0 0 284 192 166 246
2183 4 2 0 0 291 268 299 137
2184 4 2 0 0 251 273 410 38
2185 4 2 0 0 83 450 267 68
2186 4 2 0 0 7 345 19 318
2187 4 2 0 0 268 291 299 219
2188 4 2 0 0 343 67 344 450
2189 4 2 0 0 200 171 223 461
2190 4 2 0 0 68 67 343 450
2191 4 2 0 0 304 452 375 279
2192 4 2 0 0 271 204 286 463
2193 4 2 0 0 234 205 80 393
2194 4 2 0 0 453 307 63 256
2195 4 2 0 0 85 86 376 456
2196 4 2 0 0 80 85 331 456
2197 4 2 0 0 131 196 334 456
2198 4 2 0 0 440 196 456 77
2199 4 2 0 0 196 251 131 138
2200 4 2 0 0 251 196 410 138
2201 4 2 0 0 251 143 440 456
2202 4 2 0 0 474 299 443 132
2203 4 2 0 0 77 80 196 456
2204 4 2 0 0 190 352 437 454
2205 4 2 0 0 412 190 437 454
2206 4 2 0 0 411 455 295 399
2207 4 2 0 0 436 282 453 455
2208 4 2 0 0 190 412 437 465
2209 4 2 0 0 282 122 453 455
2210 4 2 0 0 122 282 411 455
2211 4 2 0 0 411 282 436 455
2212 4 2 0 0 383 411 436 455
2213 4 2 0 0 465 347 228 185
2214 4 2 0 0 145 190 437 465
2215 4 2 0 0 161 412 447 237
2216 4 2 0 0 222 33 438 474
2217 4 2 0 0 33 222 473 474
2218 4 2 0 0 85 80 440 456
2219 4 2 0 0 86 85 440 456
2220 4 2 0 0 185 161 180 233
2221 4 2 0 0 80 77 440 456
2222 4 2 0 0 143 86 440 456
2223 4 2 0 0 132 284 443 474
2224 4 2 0 0 211 450 451 457
2225 4 2 0 0 367 211 451 457
2226 4 2 0 0 306 162 355 469
2227 4 2 0 0 102 144 479 486
2228 4 2 0 0 423 409 468 159
2229 4 2 0 0 303 159 382 478
2230 4 2 0 0 159 409 468 478
2231 4 2 0 0 254 159 303 478
2232 4 2 0 0 142 232 238 480
2233 4 2 0 0 261 460 468 476
2234 4 2 0 0 277 144 479 480
2235 4 2 0 0 276 352 362 460
2236 4 2 0 0 362 352 452 460
2237 4 2 0 0 276 243 352 460
2238 4 2 0 0 292 161 466 469
2239 4 2 0 0 288 292 466 469
2240 4 2 0 0 460 352 454 243
2241 4 2 0 0 352 333 452 460
2242 4 2 0 0 191 162 258 469
2243 4 2 0 0 76 191 355 469
2244 4 2 0 0 326 285 429 461
2245 4 2 0 0 319 326 429 461
2246 4 2 0 0 142 168 104 95
2247 4 2 0 0 168 151 215 471
2248 4 2 0 0 285 326 413 461
2249 4 2 0 0 101 170 171 461
2250 4 2 0 0 109 442 112 462
2251 4 2 0 0 195 172 202 463
2252 4 2 0 0 202 172 445 463
2253 4 2 0 0 186 129 355 487
2254 4 2 0 0 468 144 484 485
2255 4 2 0 0 333 452 460 468
2256 4 2 0 0 159 485 144 468
2257 4 2 0 0 466 195 161 187
2258 4 2 0 0 117 372 336 432
2259 4 2 0 0 190 172 330 465
2260 4 2 0 0 347 465 190 330
2261 4 2 0 0 330 180 465 172
2262 4 2 0 0 238 199 168 287
2263 4 2 0 0 145 161 447 99
2264 4 2 0 0 313 58 59 359
2265 4 2 0 0 161 180 195 465
2266 4 2 0 0 145 161 195 465
2267 4 2 0 0 180 195 233 161
2268 4 2 0 0 161 185 180 465
2269 4 2 0 0 180 172 195 465
2270 4 2 0 0 172 145 195 465
2271 4 2 0 0 378 463 99 217
2272 4 2 0 0 145 463 378 467
2273 4 2 0 0 99 463 145 271
2274 4 2 0 0 217 463 99 271
2275 4 2 0 0 300 275 315 467
2276 4 2 0 0 173 300 467 149
2277 4 2 0 0 217 91 378 467
2278 4 2 0 0 378 463 217 467
2279 4 2 0 0 149 91 275 467
2280 4 2 0 0 149 275 300 467
2281 4 2 0 0 98 158 323 483
2282 4 2 0 0 409 261 452 468
2283 4 2 0 0 452 261 460 468
2284 4 2 0 0 35 360 473 222
2285 4 2 0 0 161 237 447 469
2286 4 2 0 0 99 161 447 469
2287 4 2 0 0 158 469 447 237
2288 4 2 0 0 157 187 23 185
2289 4 2 0 0 360 131 376 473
2290 4 2 0 0 188 396 461 470
2291 4 2 0 0 320 223 338 470
2292 4 2 0 0 316 320 338 470
2293 4 2 0 0 277 101 285 471
2294 4 2 0 0 151 164 285 471
2295 4 2 0 0 164 151 177 471
2296 4 2 0 0 327 277 200 325
2297 4 2 0 0 177 238 257 471
2298 4 2 0 0 328 276 477 481
2299 4 2 0 0 378 149 173 91
2300 4 2 0 0 86 222 376 35
2301 4 2 0 0 285 164 382 471
2302 4 2 0 0 277 285 382 471
2303 4 2 0 0 147 168 142 95
2304 4 2 0 0 101 142 147 471
2305 4 2 0 0 469 158 99 191
2306 4 2 0 0 161 466 469 472
2307 4 2 0 0 145 99 271 472
2308 4 2 0 0 99 145 161 472
2309 4 2 0 0 466 195 472 161
2310 4 2 0 0 78 377 196 77
2311 4 2 0 0 191 99 469 472
2312 4 2 0 0 92 169 204 472
2313 4 2 0 0 3 92 271 472
2314 4 2 0 0 92 3 169 472
2315 4 2 0 0 204 169 218 472
2316 4 2 0 0 156 3 271 472
2317 4 2 0 0 191 156 271 472
2318 4 2 0 0 99 191 271 472
2319 4 2 0 0 141 98 158 475
2320 4 2 0 0 257 261 388 478
2321 4 2 0 0 303 382 388 478
2322 4 2 0 0 382 159 476 478
2323 4 2 0 0 144 159 468 476
2324 4 2 0 0 83 450 68 341
2325 4 2 0 0 243 460 484 485
2326 4 2 0 0 477 102 484 144
2327 4 2 0 0 159 485 468 342
2328 4 2 0 0 454 243 458 485
2329 4 2 0 0 159 144 382 476
2330 4 2 0 0 257 238 287 477
2331 4 2 0 0 261 460 476 477
2332 4 2 0 0 261 362 460 477
2333 4 2 0 0 261 287 362 477
2334 4 2 0 0 257 261 476 477
2335 4 2 0 0 261 257 287 477
2336 4 2 0 0 254 247 409 478
2337 4 2 0 0 247 254 303 478
2338 4 2 0 0 454 342 468 485
2339 4 2 0 0 277 142 471 480
2340 4 2 0 0 142 238 471 480
2341 4 2 0 0 144 102 479 480
2342 4 2 0 0 144 476 477 480
2343 4 2 0 0 100 142 277 480
2344 4 2 0 0 232 477 328 238
2345 4 2 0 0 232 477 480 328
2346 4 2 0 0 328 102 477 480
2347 4 2 0 0 102 144 477 480
2348 4 2 0 0 232 210 479 480
2349 4 2 0 0 210 100 479 480
2350 4 2 0 0 102 232 479 480
2351 4 2 0 0 142 100 210 480
2352 4 2 0 0 232 102 328 480
2353 4 2 0 0 207 249 327 488
2354 4 2 0 0 158 237 323 483
2355 4 2 0 0 323 237 355 483
2356 4 2 0 0 347 465 228 190
2357 4 2 0 0 487 355 323 488
2358 4 2 0 0 102 482 484 486
2359 4 2 0 0 325 294 488 203
2360 4 2 0 0 129 207 355 488
2361 4 2 0 0 481 102 482 484
2362 4 2 0 0 213 481 482 484
2363 4 2 0 0 429 413 208 285
2364 4 2 0 0 237 482 323 486
2365 4 2 0 0 109 478 247 388
2366 4 2 0 0 229 207 327 488
2367 4 2 0 0 237 482 486 458
2368 4 2 0 0 458 237 485 486
2369 4 2 0 0 482 485 458 484
2370 4 2 0 0 488 249 174 487
2371 4 2 0 0 203 237 294 488
2372 4 2 0 0 237 485 486 488
2373 4 2 0 0 325 229 327 488
2374 4 2 0 0 488 277 327 325
2375 4 2 0 0 277 203 325 488
2376 4 2 0 0 277 488 327 174
2377 4 2 0 0 144 174 486 488
2378 4 2 0 0 144 203 277 488
2379 4 2 0 0 174 144 277 488
2380 4 2 0 0 203 144 485 488
2381 4 2 0 0 485 144 486 488
2382 4 2 0 0 323 486 487 488
2383 4 2 0 0 486 174 487 488
2384 4 2 0 0 174 144 486 479
$EndElements
